This is LuaHBTeX, Version 1.17.0 (TeX Live 2023/Debian)  (format=lualatex 2025.6.6)  28 JUN 2025 18:03
 restricted system commands enabled.
**refman.tex
(./refman.tex
LaTeX2e <2023-11-01> patch level 1
L3 programming layer <2024-01-22>
Lua module: luaotfload 2023-08-31 3.26 Lua based OpenType font support
Lua module: lualibs 2023-07-13 2.76 ConTeXt Lua standard libraries.
Lua module: lualibs-extended 2023-07-13 2.76 ConTeXt Lua libraries -- extended c
ollection.
luaotfload | conf : Root cache directory is "/home/yutadev/.texlive2023/texmf-va
r/luatex-cache/generic/names".
luaotfload | init : Loading fontloader "fontloader-2023-08-19.lua" from kpse-res
olved path "/usr/share/texlive/texmf-dist/tex/luatex/luaotfload/fontloader-2023-
08-19.lua".
Lua-only attribute luaotfload@noligature = 1
luaotfload | init : Context OpenType loader version 3.133
Inserting `luaotfload.node_processor' in `pre_linebreak_filter'.
Inserting `luaotfload.node_processor' in `hpack_filter'.
Inserting `luaotfload.glyph_stream' in `glyph_stream_provider'.
Inserting `luaotfload.define_font' in `define_font'.
Lua-only attribute luaotfload_color_attribute = 2
luaotfload | conf : Root cache directory is "/home/yutadev/.texlive2023/texmf-va
r/luatex-cache/generic/names".
Inserting `luaotfload.harf.strip_prefix' in `find_opentype_file'.
Inserting `luaotfload.harf.strip_prefix' in `find_truetype_file'.
Removing  `luaotfload.glyph_stream' from `glyph_stream_provider'.
Inserting `luaotfload.harf.glyphstream' in `glyph_stream_provider'.
Inserting `luaotfload.harf.finalize_vlist' in `post_linebreak_filter'.
Inserting `luaotfload.harf.finalize_hlist' in `hpack_filter'.
Inserting `luaotfload.cleanup_files' in `wrapup_run'.
Inserting `luaotfload.harf.finalize_unicode' in `finish_pdffile'.
Inserting `luaotfload.glyphinfo' in `glyph_info'.
Lua-only attribute luaotfload.letterspace_done = 3
Inserting `luaotfload.aux.set_sscale_dimens' in `luaotfload.patch_font'.
Inserting `luaotfload.aux.set_font_index' in `luaotfload.patch_font'.
Inserting `luaotfload.aux.patch_cambria_domh' in `luaotfload.patch_font'.
Inserting `luaotfload.aux.fixup_fontdata' in `luaotfload.patch_font_unsafe'.
Inserting `luaotfload.aux.set_capheight' in `luaotfload.patch_font'.
Inserting `luaotfload.aux.set_xheight' in `luaotfload.patch_font'.
Inserting `luaotfload.rewrite_fontname' in `luaotfload.patch_font'.
Inserting `tracingstacklevels' in `input_level_string'. (/usr/share/texlive/tex
mf-dist/tex/latex/base/book.cls
Document Class: book 2023/05/17 v1.4n Standard LaTeX document class
(/usr/share/texlive/texmf-dist/tex/latex/base/bk10.clo
File: bk10.clo 2023/05/17 v1.4n Standard LaTeX file (size option)
luaotfload | db : Font names database loaded from /home/yutadev/.texlive2023/tex
mf-var/luatex-cache/generic/names/luaotfload-names.luc.gz)
\c@part=\count185
\c@chapter=\count186
\c@section=\count187
\c@subsection=\count188
\c@subsubsection=\count189
\c@paragraph=\count190
\c@subparagraph=\count191
\c@figure=\count192
\c@table=\count193
\abovecaptionskip=\skip48
\belowcaptionskip=\skip49
\bibindent=\dimen139
)
(/usr/share/texlive/texmf-dist/tex/luatex/luatexja/luatexja.sty
Package: luatexja 2023-12-30 Japanese Typesetting with Lua(La)TeX

(/usr/share/texlive/texmf-dist/tex/luatex/luatexja/luatexja-core.sty
Package: luatexja-core 2023-04-06 Core of LuaTeX-ja

(/usr/share/texlive/texmf-dist/tex/generic/infwarerr/infwarerr.sty
Package: infwarerr 2019/12/03 v1.5 Providing info/warning/error messages (HO)
)
(/usr/share/texlive/texmf-dist/tex/luatex/luatexbase/luatexbase.sty
Package: luatexbase 2015/10/04 v1.3 luatexbase interface to LuaTeX 

(/usr/share/texlive/texmf-dist/tex/luatex/ctablestack/ctablestack.sty
Package: ctablestack 2015/10/01 v1.0 Catcode table stable support
\@catcodetablestackcnt=\count194
)
\CatcodeTableOther=\catcodetable14
\CatcodeTableExpl=\catcodetable15
)
(/usr/share/texlive/texmf-dist/tex/generic/ltxcmds/ltxcmds.sty
Package: ltxcmds 2023-12-04 v1.26 LaTeX kernel commands for general use (HO)
)
(/usr/share/texlive/texmf-dist/tex/generic/pdftexcmds/pdftexcmds.sty
Package: pdftexcmds 2020-06-27 v0.33 Utility functions of pdfTeX for LuaTeX (HO
)

(/usr/share/texlive/texmf-dist/tex/generic/iftex/iftex.sty
Package: iftex 2022/02/03 v1.0f TeX engine tests
)
Package pdftexcmds Info: \pdf@primitive is available.
Package pdftexcmds Info: \pdf@ifprimitive is available.
Package pdftexcmds Info: \pdfdraftmode found.
\pdftexcmds@toks=\toks17
)
(/usr/share/texlive/texmf-dist/tex/latex/xkeyval/xkeyval.sty
Package: xkeyval 2022/06/16 v2.9 package option processing (HA)

(/usr/share/texlive/texmf-dist/tex/generic/xkeyval/xkeyval.tex
(/usr/share/texlive/texmf-dist/tex/generic/xkeyval/xkvutils.tex
\XKV@toks=\toks18
\XKV@tempa@toks=\toks19

(/usr/share/texlive/texmf-dist/tex/generic/xkeyval/keyval.tex))
\XKV@depth=\count195
File: xkeyval.tex 2014/12/03 v2.7a key=value parser (HA)
))
(/usr/share/texlive/texmf-dist/tex/latex/etoolbox/etoolbox.sty
Package: etoolbox 2020/10/05 v2.5k e-TeX tools for LaTeX (JAW)
\etb@tempcnta=\count196
)
(/usr/share/texlive/texmf-dist/tex/latex/everyhook/everyhook.sty
(/usr/share/texlive/texmf-dist/tex/latex/svn-prov/svn-prov.sty
Package: svn-prov 2010/04/24 v3.1862 Package Date/Version from SVN Keywords
)
Package: everyhook 2014/11/26 v1.2 (SVN Rev: 12)\ Hooks for low level TeX every
X primitives.
\everypar=\toks20
\frozen@everymath=\toks21
\frozen@everydisplay=\toks22
\everyhbox=\toks23
\everyvbox=\toks24
\everycr=\toks25
)
\ltjlineendcomment=\count197
\ltj@dimen@zw=\dimen140
\ltj@dimen@zh=\dimen141
\ltj@dimen@jQ=\dimen142
\ltj@icflag=\attribute4
\ltj@curjfnt=\attribute5
\ltj@curtfnt=\attribute6
\ltj@charclass=\attribute7
\ltj@charcode=\attribute8
\ltj@autospc=\attribute9
\ltj@autoxspc=\attribute10
\ltj@yablshift=\attribute11
\ltj@ykblshift=\attribute12
\ltj@tablshift=\attribute13
\ltj@tkblshift=\attribute14
\jfam=\attribute15
\ltj@vert@ori=\attribute16
\ltj@dir=\attribute17
\ltj@@japanese=\language2
\ltj@tempcnta=\count198
\ltj@tempdima=\dimen143
\ltj@@stack=\count199
\ltj@@group@level=\count266
\ltj@kcat0=\attribute18
\ltj@kcat1=\attribute19
\ltj@kcat2=\attribute20
\ltj@kcat3=\attribute21
\ltj@kcat4=\attribute22
\ltj@kcat5=\attribute23
\ltj@kcat6=\attribute24
Custom whatsit inhibitglue = 1
Custom whatsit stack_marker = 2
Custom whatsit begin_par = 3
Custom whatsit direction = 4
Custom whatsit box_boundary = 5
Custom whatsit ja_al_boundary = 6(load cache: ltj-cid-auto-adobe-japan1.luc)
Lua module: luatexja.charrange 2022-08-19 Handling the range of Japanese charact
ers
Lua module: luatexja.stack 2022-08-20 LuaTeX-ja stack system
Inserting `ltj.create_dir_whatsit' in `hpack_filter'.
Inserting `ltj.create_dir_whatsit' in `post_linebreak_filter'.
Inserting `ltj.direction' in `vpack_filter'.
Inserting `ltj.direction' in `pre_output_filter'.
Inserting `ltj.lineskip' in `post_linebreak_filter'.
Inserting `ltj.lineskip' in `append_to_vlist_filter'.
Lua module: luatexja.jfont 2023-04-06 Loader for Japanese fonts
Removing  `luaotfload.define_font' from `define_font'.
Inserting `luatexja.font_callback' in `define_font'.
Removing  `luaotfload.aux.set_sscale_dimens' from `luaotfload.patch_font'.
Removing  `luaotfload.aux.set_font_index' from `luaotfload.patch_font'.
Removing  `luaotfload.aux.patch_cambria_domh' from `luaotfload.patch_font'.
Removing  `luaotfload.aux.set_capheight' from `luaotfload.patch_font'.
Removing  `luaotfload.aux.set_xheight' from `luaotfload.patch_font'.
Removing  `luaotfload.rewrite_fontname' from `luaotfload.patch_font'.
Inserting `ltj.prepare_extra_data' in `luaotfload.patch_font'.
Inserting `luaotfload.aux.set_sscale_dimens' in `luaotfload.patch_font'.
Inserting `luaotfload.aux.set_font_index' in `luaotfload.patch_font'.
Inserting `luaotfload.aux.patch_cambria_domh' in `luaotfload.patch_font'.
Inserting `luaotfload.aux.set_capheight' in `luaotfload.patch_font'.
Inserting `luaotfload.aux.set_xheight' in `luaotfload.patch_font'.
Inserting `luaotfload.rewrite_fontname' in `luaotfload.patch_font'.
Inserting `ltj.prepare_extra_data' in `luatexja.define_font'.(load cache: extra_
lmroman10-regular.luc)
Inserting `ltj.get_vert_form' in `luatexja.define_jfont'.
Removing  `ltj.prepare_extra_data' from `luaotfload.patch_font'.
Removing  `luaotfload.aux.set_sscale_dimens' from `luaotfload.patch_font'.
Removing  `luaotfload.aux.set_font_index' from `luaotfload.patch_font'.
Removing  `luaotfload.aux.patch_cambria_domh' from `luaotfload.patch_font'.
Removing  `luaotfload.aux.set_capheight' from `luaotfload.patch_font'.
Removing  `luaotfload.aux.set_xheight' from `luaotfload.patch_font'.
Removing  `luaotfload.rewrite_fontname' from `luaotfload.patch_font'.
Inserting `ltj.supply_tounicode' in `luaotfload.patch_font'.
Inserting `ltj.prepare_extra_data' in `luaotfload.patch_font'.
Inserting `luaotfload.aux.set_sscale_dimens' in `luaotfload.patch_font'.
Inserting `luaotfload.aux.set_font_index' in `luaotfload.patch_font'.
Inserting `luaotfload.aux.patch_cambria_domh' in `luaotfload.patch_font'.
Inserting `luaotfload.aux.set_capheight' in `luaotfload.patch_font'.
Inserting `luaotfload.aux.set_xheight' in `luaotfload.patch_font'.
Inserting `luaotfload.rewrite_fontname' in `luaotfload.patch_font'.
Inserting `ltj.process_input_buffer' in `process_input_buffer'.
Inserting `ltj.hyphenate' in `hyphenate'.
Removing  `luaotfload.node_processor' from `hpack_filter'.
Removing  `luaotfload.harf.finalize_hlist' from `hpack_filter'.
Removing  `ltj.create_dir_whatsit' from `hpack_filter'.
Inserting `ltj.set_stack_level' in `hpack_filter'.
Inserting `luaotfload.node_processor' in `hpack_filter'.
Inserting `luaotfload.harf.finalize_hlist' in `hpack_filter'.
Inserting `ltj.create_dir_whatsit' in `hpack_filter'.
Removing  `luaotfload.node_processor' from `pre_linebreak_filter'.
Inserting `ltj.set_stack_level' in `pre_linebreak_filter'.
Inserting `luaotfload.node_processor' in `pre_linebreak_filter'.
Lua module: luatexja.jfmglue 2022-08-29 Insertion process of JFM glues, [x]kanji
skip and others
Inserting `luatexja.beginpar.np_info' in `luatexja.jfmglue.whatsit_getinfo'.
Inserting `luatexja.beginpar.np_info_after' in `luatexja.jfmglue.whatsit_after'.
Inserting `ltj.mlist_to_hlist_pre' in `pre_mlist_to_hlist_filter'.
Inserting `ltj.main' in `pre_linebreak_filter'.
Removing  `luaotfload.harf.finalize_hlist' from `hpack_filter'.
Removing  `ltj.create_dir_whatsit' from `hpack_filter'.
Inserting `ltj.main' in `hpack_filter'.
Inserting `luaotfload.harf.finalize_hlist' in `hpack_filter'.
Inserting `ltj.create_dir_whatsit' in `hpack_filter'.
Removing  `ltj.set_stack_level' from `pre_linebreak_filter'.
Removing  `luaotfload.node_processor' from `pre_linebreak_filter'.
Removing  `ltj.main' from `pre_linebreak_filter'.
Inserting `ltj.adjust_icflag' in `pre_linebreak_filter'.
Inserting `ltj.set_stack_level' in `pre_linebreak_filter'.
Inserting `luaotfload.node_processor' in `pre_linebreak_filter'.
Inserting `ltj.main' in `pre_linebreak_filter'.
Removing  `ltj.set_stack_level' from `hpack_filter'.
Removing  `luaotfload.node_processor' from `hpack_filter'.
Removing  `ltj.main' from `hpack_filter'.
Removing  `luaotfload.harf.finalize_hlist' from `hpack_filter'.
Removing  `ltj.create_dir_whatsit' from `hpack_filter'.
Inserting `ltj.adjust_icflag' in `hpack_filter'.
Inserting `ltj.set_stack_level' in `hpack_filter'.
Inserting `luaotfload.node_processor' in `hpack_filter'.
Inserting `ltj.main' in `hpack_filter'.
Inserting `luaotfload.harf.finalize_hlist' in `hpack_filter'.
Inserting `ltj.create_dir_whatsit' in `hpack_filter'.
(/usr/share/texlive/texmf-dist/tex/luatex/luatexja/ltj-base.sty
Package: ltj-base 2021-03-16
\ltj@tempcntb=\count267
\ltj@tempcntc=\count268
\ltj@afbox=\box51
)
\ltj@@italic@inner=\luafunction25
\ltj@@start@time@measure@inner=\luafunction26
\ltj@@stop@time@measure@inner=\luafunction27
\ltj@@jfont@inner=\luafunction28
\ltj@zw@inner=\luafunction29
\ltj@zh@inner=\luafunction30
\ltj@reset@globaldefs@inner=\luafunction31
\ltj@restore@globaldefs@inner=\luafunction32
\ltj@@disihb@inner=\luafunction33
\ltj@@ihb@inner=\luafunction34
\ltj@@fakeparbegin@inner=\luafunction35
\ltj@@fakeboxbdd@inner=\luafunction36
\ltj@@ins@xk@inner=\luafunction37
\ltj@@ins@k@inner=\luafunction38
\ltjsetkanjiskip@inner=\luafunction39
\ltjsetxkanjiskip@inner=\luafunction40
\ltj@@getparam@one@inner=\luafunction41
\ltj@alljachar@inner=\luafunction42
\ltj@@lua@populate@insertwhatsit@inner=\luafunction43
\ltj@@vadjust@begin@inner=\luafunction44
\ltj@@vadjust@dirhook@inner=\luafunction45
\ltj@@vadjust@check@dir@inner=\luafunction46
\ltj@@box@dirhook@inner=\luafunction47
\ltj@@reset@badness@inner=\luafunction48
\ltj@@lua@raisebox@inner=\luafunction49
\ltj@@vsplit@inner=\luafunction50
\ltj@@lua@unboxcheckdir@inner=\luafunction51
\ltj@@lua@uncopycheckdir@inner=\luafunction52
\ltj@@lua@uncopy@restore@whatsit@inner=\luafunction53
(load cache: ltj-kinsoku_default.luc)
(/usr/share/texlive/texmf-dist/tex/luatex/luatexja/ltj-latex.sty
Package: ltj-latex 2022-10-15 LaTeX support of LuaTeX-ja
Inserting `ltj.direction' in `pre_shipout_filter'.
(/usr/share/texlive/texmf-dist/tex/luatex/luatexja/patches/lltjfont.sty
Package: lltjfont 2023-04-13 Patch to NFSS2 for LuaTeX-ja
\ltj@@latex@plv=\count269

(/usr/share/texlive/texmf-dist/tex/latex/base/tuenc.def
File: tuenc.def 2021/04/29 v2.0v Standard LaTeX file
\@remove@tlig@@@=\luafunction54
LaTeX Font Info:    Redeclaring font encoding TU on input line 105.
)
\Cht=\dimen144
\cht=\dimen145
\Cdp=\dimen146
\cdp=\dimen147
\Cwd=\dimen148
\cwd=\dimen149
\Cvs=\dimen150
\cvs=\dimen151
\Chs=\dimen152
\chs=\dimen153
\cHT=\dimen154
\dstrutbox=\box52
\tstrutbox=\box53
\zstrutbox=\box54
LaTeX Info: Redefining \strut on input line 91.
\ltj@@add@fenc@@inner=\luafunction55
\ltj@@add@kyenc@@inner=\luafunction56
\ltj@@add@ktenc@@inner=\luafunction57
\ltj@@is@kyenc@@inner=\luafunction58
\ltj@@is@ktenc@@inner=\luafunction59
\ltj@@is@kenc@@inner=\luafunction60
\ltj@@is@ffam@@inner=\luafunction61
\ltj@@add@ffam@@inner=\luafunction62
\ltj@@add@kfam@@inner=\luafunction63
\ltj@@adjust@baseline@inner=\luafunction64
LaTeX Info: Redefining \fontencoding on input line 646.
LaTeX Info: Redefining \fontfamily on input line 689.
LaTeX Info: Redefining \fontseries on input line 923.
LaTeX Info: Redefining \fontseriesforce on input line 924.
LaTeX Info: Redefining \fontshape on input line 944.
LaTeX Info: Redefining \fontshapeforce on input line 955.
\ltj@@jfont@@jfmonly@@inner=\luafunction65
\ltj@@does@alt@set@@inner=\luafunction66
\ltj@@cipath@clear@inner=\luafunction67
)
(/usr/share/texlive/texmf-dist/tex/luatex/luatexja/patches/lltjdefs.sty
Package: lltjdefs 2022-01-23 Default font settings of LuaTeX-ja
LaTeX Font Info:    Font shape `JT3/mc/m/n' will be
(Font)              scaled to size 9.6222pt on input line 79.

(/usr/share/texlive/texmf-dist/tex/luatex/luatexja/jfm-ujisv.lua)
LaTeX Font Info:    Font shape `JY3/mc/m/n' will be
(Font)              scaled to size 9.6222pt on input line 79.
(load cache: extra_haranoajimincho-regular.luc)
(/usr/share/texlive/texmf-dist/tex/luatex/luatexja/jfm-ujis.lua)
\symmincho=\mathgroup4
LaTeX Font Info:    Overwriting symbol font `mincho' in version `bold'
(Font)                  JY3/mc/m/n --> JY3/gt/m/n on input line 88.
)
(/usr/share/texlive/texmf-dist/tex/luatex/luatexja/patches/lltjcore.sty
Package: lltjcore 2023-02-26 Patch to LaTeX2e Kernel for LuaTeX-ja

(/usr/share/texlive/texmf-dist/tex/latex/l3kernel/expl3.sty
Package: expl3 2024-01-22 L3 programming layer (loader) 

(/usr/share/texlive/texmf-dist/tex/latex/l3backend/l3backend-luatex.def
File: l3backend-luatex.def 2024-01-04 L3 backend support: PDF output (LuaTeX)
\l__color_backend_stack_int=\count270
Inserting `l3color' in `luaotfload.parse_color'.
\l__pdf_internal_box=\box55
))
\@tombowwidth=\dimen155
\@TL=\box56
\@Tl=\box57
\@TC=\box58
\@TR=\box59
\@Tr=\box60
\@BL=\box61
\@Bl=\box62
\@BC=\box63
\@BR=\box64
\@Br=\box65
\@CL=\box66
\@CR=\box67
(load cache: extra_lmmono9-regular.luc)
\@bannertoken=\toks26
\@@paperheight=\dimen156
\@@paperwidth=\dimen157
\@@topmargin=\dimen158
LaTeX Info: Redefining \underline on input line 280.
)
(/usr/share/texlive/texmf-dist/tex/luatex/luatexja/patches/lltjp-atbegshi.sty
Package: lltjp-atbegshi 2022-08-12 Patching \shipout hooks for LuaTeX-ja
\l__platex_shipout_dummy_box=\box68
)
(/usr/share/texlive/texmf-dist/tex/luatex/luatexja/patches/lltjp-geometry.sty
Package: lltjp-geometry 2021-10-24 Patch to geometry for LuaTeX-ja with vertica
l writing mode

(/usr/share/texlive/texmf-dist/tex/generic/iftex/ifluatex.sty
Package: ifluatex 2019/10/25 v1.5 ifluatex legacy package. Use iftex instead.
)))
\ltj@temp@cctb=\catcodetable16
)
(/usr/share/texlive/texmf-dist/tex/luatex/luatexja/luatexja-compat.sty
Package: luatexja-compat 2020-08-08 Compatibility with pTeX
(load cache: ltj-jisx0208.luc)
\hour=\count271
\minute=\count272
))
(/usr/share/texlive/texmf-dist/tex/latex/base/ifthen.sty
Package: ifthen 2022/04/13 v1.1d Standard LaTeX ifthen package (DPC)
)
(/usr/share/texlive/texmf-dist/tex/latex/tools/array.sty
Rollback for package 'array' requested -> date 2016-10-06.
         Best approximation is the release introduced on 2016-10-06.

(/usr/share/texlive/texmf-dist/tex/latex/tools/array-2016-10-06.sty
Package: array 2016/10/06 v2.4d Tabular extension package (FMi)
\col@sep=\dimen159
\extrarowheight=\dimen160
\NC@list=\toks27
\extratabsurround=\skip50
\backup@length=\skip51
))
(./doxygen.sty
Package: doxygen 
 (/usr/share/texlive/texmf-dist/tex/latex/base/alltt.sty
Package: alltt 2021/01/29 v2.0g defines alltt environment
)
(/usr/share/texlive/texmf-dist/tex/latex/tools/calc.sty
Package: calc 2023/07/08 v4.3 Infix arithmetic (KKT,FJ)
\calc@Acount=\count273
\calc@Bcount=\count274
\calc@Adimen=\dimen161
\calc@Bdimen=\dimen162
\calc@Askip=\skip52
\calc@Bskip=\skip53
LaTeX Info: Redefining \setlength on input line 80.
LaTeX Info: Redefining \addtolength on input line 81.
\calc@Ccount=\count275
\calc@Cskip=\skip54
)
(/usr/share/texlive/texmf-dist/tex/latex/float/float.sty
Package: float 2001/11/08 v1.3d Float enhancements (AL)
\c@float@type=\count276
\float@exts=\toks28
\float@box=\box69
\@float@everytoks=\toks29
\@floatcapt=\box70
)
(/usr/share/texlive/texmf-dist/tex/latex/tools/verbatim.sty
Package: verbatim 2023-11-06 v1.5v LaTeX2e package for verbatim enhancements
\every@verbatim=\toks30
\verbatim@line=\toks31
\verbatim@in@stream=\read2
)
(/usr/share/texlive/texmf-dist/tex/latex/xcolor/xcolor.sty
Package: xcolor 2023/11/15 v3.01 LaTeX color extensions (UK)

(/usr/share/texlive/texmf-dist/tex/latex/graphics-cfg/color.cfg
File: color.cfg 2016/01/02 v1.6 sample color configuration
)
Package xcolor Info: Driver file: luatex.def on input line 274.

(/usr/share/texlive/texmf-dist/tex/latex/graphics-def/luatex.def
File: luatex.def 2022/09/22 v1.2d Graphics/color driver for luatex
)
(/usr/share/texlive/texmf-dist/tex/latex/graphics/mathcolor.ltx)
Package xcolor Info: Model `cmy' substituted by `cmy0' on input line 1350.
Package xcolor Info: Model `hsb' substituted by `rgb' on input line 1354.
Package xcolor Info: Model `RGB' extended on input line 1366.
Package xcolor Info: Model `HTML' substituted by `rgb' on input line 1368.
Package xcolor Info: Model `Hsb' substituted by `hsb' on input line 1369.
Package xcolor Info: Model `tHsb' substituted by `hsb' on input line 1370.
Package xcolor Info: Model `HSB' substituted by `hsb' on input line 1371.
Package xcolor Info: Model `Gray' substituted by `gray' on input line 1372.
Package xcolor Info: Model `wave' substituted by `hsb' on input line 1373.
)
(/usr/share/texlive/texmf-dist/tex/latex/colortbl/colortbl.sty
Package: colortbl 2022/06/20 v1.0f Color table columns (DPC)
\everycr=\toks32
\minrowclearance=\skip55
\rownum=\count277
)
(./longtable_doxygen.sty
Package: longtable_doxygen 2014/10/28 v4.11 Multi-page Table package (DPC) - fr
ozen version for doxygen
\LTleft=\skip56
\LTright=\skip57
\LTpre=\skip58
\LTpost=\skip59
\LTchunksize=\count278
\LTcapwidth=\dimen163
\LT@head=\box71
\LT@firsthead=\box72
\LT@foot=\box73
\LT@lastfoot=\box74
\LT@cols=\count279
\LT@rows=\count280
\c@LT@tables=\count281
\c@LT@chunks=\count282
\LT@p@ftn=\toks33
) (./tabu_doxygen.sty
Package: tabu_doxygen 2011/02/26 v2.8 - flexible LaTeX tabulars (FC), frozen ve
rsion for doxygen

(/usr/share/texlive/texmf-dist/tex/latex/varwidth/varwidth.sty
Package: varwidth 2009/03/30 ver 0.92;  Variable-width minipages
\@vwid@box=\box75
\sift@deathcycles=\count283
\@vwid@loff=\dimen164
\@vwid@roff=\dimen165
)
\c@taburow=\count284
\tabu@nbcols=\count285
\tabu@cnt=\count286
\tabu@Xcol=\count287
\tabu@alloc=\count288
\tabu@nested=\count289
\tabu@target=\dimen166
\tabu@spreadtarget=\dimen167
\tabu@naturalX=\dimen168
\tabucolX=\dimen169
\tabu@Xsum=\dimen170
\extrarowdepth=\dimen171
\abovetabulinesep=\dimen172
\belowtabulinesep=\dimen173
\tabustrutrule=\dimen174
\tabu@thebody=\toks34
\tabu@footnotes=\toks35
\tabu@box=\box76
\tabu@arstrutbox=\box77
\tabu@hleads=\box78
\tabu@vleads=\box79
\tabu@cellskip=\skip60
)
(/usr/share/texlive/texmf-dist/tex/latex/fancyvrb/fancyvrb.sty
Package: fancyvrb 2024/01/20 4.5c verbatim text (tvz,hv)
\FV@CodeLineNo=\count290
\FV@InFile=\read3
\FV@TabBox=\box80
\c@FancyVerbLine=\count291
\FV@StepNumber=\count292
\FV@OutFile=\write3
)
(/usr/share/texlive/texmf-dist/tex/latex/tools/tabularx.sty
Package: tabularx 2023/07/08 v2.11c `tabularx' package (DPC)
\TX@col@width=\dimen175
\TX@old@table=\dimen176
\TX@old@col=\dimen177
\TX@target=\dimen178
\TX@delta=\dimen179
\TX@cols=\count293
\TX@ftn=\toks36
)
(/usr/share/texlive/texmf-dist/tex/latex/tools/multicol.sty
Package: multicol 2023/03/30 v1.9f multicolumn formatting (FMi)
\c@tracingmulticols=\count294
\mult@box=\box81
\multicol@leftmargin=\dimen180
\c@unbalance=\count295
\c@collectmore=\count296
\doublecol@number=\count297
\multicoltolerance=\count298
\multicolpretolerance=\count299
\full@width=\dimen181
\page@free=\dimen182
\premulticols=\dimen183
\postmulticols=\dimen184
\multicolsep=\skip61
\multicolbaselineskip=\skip62
\partial@page=\box82
\last@line=\box83
\mc@boxedresult=\box84
\maxbalancingoverflow=\dimen185
\mult@rightbox=\box85
\mult@grightbox=\box86
\mult@firstbox=\box87
\mult@gfirstbox=\box88
\@tempa=\box89
\@tempa=\box90
\@tempa=\box91
\@tempa=\box92
\@tempa=\box93
\@tempa=\box94
\@tempa=\box95
\@tempa=\box96
\@tempa=\box97
\@tempa=\box98
\@tempa=\box99
\@tempa=\box100
\@tempa=\box101
\@tempa=\box102
\@tempa=\box103
\@tempa=\box104
\@tempa=\box105
\@tempa=\box106
\@tempa=\box107
\@tempa=\box108
\@tempa=\box109
\@tempa=\box110
\@tempa=\box111
\@tempa=\box112
\@tempa=\box113
\@tempa=\box114
\@tempa=\box115
\@tempa=\box116
\@tempa=\box117
\@tempa=\box118
\@tempa=\box119
\@tempa=\box120
\@tempa=\box121
\@tempa=\box122
\@tempa=\box123
\@tempa=\box124
\c@minrows=\count300
\c@columnbadness=\count301
\c@finalcolumnbadness=\count302
\last@try=\dimen186
\multicolovershoot=\dimen187
\multicolundershoot=\dimen188
\mult@nat@firstbox=\box125
\colbreak@box=\box126
\mc@col@check@num=\count303
)
(/usr/share/texlive/texmf-dist/tex/latex/multirow/multirow.sty
Package: multirow 2021/03/15 v2.8 Span multiple rows of a table
\multirow@colwidth=\skip63
\multirow@cntb=\count304
\multirow@dima=\skip64
\bigstrutjot=\dimen189
)
(/usr/share/texlive/texmf-dist/tex/latex/hanging/hanging.sty
Package: hanging 2009/09/02 v1.2b hanging paragraphs and punctuation
\h@ngcommawd=\skip65
\h@ngfstopwd=\skip66
\h@ngquotewd=\skip67
\h@ngdquotewd=\skip68
\h@ngquerywd=\skip69
\h@ngexclwd=\skip70
\h@ngcolonwd=\skip71
\h@ngscolonwd=\skip72
)
(/usr/share/texlive/texmf-dist/tex/generic/iftex/ifpdf.sty
Package: ifpdf 2019/10/25 v3.4 ifpdf legacy package. Use iftex instead.
)
(/usr/share/texlive/texmf-dist/tex/latex/adjustbox/adjustbox.sty
Package: adjustbox 2022/10/17 v1.3a Adjusting TeX boxes (trim, clip, ...)

(/usr/share/texlive/texmf-dist/tex/latex/adjustbox/adjcalc.sty
Package: adjcalc 2012/05/16 v1.1 Provides advanced setlength with multiple back
-ends (calc, etex, pgfmath)
)
(/usr/share/texlive/texmf-dist/tex/latex/adjustbox/trimclip.sty
Package: trimclip 2020/08/19 v1.2 Trim and clip general TeX material

(/usr/share/texlive/texmf-dist/tex/latex/graphics/graphicx.sty
Package: graphicx 2021/09/16 v1.2d Enhanced LaTeX Graphics (DPC,SPQR)

(/usr/share/texlive/texmf-dist/tex/latex/graphics/graphics.sty
Package: graphics 2022/03/10 v1.4e Standard LaTeX Graphics (DPC,SPQR)

(/usr/share/texlive/texmf-dist/tex/latex/graphics/trig.sty
Package: trig 2021/08/11 v1.11 sin cos tan (DPC)
)
(/usr/share/texlive/texmf-dist/tex/latex/graphics-cfg/graphics.cfg
File: graphics.cfg 2016/06/04 v1.11 sample graphics configuration
)
Package graphics Info: Driver file: luatex.def on input line 107.
)
\Gin@req@height=\dimen190
\Gin@req@width=\dimen191
)
(/usr/share/texlive/texmf-dist/tex/latex/collectbox/collectbox.sty
Package: collectbox 2022/10/17 v0.4c Collect macro arguments as boxes
\collectedbox=\box127
)
\tc@llx=\dimen192
\tc@lly=\dimen193
\tc@urx=\dimen194
\tc@ury=\dimen195

(/usr/share/texlive/texmf-dist/tex/latex/adjustbox/tc-pgf.def
File: tc-pgf.def 2019/01/04 v2.2 trimclip fall-back clipping driver using PGF

(/usr/share/texlive/texmf-dist/tex/latex/pgf/basiclayer/pgf.sty
(/usr/share/texlive/texmf-dist/tex/latex/pgf/utilities/pgfrcs.sty
(/usr/share/texlive/texmf-dist/tex/generic/pgf/utilities/pgfutil-common.tex
\pgfutil@everybye=\toks37
\pgfutil@tempdima=\dimen196
\pgfutil@tempdimb=\dimen197
)
(/usr/share/texlive/texmf-dist/tex/generic/pgf/utilities/pgfutil-latex.def
\pgfutil@abb=\box128
)
(/usr/share/texlive/texmf-dist/tex/generic/pgf/utilities/pgfrcs.code.tex
(/usr/share/texlive/texmf-dist/tex/generic/pgf/pgf.revision.tex)
Package: pgfrcs 2023-01-15 v3.1.10 (3.1.10)
))
Package: pgf 2023-01-15 v3.1.10 (3.1.10)

(/usr/share/texlive/texmf-dist/tex/latex/pgf/basiclayer/pgfcore.sty
(/usr/share/texlive/texmf-dist/tex/latex/pgf/systemlayer/pgfsys.sty
(/usr/share/texlive/texmf-dist/tex/generic/pgf/systemlayer/pgfsys.code.tex
Package: pgfsys 2023-01-15 v3.1.10 (3.1.10)

(/usr/share/texlive/texmf-dist/tex/generic/pgf/utilities/pgfkeys.code.tex
\pgfkeys@pathtoks=\toks38
\pgfkeys@temptoks=\toks39

(/usr/share/texlive/texmf-dist/tex/generic/pgf/utilities/pgfkeyslibraryfiltered
.code.tex
\pgfkeys@tmptoks=\toks40
))
\pgf@x=\dimen198
\pgf@y=\dimen199
\pgf@xa=\dimen256
\pgf@ya=\dimen257
\pgf@xb=\dimen258
\pgf@yb=\dimen259
\pgf@xc=\dimen260
\pgf@yc=\dimen261
\pgf@xd=\dimen262
\pgf@yd=\dimen263
\w@pgf@writea=\write4
\r@pgf@reada=\read4
\c@pgf@counta=\count305
\c@pgf@countb=\count306
\c@pgf@countc=\count307
\c@pgf@countd=\count308
\t@pgf@toka=\toks41
\t@pgf@tokb=\toks42
\t@pgf@tokc=\toks43
\pgf@sys@id@count=\count309
 (/usr/share/texlive/texmf-dist/tex/generic/pgf/systemlayer/pgf.cfg
File: pgf.cfg 2023-01-15 v3.1.10 (3.1.10)
)
Driver file for pgf: pgfsys-luatex.def
(/usr/share/texlive/texmf-dist/tex/generic/pgf/systemlayer/pgfsys-luatex.def
File: pgfsys-luatex.def 2023-01-15 v3.1.10 (3.1.10)

(/usr/share/texlive/texmf-dist/tex/generic/pgf/systemlayer/pgfsys-common-pdf.de
f
File: pgfsys-common-pdf.def 2023-01-15 v3.1.10 (3.1.10)
)))
(/usr/share/texlive/texmf-dist/tex/generic/pgf/systemlayer/pgfsyssoftpath.code.
tex
File: pgfsyssoftpath.code.tex 2023-01-15 v3.1.10 (3.1.10)
\pgfsyssoftpath@smallbuffer@items=\count310
\pgfsyssoftpath@bigbuffer@items=\count311
)
(/usr/share/texlive/texmf-dist/tex/generic/pgf/systemlayer/pgfsysprotocol.code.
tex
File: pgfsysprotocol.code.tex 2023-01-15 v3.1.10 (3.1.10)
))
(/usr/share/texlive/texmf-dist/tex/generic/pgf/basiclayer/pgfcore.code.tex
Package: pgfcore 2023-01-15 v3.1.10 (3.1.10)

(/usr/share/texlive/texmf-dist/tex/generic/pgf/math/pgfmath.code.tex
(/usr/share/texlive/texmf-dist/tex/generic/pgf/math/pgfmathutil.code.tex)
(/usr/share/texlive/texmf-dist/tex/generic/pgf/math/pgfmathparser.code.tex
\pgfmath@dimen=\dimen264
\pgfmath@count=\count312
\pgfmath@box=\box129
\pgfmath@toks=\toks44
\pgfmath@stack@operand=\toks45
\pgfmath@stack@operation=\toks46
)
(/usr/share/texlive/texmf-dist/tex/generic/pgf/math/pgfmathfunctions.code.tex)
(/usr/share/texlive/texmf-dist/tex/generic/pgf/math/pgfmathfunctions.basic.code
.tex)
(/usr/share/texlive/texmf-dist/tex/generic/pgf/math/pgfmathfunctions.trigonomet
ric.code.tex)
(/usr/share/texlive/texmf-dist/tex/generic/pgf/math/pgfmathfunctions.random.cod
e.tex)
(/usr/share/texlive/texmf-dist/tex/generic/pgf/math/pgfmathfunctions.comparison
.code.tex)
(/usr/share/texlive/texmf-dist/tex/generic/pgf/math/pgfmathfunctions.base.code.
tex)
(/usr/share/texlive/texmf-dist/tex/generic/pgf/math/pgfmathfunctions.round.code
.tex)
(/usr/share/texlive/texmf-dist/tex/generic/pgf/math/pgfmathfunctions.misc.code.
tex)
(/usr/share/texlive/texmf-dist/tex/generic/pgf/math/pgfmathfunctions.integerari
thmetics.code.tex)
(/usr/share/texlive/texmf-dist/tex/generic/pgf/math/pgfmathcalc.code.tex)
(/usr/share/texlive/texmf-dist/tex/generic/pgf/math/pgfmathfloat.code.tex
\c@pgfmathroundto@lastzeros=\count313
))
(/usr/share/texlive/texmf-dist/tex/generic/pgf/math/pgfint.code.tex)
(/usr/share/texlive/texmf-dist/tex/generic/pgf/basiclayer/pgfcorepoints.code.te
x
File: pgfcorepoints.code.tex 2023-01-15 v3.1.10 (3.1.10)
\pgf@picminx=\dimen265
\pgf@picmaxx=\dimen266
\pgf@picminy=\dimen267
\pgf@picmaxy=\dimen268
\pgf@pathminx=\dimen269
\pgf@pathmaxx=\dimen270
\pgf@pathminy=\dimen271
\pgf@pathmaxy=\dimen272
\pgf@xx=\dimen273
\pgf@xy=\dimen274
\pgf@yx=\dimen275
\pgf@yy=\dimen276
\pgf@zx=\dimen277
\pgf@zy=\dimen278
LaTeX Font Info:    Font shape `JY3/mc/m/n' will be
(Font)              scaled to size 9.6222pt on input line 926.
)
(/usr/share/texlive/texmf-dist/tex/generic/pgf/basiclayer/pgfcorepathconstruct.
code.tex
File: pgfcorepathconstruct.code.tex 2023-01-15 v3.1.10 (3.1.10)
\pgf@path@lastx=\dimen279
\pgf@path@lasty=\dimen280
)
(/usr/share/texlive/texmf-dist/tex/generic/pgf/basiclayer/pgfcorepathusage.code
.tex
File: pgfcorepathusage.code.tex 2023-01-15 v3.1.10 (3.1.10)
\pgf@shorten@end@additional=\dimen281
\pgf@shorten@start@additional=\dimen282
)
(/usr/share/texlive/texmf-dist/tex/generic/pgf/basiclayer/pgfcorescopes.code.te
x
File: pgfcorescopes.code.tex 2023-01-15 v3.1.10 (3.1.10)
\pgfpic=\box130
\pgf@hbox=\box131
\pgf@layerbox@main=\box132
\pgf@picture@serial@count=\count314
)
(/usr/share/texlive/texmf-dist/tex/generic/pgf/basiclayer/pgfcoregraphicstate.c
ode.tex
File: pgfcoregraphicstate.code.tex 2023-01-15 v3.1.10 (3.1.10)
\pgflinewidth=\dimen283
)
(/usr/share/texlive/texmf-dist/tex/generic/pgf/basiclayer/pgfcoretransformation
s.code.tex
File: pgfcoretransformations.code.tex 2023-01-15 v3.1.10 (3.1.10)
\pgf@pt@x=\dimen284
\pgf@pt@y=\dimen285
\pgf@pt@temp=\dimen286
)
(/usr/share/texlive/texmf-dist/tex/generic/pgf/basiclayer/pgfcorequick.code.tex
File: pgfcorequick.code.tex 2023-01-15 v3.1.10 (3.1.10)
)
(/usr/share/texlive/texmf-dist/tex/generic/pgf/basiclayer/pgfcoreobjects.code.t
ex
File: pgfcoreobjects.code.tex 2023-01-15 v3.1.10 (3.1.10)
)
(/usr/share/texlive/texmf-dist/tex/generic/pgf/basiclayer/pgfcorepathprocessing
.code.tex
File: pgfcorepathprocessing.code.tex 2023-01-15 v3.1.10 (3.1.10)
)
(/usr/share/texlive/texmf-dist/tex/generic/pgf/basiclayer/pgfcorearrows.code.te
x
File: pgfcorearrows.code.tex 2023-01-15 v3.1.10 (3.1.10)
\pgfarrowsep=\dimen287
)
(/usr/share/texlive/texmf-dist/tex/generic/pgf/basiclayer/pgfcoreshade.code.tex
File: pgfcoreshade.code.tex 2023-01-15 v3.1.10 (3.1.10)
\pgf@max=\dimen288
\pgf@sys@shading@range@num=\count315
\pgf@shadingcount=\count316
)
(/usr/share/texlive/texmf-dist/tex/generic/pgf/basiclayer/pgfcoreimage.code.tex
File: pgfcoreimage.code.tex 2023-01-15 v3.1.10 (3.1.10)
)
(/usr/share/texlive/texmf-dist/tex/generic/pgf/basiclayer/pgfcoreexternal.code.
tex
File: pgfcoreexternal.code.tex 2023-01-15 v3.1.10 (3.1.10)
\pgfexternal@startupbox=\box133
)
(/usr/share/texlive/texmf-dist/tex/generic/pgf/basiclayer/pgfcorelayers.code.te
x
File: pgfcorelayers.code.tex 2023-01-15 v3.1.10 (3.1.10)
)
(/usr/share/texlive/texmf-dist/tex/generic/pgf/basiclayer/pgfcoretransparency.c
ode.tex
File: pgfcoretransparency.code.tex 2023-01-15 v3.1.10 (3.1.10)
)
(/usr/share/texlive/texmf-dist/tex/generic/pgf/basiclayer/pgfcorepatterns.code.
tex
File: pgfcorepatterns.code.tex 2023-01-15 v3.1.10 (3.1.10)
)
(/usr/share/texlive/texmf-dist/tex/generic/pgf/basiclayer/pgfcorerdf.code.tex
File: pgfcorerdf.code.tex 2023-01-15 v3.1.10 (3.1.10)
)))
(/usr/share/texlive/texmf-dist/tex/generic/pgf/modules/pgfmoduleshapes.code.tex
File: pgfmoduleshapes.code.tex 2023-01-15 v3.1.10 (3.1.10)
\pgfnodeparttextbox=\box134
) (/usr/share/texlive/texmf-dist/tex/generic/pgf/modules/pgfmoduleplot.code.tex
File: pgfmoduleplot.code.tex 2023-01-15 v3.1.10 (3.1.10)
)
(/usr/share/texlive/texmf-dist/tex/latex/pgf/compatibility/pgfcomp-version-0-65
.sty
Package: pgfcomp-version-0-65 2023-01-15 v3.1.10 (3.1.10)
\pgf@nodesepstart=\dimen289
\pgf@nodesepend=\dimen290
)
(/usr/share/texlive/texmf-dist/tex/latex/pgf/compatibility/pgfcomp-version-1-18
.sty
Package: pgfcomp-version-1-18 2023-01-15 v3.1.10 (3.1.10)
)))
Package trimclip Info: No clipping driver 'tc-luatex.def' available.
(trimclip)             Using fall-back PGF driver.
)
\adjbox@Width=\dimen291
\adjbox@Height=\dimen292
\adjbox@Depth=\dimen293
\adjbox@Totalheight=\dimen294
\adjbox@pwidth=\dimen295
\adjbox@pheight=\dimen296
\adjbox@pdepth=\dimen297
\adjbox@ptotalheight=\dimen298
 (/usr/share/texlive/texmf-dist/tex/latex/ifoddpage/ifoddpage.sty
Package: ifoddpage 2022/10/18 v1.2 Conditionals for odd/even page detection
\c@checkoddpage=\count317
))
(/usr/share/texlive/texmf-dist/tex/latex/amsfonts/amssymb.sty
Package: amssymb 2013/01/14 v3.01 AMS font symbols

(/usr/share/texlive/texmf-dist/tex/latex/amsfonts/amsfonts.sty
Package: amsfonts 2013/01/14 v3.01 Basic AMSFonts support
\@emptytoks=\toks47
\symAMSa=\mathgroup5
\symAMSb=\mathgroup6
LaTeX Font Info:    Redeclaring math symbol \hbar on input line 98.
LaTeX Font Info:    Overwriting math alphabet `\mathfrak' in version `bold'
(Font)                  U/euf/m/n --> U/euf/b/n on input line 106.
))
(/usr/share/texlive/texmf-dist/tex/latex/stackengine/stackengine.sty
Package: stackengine 2021/07/22 v4.11\ Stacking text and objects in convenient 
ways

(/usr/share/texlive/texmf-dist/tex/generic/listofitems/listofitems.sty
(/usr/share/texlive/texmf-dist/tex/generic/listofitems/listofitems.tex
\loi_cnt_foreach_nest=\count318
\loi_nestcnt=\count319
)
Package: listofitems 2019/08/21 v1.63 Grab items in lists using user-specified 
sep char (CT)
)
\c@@stackindex=\count320
\@boxshift=\skip73
\stack@tmplength=\skip74
\temp@stkl=\skip75
\@stackedboxwidth=\skip76
\@addedbox=\box135
\@anchorbox=\box136
\@insetbox=\box137
\se@backgroundbox=\box138
\stackedbox=\box139
\@centerbox=\box140
\c@ROWcellindex@=\count321
)
(/usr/share/texlive/texmf-dist/tex/latex/enumitem/enumitem.sty
Package: enumitem 2019/06/20 v3.9 Customized lists
\enitkv@toks@=\toks48
\labelindent=\skip77
\enit@outerparindent=\dimen299
\enit@toks=\toks49
\enit@inbox=\box141
\enit@count@id=\count322
\enitdp@description=\count323
)
(/usr/share/texlive/texmf-dist/tex/generic/alphalph/alphalph.sty
Package: alphalph 2019/12/09 v2.6 Convert numbers to letters (HO)

(/usr/share/texlive/texmf-dist/tex/generic/intcalc/intcalc.sty
Package: intcalc 2019/12/15 v1.3 Expandable calculations with integers (HO)
))
(/usr/share/texlive/texmf-dist/tex/generic/ulem/ulem.sty
\UL@box=\box142
\UL@hyphenbox=\box143
\UL@skip=\skip78
\UL@hook=\toks50
\UL@height=\dimen300
\UL@pe=\count324
\UL@pixel=\dimen301
\ULC@box=\box144
Package: ulem 2019/11/18
\ULdepth=\dimen302
)
\xrefbox=\box145
\xreflength=\skip79
\CodeWidthChar=\skip80
\CodeHeightChar=\skip81
\DoxyCodeWidth=\skip82
\c@DoxyEnumeratei=\count325
\c@DoxyEnumerateii=\count326
\c@DoxyEnumerateiii=\count327
\c@DoxyEnumerateiv=\count328
\c@DoxyEnumeratev=\count329
\c@DoxyEnumeratevi=\count330
\c@DoxyEnumeratevii=\count331
\c@DoxyEnumerateviii=\count332
\c@DoxyEnumerateix=\count333
\c@DoxyEnumeratex=\count334
\c@DoxyEnumeratexi=\count335
\c@DoxyEnumeratexii=\count336
\enitdp@DoxyEnumerate=\count337
\enitdp@DoxyItemize=\count338
\c@subsubsubsection=\count339
\c@subsubsubsubsection=\count340
\c@subsubsubsubsubsection=\count341
\c@subsubsubsubsubsubsection=\count342
)
(/usr/share/texlive/texmf-dist/tex/latex/base/makeidx.sty
Package: makeidx 2021/10/04 v1.0m Standard LaTeX package
)
(/usr/share/texlive/texmf-dist/tex/latex/base/textcomp.sty
Package: textcomp 2020/02/02 v2.0n Standard LaTeX package
)
(/usr/share/texlive/texmf-dist/tex/latex/wasysym/wasysym.sty
Package: wasysym 2020/01/19 v2.4 Wasy-2 symbol support package
\symwasy=\mathgroup7
LaTeX Font Info:    Overwriting symbol font `wasy' in version `bold'
(Font)                  U/wasy/m/n --> U/wasy/b/n on input line 93.
)
(/usr/share/texlive/texmf-dist/tex/generic/iftex/ifxetex.sty
Package: ifxetex 2019/10/25 v0.7 ifxetex legacy package. Use iftex instead.
)
(/usr/share/texlive/texmf-dist/tex/latex/base/fontenc.sty
Package: fontenc 2021/04/29 v2.0v Standard LaTeX package
LaTeX Font Info:    Trying to load font information for T1+lmr on input line 11
2.

(/usr/share/texmf/tex/latex/lm/t1lmr.fd
File: t1lmr.fd 2015/05/01 v1.6.1 Font defs for Latin Modern
))
(/usr/share/texlive/texmf-dist/tex/latex/psnfss/helvet.sty
Package: helvet 2020/03/25 PSNFSS-v9.3 (WaS) 
)
(/usr/share/texlive/texmf-dist/tex/latex/psnfss/courier.sty
Package: courier 2020/03/25 PSNFSS-v9.3 (WaS) 
)
(/usr/share/texlive/texmf-dist/tex/latex/geometry/geometry.sty
Package: geometry 2020/01/02 v5.9 Page Geometry

(/usr/share/texlive/texmf-dist/tex/generic/iftex/ifvtex.sty
Package: ifvtex 2019/10/25 v1.7 ifvtex legacy package. Use iftex instead.
)
\Gm@cnth=\count343
\Gm@cntv=\count344
\c@Gm@tempcnt=\count345
\Gm@bindingoffset=\dimen303
\Gm@wd@mp=\dimen304
\Gm@odd@mp=\dimen305
\Gm@even@mp=\dimen306
\Gm@layoutwidth=\dimen307
\Gm@layoutheight=\dimen308
\Gm@layouthoffset=\dimen309
\Gm@layoutvoffset=\dimen310
\Gm@dimlist=\toks51
)
(/usr/share/texlive/texmf-dist/tex/latex/changepage/changepage.sty
Package: changepage 2009/10/20 v1.0c check page and change page layout
\c@cp@cntr=\count346
\cp@tempcnt=\count347
LaTeX Info: Redefining \checkoddpage on input line 59.
)
(/usr/share/texlive/texmf-dist/tex/latex/fancyhdr/fancyhdr.sty
Package: fancyhdr 2022/11/09 v4.1 Extensive control of page headers and footers

\f@nch@headwidth=\skip83
\f@nch@O@elh=\skip84
\f@nch@O@erh=\skip85
\f@nch@O@olh=\skip86
\f@nch@O@orh=\skip87
\f@nch@O@elf=\skip88
\f@nch@O@erf=\skip89
\f@nch@O@olf=\skip90
\f@nch@O@orf=\skip91
)
(/usr/share/texlive/texmf-dist/tex/latex/natbib/natbib.sty
Package: natbib 2010/09/13 8.31b (PWD, AO)
\bibhang=\skip92
\bibsep=\skip93
LaTeX Info: Redefining \cite on input line 694.
\c@NAT@ctr=\count348
)
(/usr/share/texlive/texmf-dist/tex/latex/tocloft/tocloft.sty
Package: tocloft 2017/08/31 v2.3i parameterised ToC, etc., typesetting
Package tocloft Info: The document has chapter divisions on input line 51.
\cftparskip=\skip94
\cftbeforetoctitleskip=\skip95
\cftaftertoctitleskip=\skip96
\cftbeforepartskip=\skip97
\cftpartnumwidth=\skip98
\cftpartindent=\skip99
\cftbeforechapskip=\skip100
\cftchapindent=\skip101
\cftchapnumwidth=\skip102
\cftbeforesecskip=\skip103
\cftsecindent=\skip104
\cftsecnumwidth=\skip105
\cftbeforesubsecskip=\skip106
\cftsubsecindent=\skip107
\cftsubsecnumwidth=\skip108
\cftbeforesubsubsecskip=\skip109
\cftsubsubsecindent=\skip110
\cftsubsubsecnumwidth=\skip111
\cftbeforeparaskip=\skip112
\cftparaindent=\skip113
\cftparanumwidth=\skip114
\cftbeforesubparaskip=\skip115
\cftsubparaindent=\skip116
\cftsubparanumwidth=\skip117
\cftbeforeloftitleskip=\skip118
\cftafterloftitleskip=\skip119
\cftbeforefigskip=\skip120
\cftfigindent=\skip121
\cftfignumwidth=\skip122
\c@lofdepth=\count349
\c@lotdepth=\count350
\cftbeforelottitleskip=\skip123
\cftafterlottitleskip=\skip124
\cftbeforetabskip=\skip125
\cfttabindent=\skip126
\cfttabnumwidth=\skip127
)
\@indexfile=\write5

\openout5 = refman.idx

Writing index file refman.idx
(/usr/share/texlive/texmf-dist/tex/latex/newunicodechar/newunicodechar.sty
Package: newunicodechar 2018/04/08 v1.2 Defining Unicode characters
)
(/usr/share/texlive/texmf-dist/tex/latex/hyperref/hyperref.sty
Package: hyperref 2024-01-20 v7.01h Hypertext links for LaTeX

(/usr/share/texlive/texmf-dist/tex/latex/kvsetkeys/kvsetkeys.sty
Package: kvsetkeys 2022-10-05 v1.19 Key value parser (HO)
)
(/usr/share/texlive/texmf-dist/tex/generic/kvdefinekeys/kvdefinekeys.sty
Package: kvdefinekeys 2019-12-19 v1.6 Define keys (HO)
)
(/usr/share/texlive/texmf-dist/tex/generic/pdfescape/pdfescape.sty
Package: pdfescape 2019/12/09 v1.15 Implements pdfTeX's escape features (HO)
)
(/usr/share/texlive/texmf-dist/tex/latex/hycolor/hycolor.sty
Package: hycolor 2020-01-27 v1.10 Color options for hyperref/bookmark (HO)
)
(/usr/share/texlive/texmf-dist/tex/latex/auxhook/auxhook.sty
Package: auxhook 2019-12-17 v1.6 Hooks for auxiliary files (HO)
)
(/usr/share/texlive/texmf-dist/tex/latex/hyperref/nameref.sty
Package: nameref 2023-11-26 v2.56 Cross-referencing by name of section

(/usr/share/texlive/texmf-dist/tex/latex/refcount/refcount.sty
Package: refcount 2019/12/15 v3.6 Data extraction from label references (HO)
)
(/usr/share/texlive/texmf-dist/tex/generic/gettitlestring/gettitlestring.sty
Package: gettitlestring 2019/12/15 v1.6 Cleanup title references (HO)

(/usr/share/texlive/texmf-dist/tex/latex/kvoptions/kvoptions.sty
Package: kvoptions 2022-06-15 v3.15 Key value format for package options (HO)
))
\c@section@level=\count351
)
\@linkdim=\dimen311
\Hy@linkcounter=\count352
\Hy@pagecounter=\count353

(/usr/share/texlive/texmf-dist/tex/latex/hyperref/pd1enc.def
File: pd1enc.def 2024-01-20 v7.01h Hyperref: PDFDocEncoding definition (HO)
)
\Hy@SavedSpaceFactor=\count354

(/usr/share/texlive/texmf-dist/tex/latex/hyperref/puenc.def
File: puenc.def 2024-01-20 v7.01h Hyperref: PDF Unicode definition (HO)
)
Package hyperref Info: Hyper figures OFF on input line 4179.
Package hyperref Info: Link nesting OFF on input line 4184.
Package hyperref Info: Hyper index ON on input line 4187.
Package hyperref Info: Plain pages OFF on input line 4194.
Package hyperref Info: Backreferencing ON on input line 4197.
Package hyperref Info: Implicit mode ON; LaTeX internals redefined.
Package hyperref Info: Bookmarks ON on input line 4446.

(/usr/share/texlive/texmf-dist/tex/latex/hyperref/backref.sty
Package: backref 2023-11-26 v1.44 Bibliographical back referencing

(/usr/share/texlive/texmf-dist/tex/latex/rerunfilecheck/rerunfilecheck.sty
Package: rerunfilecheck 2022-07-10 v1.10 Rerun checks for auxiliary files (HO)

(/usr/share/texlive/texmf-dist/tex/latex/base/atveryend-ltx.sty
Package: atveryend-ltx 2020/08/19 v1.0a Emulation of the original atveryend pac
kage
with kernel methods
)
(/usr/share/texlive/texmf-dist/tex/generic/uniquecounter/uniquecounter.sty
Package: uniquecounter 2019/12/15 v1.4 Provide unlimited unique counter (HO)

(/usr/share/texlive/texmf-dist/tex/generic/bigintcalc/bigintcalc.sty
Package: bigintcalc 2019/12/15 v1.5 Expandable calculations on big integers (HO
)
))
Package uniquecounter Info: New unique counter `rerunfilecheck' on input line 2
85.
))
\c@Hy@tempcnt=\count355

(/usr/share/texlive/texmf-dist/tex/latex/url/url.sty
\Urlmuskip=\muskip16
Package: url 2013/09/16  ver 3.4  Verb mode for urls, etc.
)
LaTeX Info: Redefining \url on input line 4784.
\XeTeXLinkMargin=\dimen312

(/usr/share/texlive/texmf-dist/tex/generic/bitset/bitset.sty
Package: bitset 2019/12/09 v1.3 Handle bit-vector datatype (HO)
)
\Fld@menulength=\count356
\Field@Width=\dimen313
\Fld@charsize=\dimen314
Package hyperref Info: Hyper figures OFF on input line 6063.
Package hyperref Info: Link nesting OFF on input line 6068.
Package hyperref Info: Hyper index ON on input line 6071.
Package hyperref Info: backreferencing ON on input line 6076.
Package hyperref Info: Link coloring OFF on input line 6083.
Package hyperref Info: Link coloring with OCG OFF on input line 6088.
Package hyperref Info: PDF/A mode OFF on input line 6093.

(/usr/share/texlive/texmf-dist/tex/latex/base/atbegshi-ltx.sty
Package: atbegshi-ltx 2021/01/10 v1.0c Emulation of the original atbegshi
package with kernel methods
)
\Hy@abspage=\count357
\c@Item=\count358
\c@Hfootnote=\count359
)

Package hyperref Warning: Wrong driver `hpdftex.def';
(hyperref)                pdfTeX is running in PDF mode.
(hyperref)                Forcing driver `hluatex.def'.

Package hyperref Info: Driver: hluatex.
(/usr/share/texlive/texmf-dist/tex/latex/hyperref/hluatex.def
File: hluatex.def 2024-01-20 v7.01h Hyperref driver for luaTeX

(/usr/share/texlive/texmf-dist/tex/generic/stringenc/stringenc.sty
Package: stringenc 2019/11/29 v1.12 Convert strings between diff. encodings (HO
)
)
\Fld@listcount=\count360
\c@bookmark@seq@number=\count361
\Hy@SectionHShift=\skip128
)
Package hyperref Info: Option `colorlinks' set `true' on input line 157.
Package hyperref Info: Option `unicode' set `true' on input line 157.

(/usr/share/texlive/texmf-dist/tex/latex/caption/caption.sty
Package: caption 2023/08/05 v3.6o Customizing captions (AR)

(/usr/share/texlive/texmf-dist/tex/latex/caption/caption3.sty
Package: caption3 2023/07/31 v2.4d caption3 kernel (AR)
\caption@tempdima=\dimen315
\captionmargin=\dimen316
\caption@leftmargin=\dimen317
\caption@rightmargin=\dimen318
\caption@width=\dimen319
\caption@indent=\dimen320
\caption@parindent=\dimen321
\caption@hangindent=\dimen322
Package caption Info: Standard document class detected.
)
\c@caption@flags=\count362
\c@continuedfloat=\count363
Package caption Info: changepage package is loaded.
\caption@adjustwidth@hsize=\dimen323
\caption@adjustwidth@linewidth=\dimen324
Package caption Info: float package is loaded.
Package caption Info: hyperref package is loaded.
Package caption Info: longtable package is loaded.

(/usr/share/texlive/texmf-dist/tex/latex/caption/ltcaption.sty
Package: ltcaption 2021/01/08 v1.4c longtable captions (AR)
))
(/usr/share/texlive/texmf-dist/tex/latex/etoc/etoc.sty
Package: etoc 2023/10/29 v1.2d Completely customisable TOCs (JFB)
\Etoc@toctoks=\toks52
\c@etoc@tocid=\count364
\etoc@framed@titlebox=\box146
\etoc@framed@contentsbox=\box147
)
(/usr/share/texlive/texmf-dist/tex/luatex/luatexja/patches/lltjp-array.sty
Package: lltjp-array 2019-07-18 Patch to array for LuaTeX-ja
)
LaTeX Font Info:    Trying to load font information for T1+phv on input line 17
9.

(/usr/share/texlive/texmf-dist/tex/latex/psnfss/t1phv.fd
File: t1phv.fd 2020/03/25 scalable font definitions for T1/phv.
)
LaTeX Font Info:    Font shape `T1/phv/m/n' will be
(Font)              scaled to size 8.99994pt on input line 179.
 (./refman.aux)
\openout1 = refman.aux

LaTeX Font Info:    Checking defaults for OML/cmm/m/it on input line 179.
LaTeX Font Info:    ... okay on input line 179.
LaTeX Font Info:    Checking defaults for OMS/cmsy/m/n on input line 179.
LaTeX Font Info:    ... okay on input line 179.
LaTeX Font Info:    Checking defaults for OT1/cmr/m/n on input line 179.
LaTeX Font Info:    ... okay on input line 179.
LaTeX Font Info:    Checking defaults for T1/cmr/m/n on input line 179.
LaTeX Font Info:    ... okay on input line 179.
LaTeX Font Info:    Checking defaults for TS1/cmr/m/n on input line 179.
LaTeX Font Info:    Trying to load font information for TS1+cmr on input line 1
79.

(/usr/share/texlive/texmf-dist/tex/latex/base/ts1cmr.fd
File: ts1cmr.fd 2023/04/13 v2.5m Standard LaTeX font definitions
)
LaTeX Font Info:    ... okay on input line 179.
LaTeX Font Info:    Checking defaults for TU/lmr/m/n on input line 179.
LaTeX Font Info:    ... okay on input line 179.
LaTeX Font Info:    Checking defaults for OMX/cmex/m/n on input line 179.
LaTeX Font Info:    ... okay on input line 179.
LaTeX Font Info:    Checking defaults for U/cmr/m/n on input line 179.
LaTeX Font Info:    ... okay on input line 179.
LaTeX Font Info:    Checking defaults for JY3/mc/m/n on input line 179.
LaTeX Font Info:    ... okay on input line 179.
LaTeX Font Info:    Checking defaults for JT3/mc/m/n on input line 179.
LaTeX Font Info:    ... okay on input line 179.
LaTeX Font Info:    Checking defaults for PD1/pdf/m/n on input line 179.
LaTeX Font Info:    ... okay on input line 179.
LaTeX Font Info:    Checking defaults for PU/pdf/m/n on input line 179.
LaTeX Font Info:    ... okay on input line 179.

(/usr/share/texlive/texmf-dist/tex/context/base/mkii/supp-pdf.mkii
[Loading MPS to PDF converter (version 2006.09.02).]
\scratchcounter=\count365
\scratchdimen=\dimen325
\scratchbox=\box148
\nofMPsegments=\count366
\nofMParguments=\count367
\everyMPshowfont=\toks53
\MPscratchCnt=\count368
\MPscratchDim=\dimen326
\MPnumerator=\count369
\makeMPintoPDFobject=\count370
\everyMPtoPDFconversion=\toks54
) (/usr/share/texlive/texmf-dist/tex/latex/epstopdf-pkg/epstopdf-base.sty
Package: epstopdf-base 2020-01-24 v2.11 Base part for package epstopdf
Package epstopdf-base Info: Redefining graphics rule for `.eps' on input line 4
85.

(/usr/share/texlive/texmf-dist/tex/latex/latexconfig/epstopdf-sys.cfg
File: epstopdf-sys.cfg 2010/07/13 v1.3 Configuration of (r)epstopdf for TeX Liv
e
))
*geometry* driver: auto-detecting
*geometry* detected driver: luatex
*geometry* verbose mode - [ preamble ] result:
* driver: luatex
* paper: a4paper
* layout: <same size as paper>
* layoutoffset:(h,v)=(0.0pt,0.0pt)
* modes: twoside 
* h-part:(L,W,R)=(71.13188pt, 455.24411pt, 71.13188pt)
* v-part:(T,H,B)=(71.13188pt, 702.78308pt, 71.13188pt)
* \paperwidth=597.50787pt
* \paperheight=845.04684pt
* \textwidth=455.24411pt
* \textheight=702.78308pt
* \oddsidemargin=-1.1381pt
* \evensidemargin=-1.1381pt
* \topmargin=-31.2056pt
* \headheight=12.0pt
* \headsep=18.06749pt
* \topskip=10.0pt
* \footskip=25.29494pt
* \marginparwidth=125.0pt
* \marginparsep=7.0pt
* \columnsep=10.0pt
* \skip\footins=9.0pt plus 4.0pt minus 2.0pt
* \hoffset=0.0pt
* \voffset=0.0pt
* \mag=1000
* \@twocolumnfalse
* \@twosidetrue
* \@mparswitchtrue
* \@reversemarginfalse
* (1in=72.27pt=25.4mm, 1cm=28.453pt)

Package backref Info: ** backref set up for natbib ** on input line 179.
Package hyperref Info: Link coloring ON on input line 179.
(./refman.out) (./refman.out)
\@outlinefile=\write6

\openout6 = refman.out
Package caption Info: Begin \AtBeginDocument code.
Package caption Info: End \AtBeginDocument code.
\Etoc@tf=\read5
Package hyperref Info: Option `pageanchor' set `false' on input line 187.
Package hyperref Info: Option `bookmarksnumbered' set `true' on input line 187.

Package hyperref Info: Option `unicode' set `true' on input line 187.
LaTeX Font Info:    Font shape `T1/phv/m/n' will be
(Font)              scaled to size 12.9599pt on input line 192.
LaTeX Font Info:    Font shape `JT3/mc/m/n' will be
(Font)              scaled to size 13.85594pt on input line 192.
LaTeX Font Info:    Font shape `JY3/mc/m/n' will be
(Font)              scaled to size 13.85594pt on input line 192.
LaTeX Font Info:    Font shape `T1/phv/m/n' will be
(Font)              scaled to size 10.79993pt on input line 194.
LaTeX Font Info:    Font shape `JT3/mc/m/n' will be
(Font)              scaled to size 11.54663pt on input line 194.
LaTeX Font Info:    Font shape `JY3/mc/m/n' will be
(Font)              scaled to size 11.54663pt on input line 194.
 [1


{/var/lib/texmf/fonts/map/pdftex/updmap/pdftex.map}] [2

]
\tf@toc=\write7

\openout7 = refman.toc
LaTeX Font Info:    Font shape `T1/phv/b/n' will be
(Font)              scaled to size 8.99994pt on input line 200.
LaTeX Font Info:    Font shape `JT3/mc/b/n' in size <10> not available
(Font)              Font shape `JT3/gt/m/n' tried instead on input line 200.
LaTeX Font Info:    Font shape `JT3/gt/m/n' will be
(Font)              scaled to size 9.6222pt on input line 200.
LaTeX Font Info:    Font shape `JY3/mc/b/n' in size <10> not available
(Font)              Font shape `JY3/gt/m/n' tried instead on input line 200.
LaTeX Font Info:    Font shape `JY3/gt/m/n' will be
(Font)              scaled to size 9.6222pt on input line 200.
(load cache: extra_haranoajigothic-medium.luc)
LaTeX Font Info:    Font shape `JY3/mc/m/n' will be
(Font)              scaled to size 6.73553pt on input line 200.
LaTeX Font Info:    Font shape `JY3/mc/m/n' will be
(Font)              scaled to size 4.8111pt on input line 200.
LaTeX Font Info:    Trying to load font information for U+msa on input line 200
.
 (/usr/share/texlive/texmf-dist/tex/latex/amsfonts/umsa.fd
File: umsa.fd 2013/01/14 v3.01 AMS symbols A
)
LaTeX Font Info:    Trying to load font information for U+msb on input line 200
.

(/usr/share/texlive/texmf-dist/tex/latex/amsfonts/umsb.fd
File: umsb.fd 2013/01/14 v3.01 AMS symbols B
)
LaTeX Font Info:    Trying to load font information for U+wasy on input line 20
0.

(/usr/share/texlive/texmf-dist/tex/latex/wasysym/uwasy.fd
File: uwasy.fd 2020/01/19 v2.4 Wasy-2 symbol font definitions
)
LaTeX Font Info:    Font shape `T1/phv/m/n' will be
(Font)              scaled to size 6.29996pt on input line 200.
LaTeX Font Info:    Font shape `JT3/mc/m/n' will be
(Font)              scaled to size 6.73553pt on input line 200.
LaTeX Font Info:    Font shape `T1/phv/b/n' will be
(Font)              scaled to size 6.29996pt on input line 200.
LaTeX Font Info:    Font shape `JT3/mc/b/n' in size <7> not available
(Font)              Font shape `JT3/gt/m/n' tried instead on input line 200.
LaTeX Font Info:    Font shape `JT3/gt/m/n' will be
(Font)              scaled to size 6.73553pt on input line 200.
LaTeX Font Info:    Font shape `JY3/mc/b/n' in size <7> not available
(Font)              Font shape `JY3/gt/m/n' tried instead on input line 200.
LaTeX Font Info:    Font shape `JY3/gt/m/n' will be
(Font)              scaled to size 6.73553pt on input line 200.
 [1] [2] [3] [4]
[5] [6

]
Package hyperref Info: Option `pageanchor' set `true' on input line 203.

Chapter 1.
LaTeX Font Info:    Font shape `T1/phv/m/n' will be
(Font)              scaled to size 18.66588pt on input line 205.
LaTeX Font Info:    Font shape `JT3/mc/m/n' will be
(Font)              scaled to size 19.95642pt on input line 205.
LaTeX Font Info:    Font shape `JY3/mc/m/n' will be
(Font)              scaled to size 19.95642pt on input line 205.
LaTeX Font Info:    Font shape `T1/phv/b/n' will be
(Font)              scaled to size 18.66588pt on input line 205.
LaTeX Font Info:    Font shape `JT3/mc/b/n' in size <20.74> not available
(Font)              Font shape `JT3/gt/m/n' tried instead on input line 205.
LaTeX Font Info:    Font shape `JT3/gt/m/n' will be
(Font)              scaled to size 19.95642pt on input line 205.
LaTeX Font Info:    Font shape `JY3/mc/b/n' in size <20.74> not available
(Font)              Font shape `JY3/gt/m/n' tried instead on input line 205.
LaTeX Font Info:    Font shape `JY3/gt/m/n' will be
(Font)              scaled to size 19.95642pt on input line 205.
LaTeX Font Info:    Font shape `T1/phv/b/n' will be
(Font)              scaled to size 22.39185pt on input line 205.
LaTeX Font Info:    Font shape `JT3/mc/b/n' in size <24.88> not available
(Font)              Font shape `JT3/gt/m/n' tried instead on input line 205.
LaTeX Font Info:    Font shape `JT3/gt/m/n' will be
(Font)              scaled to size 23.94002pt on input line 205.
LaTeX Font Info:    Font shape `JY3/mc/b/n' in size <24.88> not available
(Font)              Font shape `JY3/gt/m/n' tried instead on input line 205.
LaTeX Font Info:    Font shape `JY3/gt/m/n' will be
(Font)              scaled to size 23.94002pt on input line 205.
(./annotated.tex
LaTeX Font Info:    Font shape `T1/phv/b/n' will be
(Font)              scaled to size 12.9599pt on input line 1.
LaTeX Font Info:    Font shape `JT3/mc/b/n' in size <14.4> not available
(Font)              Font shape `JT3/gt/m/n' tried instead on input line 1.
LaTeX Font Info:    Font shape `JT3/gt/m/n' will be
(Font)              scaled to size 13.85594pt on input line 1.
LaTeX Font Info:    Font shape `JY3/mc/b/n' in size <14.4> not available
(Font)              Font shape `JY3/gt/m/n' tried instead on input line 1.
LaTeX Font Info:    Font shape `JY3/gt/m/n' will be
(Font)              scaled to size 13.85594pt on input line 1.
LaTeX Font Info:    Trying to load font information for T1+pcr on input line 3.

 (/usr/share/texlive/texmf-dist/tex/latex/psnfss/t1pcr.fd
File: t1pcr.fd 2001/06/04 font definitions for T1/pcr.
))
[1

] [2

]
Chapter 2.
(./files.tex) [3] [4

]
Chapter 3.
(./structBufState.tex
LaTeX Font Info:    Trying to load font information for TS1+phv on input line 1
1.
 (/usr/share/texlive/texmf-dist/tex/latex/psnfss/ts1phv.fd
File: ts1phv.fd 2020/03/25 scalable font definitions for TS1/phv.
)
LaTeX Font Info:    Font shape `TS1/phv/m/n' will be
(Font)              scaled to size 8.99994pt on input line 11.
LaTeX Font Info:    Font shape `T1/phv/m/n' will be
(Font)              scaled to size 8.09995pt on input line 12.
LaTeX Font Info:    Font shape `JT3/mc/m/n' will be
(Font)              scaled to size 8.65997pt on input line 12.
LaTeX Font Info:    Font shape `JY3/mc/m/n' will be
(Font)              scaled to size 8.65997pt on input line 12.
LaTeX Font Info:    Font shape `JT3/gt/m/n' will be
(Font)              scaled to size 8.65997pt on input line 12.
LaTeX Font Info:    Font shape `JY3/gt/m/n' will be
(Font)              scaled to size 8.65997pt on input line 12.
LaTeX Font Info:    Font shape `T1/phv/m/it' in size <9> not available
(Font)              Font shape `T1/phv/m/sl' tried instead on input line 12.
LaTeX Font Info:    Font shape `T1/phv/m/sl' will be
(Font)              scaled to size 8.09995pt on input line 12.
LaTeX Font Info:    Kanji font shape `JY3/gt/m/it' undefined
(Font)              No change on input line 12.
LaTeX Font Info:    Kanji font shape `JY3/gt/m/it' undefined
(Font)              No change on input line 14.
LaTeX Font Info:    Kanji font shape `JY3/gt/m/it' undefined
(Font)              No change on input line 16.
LaTeX Font Info:    Font shape `T1/phv/b/n' will be
(Font)              scaled to size 10.79993pt on input line 19.
LaTeX Font Info:    Font shape `JT3/mc/b/n' in size <12> not available
(Font)              Font shape `JT3/gt/m/n' tried instead on input line 19.
LaTeX Font Info:    Font shape `JT3/gt/m/n' will be
(Font)              scaled to size 11.54663pt on input line 19.
LaTeX Font Info:    Font shape `JY3/mc/b/n' in size <12> not available
(Font)              Font shape `JY3/gt/m/n' tried instead on input line 19.
LaTeX Font Info:    Font shape `JY3/gt/m/n' will be
(Font)              scaled to size 11.54663pt on input line 19.
LaTeX Font Info:    Font shape `T1/phv/m/n' will be
(Font)              scaled to size 7.19995pt on input line 33.
LaTeX Font Info:    Font shape `JT3/mc/m/n' will be
(Font)              scaled to size 7.69775pt on input line 33.
LaTeX Font Info:    Font shape `JY3/mc/m/n' will be
(Font)              scaled to size 7.69775pt on input line 33.
LaTeX Font Info:    Font shape `JY3/mc/m/n' will be
(Font)              scaled to size 5.77332pt on input line 33.
 [5]) [6]
Chapter 4.
(./squirrel3__squirrel__sqapiByGemini_8cpp.tex
warning  (file squirrel3__squirrel__sqapiByGemini_8cpp__incl.pdf) (pdf inclusion
): PDF inclusion: found PDF version '1.7', but at most version '1.5' allowed
<squirrel3__squirrel__sqapiByGemini_8cpp__incl.pdf, id=949, 1047.915pt x 165.61
874pt>
File: squirrel3__squirrel__sqapiByGemini_8cpp__incl.pdf Graphic file (type pdf)

<use squirrel3__squirrel__sqapiByGemini_8cpp__incl.pdf>
Package luatex.def Info: squirrel3__squirrel__sqapiByGemini_8cpp__incl.pdf  use
d on input line 19.
(luatex.def)             Requested size: 350.0pt x 55.31393pt.
LaTeX Font Info:    Kanji font shape `JY3/gt/m/it' undefined
(Font)              No change on input line 26.
LaTeX Font Info:    Font shape `T1/pcr/m/it' in size <9> not available
(Font)              Font shape `T1/pcr/m/sl' tried instead on input line 26.
LaTeX Font Info:    Font shape `T1/pcr/m/it' in size <7> not available
(Font)              Font shape `T1/pcr/m/sl' tried instead on input line 26.
LaTeX Font Info:    Font shape `JT3/gt/m/n' will be
(Font)              scaled to size 6.73553pt on input line 26.
LaTeX Font Info:    Kanji font shape `JY3/gt/m/it' undefined
(Font)              No change on input line 31.
LaTeX Font Info:    Kanji font shape `JY3/gt/m/it' undefined
(Font)              No change on input line 33.
LaTeX Font Info:    Kanji font shape `JY3/gt/m/it' undefined
(Font)              No change on input line 38.
LaTeX Font Info:    Kanji font shape `JY3/gt/m/it' undefined
(Font)              No change on input line 40.
[7

<./squirrel3__squirrel__sqapiByGemini_8cpp__incl.pdf>]
LaTeX Font Info:    Kanji font shape `JY3/gt/m/it' undefined
(Font)              No change on input line 42.
LaTeX Font Info:    Font shape `T1/phv/m/it' in size <7> not available
(Font)              Font shape `T1/phv/m/sl' tried instead on input line 42.
LaTeX Font Info:    Font shape `T1/phv/m/sl' will be
(Font)              scaled to size 6.29996pt on input line 42.
LaTeX Font Info:    Kanji font shape `JY3/gt/m/it' undefined
(Font)              No change on input line 44.
LaTeX Font Info:    Kanji font shape `JY3/gt/m/it' undefined
(Font)              No change on input line 46.
LaTeX Font Info:    Kanji font shape `JY3/gt/m/it' undefined
(Font)              No change on input line 48.
LaTeX Font Info:    Kanji font shape `JY3/gt/m/it' undefined
(Font)              No change on input line 50.
LaTeX Font Info:    Kanji font shape `JY3/gt/m/it' undefined
(Font)              No change on input line 52.
LaTeX Font Info:    Kanji font shape `JY3/gt/m/it' undefined
(Font)              No change on input line 54.
LaTeX Font Info:    Kanji font shape `JY3/gt/m/it' undefined
(Font)              No change on input line 56.
LaTeX Font Info:    Kanji font shape `JY3/gt/m/it' undefined
(Font)              No change on input line 58.
LaTeX Font Info:    Kanji font shape `JY3/gt/m/it' undefined
(Font)              No change on input line 60.
LaTeX Font Info:    Kanji font shape `JY3/gt/m/it' undefined
(Font)              No change on input line 62.
LaTeX Font Info:    Kanji font shape `JY3/gt/m/it' undefined
(Font)              No change on input line 64.
LaTeX Font Info:    Kanji font shape `JY3/gt/m/it' undefined
(Font)              No change on input line 66.
LaTeX Font Info:    Kanji font shape `JY3/gt/m/it' undefined
(Font)              No change on input line 68.
LaTeX Font Info:    Kanji font shape `JY3/gt/m/it' undefined
(Font)              No change on input line 70.
LaTeX Font Info:    Kanji font shape `JY3/gt/m/it' undefined
(Font)              No change on input line 72.
LaTeX Font Info:    Kanji font shape `JY3/gt/m/it' undefined
(Font)              No change on input line 74.
LaTeX Font Info:    Kanji font shape `JY3/gt/m/it' undefined
(Font)              No change on input line 76.
LaTeX Font Info:    Kanji font shape `JY3/gt/m/it' undefined
(Font)              No change on input line 78.
LaTeX Font Info:    Kanji font shape `JY3/gt/m/it' undefined
(Font)              No change on input line 80.
LaTeX Font Info:    Kanji font shape `JY3/gt/m/it' undefined
(Font)              No change on input line 82.
LaTeX Font Info:    Kanji font shape `JY3/gt/m/it' undefined
(Font)              No change on input line 84.
LaTeX Font Info:    Kanji font shape `JY3/gt/m/it' undefined
(Font)              No change on input line 86.
LaTeX Font Info:    Kanji font shape `JY3/gt/m/it' undefined
(Font)              No change on input line 88.
 [8]
LaTeX Font Info:    Kanji font shape `JY3/gt/m/it' undefined
(Font)              No change on input line 90.
LaTeX Font Info:    Kanji font shape `JY3/gt/m/it' undefined
(Font)              No change on input line 92.
LaTeX Font Info:    Kanji font shape `JY3/gt/m/it' undefined
(Font)              No change on input line 94.
LaTeX Font Info:    Kanji font shape `JY3/gt/m/it' undefined
(Font)              No change on input line 96.
LaTeX Font Info:    Kanji font shape `JY3/gt/m/it' undefined
(Font)              No change on input line 98.
LaTeX Font Info:    Kanji font shape `JY3/gt/m/it' undefined
(Font)              No change on input line 100.
LaTeX Font Info:    Kanji font shape `JY3/gt/m/it' undefined
(Font)              No change on input line 102.
LaTeX Font Info:    Kanji font shape `JY3/gt/m/it' undefined
(Font)              No change on input line 104.
LaTeX Font Info:    Kanji font shape `JY3/gt/m/it' undefined
(Font)              No change on input line 106.
LaTeX Font Info:    Kanji font shape `JY3/gt/m/it' undefined
(Font)              No change on input line 108.
LaTeX Font Info:    Kanji font shape `JY3/gt/m/it' undefined
(Font)              No change on input line 110.
LaTeX Font Info:    Kanji font shape `JY3/gt/m/it' undefined
(Font)              No change on input line 112.
LaTeX Font Info:    Kanji font shape `JY3/gt/m/it' undefined
(Font)              No change on input line 114.
LaTeX Font Info:    Kanji font shape `JY3/gt/m/it' undefined
(Font)              No change on input line 116.
LaTeX Font Info:    Kanji font shape `JY3/gt/m/it' undefined
(Font)              No change on input line 118.
LaTeX Font Info:    Kanji font shape `JY3/gt/m/it' undefined
(Font)              No change on input line 120.
LaTeX Font Info:    Kanji font shape `JY3/gt/m/it' undefined
(Font)              No change on input line 122.
LaTeX Font Info:    Kanji font shape `JY3/gt/m/it' undefined
(Font)              No change on input line 124.
LaTeX Font Info:    Kanji font shape `JY3/gt/m/it' undefined
(Font)              No change on input line 126.
LaTeX Font Info:    Kanji font shape `JY3/gt/m/it' undefined
(Font)              No change on input line 128.
LaTeX Font Info:    Kanji font shape `JY3/gt/m/it' undefined
(Font)              No change on input line 130.
LaTeX Font Info:    Kanji font shape `JY3/gt/m/it' undefined
(Font)              No change on input line 132.
LaTeX Font Info:    Kanji font shape `JY3/gt/m/it' undefined
(Font)              No change on input line 134.
LaTeX Font Info:    Kanji font shape `JY3/gt/m/it' undefined
(Font)              No change on input line 136.
 [9
Missing character: There is no 열 (U+C5F4) in font file:HaranoAjiGothic-Medium.
otf:-kern;jfm=ujis!
]
LaTeX Font Info:    Kanji font shape `JY3/gt/m/it' undefined
(Font)              No change on input line 138.
LaTeX Font Info:    Kanji font shape `JY3/gt/m/it' undefined
(Font)              No change on input line 140.
LaTeX Font Info:    Kanji font shape `JY3/gt/m/it' undefined
(Font)              No change on input line 142.
LaTeX Font Info:    Kanji font shape `JY3/gt/m/it' undefined
(Font)              No change on input line 144.
LaTeX Font Info:    Kanji font shape `JY3/gt/m/it' undefined
(Font)              No change on input line 146.
LaTeX Font Info:    Kanji font shape `JY3/gt/m/it' undefined
(Font)              No change on input line 148.
LaTeX Font Info:    Kanji font shape `JY3/gt/m/it' undefined
(Font)              No change on input line 150.
LaTeX Font Info:    Kanji font shape `JY3/gt/m/it' undefined
(Font)              No change on input line 152.
LaTeX Font Info:    Kanji font shape `JY3/gt/m/it' undefined
(Font)              No change on input line 154.
LaTeX Font Info:    Kanji font shape `JY3/gt/m/it' undefined
(Font)              No change on input line 156.
LaTeX Font Info:    Kanji font shape `JY3/gt/m/it' undefined
(Font)              No change on input line 158.
LaTeX Font Info:    Kanji font shape `JY3/gt/m/it' undefined
(Font)              No change on input line 160.
LaTeX Font Info:    Kanji font shape `JY3/gt/m/it' undefined
(Font)              No change on input line 162.
LaTeX Font Info:    Kanji font shape `JY3/gt/m/it' undefined
(Font)              No change on input line 164.
LaTeX Font Info:    Kanji font shape `JY3/gt/m/it' undefined
(Font)              No change on input line 166.
LaTeX Font Info:    Kanji font shape `JY3/gt/m/it' undefined
(Font)              No change on input line 168.
LaTeX Font Info:    Kanji font shape `JY3/gt/m/it' undefined
(Font)              No change on input line 170.
LaTeX Font Info:    Kanji font shape `JY3/gt/m/it' undefined
(Font)              No change on input line 172.
LaTeX Font Info:    Kanji font shape `JY3/gt/m/it' undefined
(Font)              No change on input line 174.
LaTeX Font Info:    Kanji font shape `JY3/gt/m/it' undefined
(Font)              No change on input line 176.
LaTeX Font Info:    Kanji font shape `JY3/gt/m/it' undefined
(Font)              No change on input line 178.
LaTeX Font Info:    Kanji font shape `JY3/gt/m/it' undefined
(Font)              No change on input line 180.
LaTeX Font Info:    Kanji font shape `JY3/gt/m/it' undefined
(Font)              No change on input line 182.
LaTeX Font Info:    Kanji font shape `JY3/gt/m/it' undefined
(Font)              No change on input line 184.
LaTeX Font Info:    Kanji font shape `JY3/gt/m/it' undefined
(Font)              No change on input line 186.
LaTeX Font Info:    Kanji font shape `JY3/gt/m/it' undefined
(Font)              No change on input line 188.
 [10]
LaTeX Font Info:    Kanji font shape `JY3/gt/m/it' undefined
(Font)              No change on input line 190.
LaTeX Font Info:    Kanji font shape `JY3/gt/m/it' undefined
(Font)              No change on input line 192.
LaTeX Font Info:    Kanji font shape `JY3/gt/m/it' undefined
(Font)              No change on input line 194.
LaTeX Font Info:    Kanji font shape `JY3/gt/m/it' undefined
(Font)              No change on input line 196.
LaTeX Font Info:    Kanji font shape `JY3/gt/m/it' undefined
(Font)              No change on input line 198.
LaTeX Font Info:    Kanji font shape `JY3/gt/m/it' undefined
(Font)              No change on input line 200.
LaTeX Font Info:    Kanji font shape `JY3/gt/m/it' undefined
(Font)              No change on input line 202.
LaTeX Font Info:    Kanji font shape `JY3/gt/m/it' undefined
(Font)              No change on input line 204.
LaTeX Font Info:    Kanji font shape `JY3/gt/m/it' undefined
(Font)              No change on input line 206.
LaTeX Font Info:    Kanji font shape `JY3/gt/m/it' undefined
(Font)              No change on input line 208.
LaTeX Font Info:    Kanji font shape `JY3/gt/m/it' undefined
(Font)              No change on input line 210.
LaTeX Font Info:    Kanji font shape `JY3/gt/m/it' undefined
(Font)              No change on input line 212.
LaTeX Font Info:    Kanji font shape `JY3/gt/m/it' undefined
(Font)              No change on input line 214.
LaTeX Font Info:    Kanji font shape `JY3/gt/m/it' undefined
(Font)              No change on input line 216.
LaTeX Font Info:    Kanji font shape `JY3/gt/m/it' undefined
(Font)              No change on input line 218.
LaTeX Font Info:    Kanji font shape `JY3/gt/m/it' undefined
(Font)              No change on input line 220.
LaTeX Font Info:    Kanji font shape `JY3/gt/m/it' undefined
(Font)              No change on input line 222.
LaTeX Font Info:    Kanji font shape `JY3/gt/m/it' undefined
(Font)              No change on input line 224.
LaTeX Font Info:    Kanji font shape `JY3/gt/m/it' undefined
(Font)              No change on input line 226.
LaTeX Font Info:    Kanji font shape `JY3/gt/m/it' undefined
(Font)              No change on input line 228.
LaTeX Font Info:    Kanji font shape `JY3/gt/m/it' undefined
(Font)              No change on input line 230.
LaTeX Font Info:    Kanji font shape `JY3/gt/m/it' undefined
(Font)              No change on input line 232.
LaTeX Font Info:    Kanji font shape `JY3/gt/m/it' undefined
(Font)              No change on input line 234.
LaTeX Font Info:    Kanji font shape `JY3/gt/m/it' undefined
(Font)              No change on input line 236.
LaTeX Font Info:    Kanji font shape `JY3/gt/m/it' undefined
(Font)              No change on input line 238.
 [11]
LaTeX Font Info:    Kanji font shape `JY3/gt/m/it' undefined
(Font)              No change on input line 240.
LaTeX Font Info:    Kanji font shape `JY3/gt/m/it' undefined
(Font)              No change on input line 242.
LaTeX Font Info:    Kanji font shape `JY3/gt/m/it' undefined
(Font)              No change on input line 244.
LaTeX Font Info:    Kanji font shape `JY3/gt/m/it' undefined
(Font)              No change on input line 246.
LaTeX Font Info:    Kanji font shape `JY3/gt/m/it' undefined
(Font)              No change on input line 248.
LaTeX Font Info:    Kanji font shape `JY3/gt/m/it' undefined
(Font)              No change on input line 250.
LaTeX Font Info:    Kanji font shape `JY3/gt/m/it' undefined
(Font)              No change on input line 252.
LaTeX Font Info:    Kanji font shape `JY3/gt/m/it' undefined
(Font)              No change on input line 254.
LaTeX Font Info:    Kanji font shape `JY3/gt/m/it' undefined
(Font)              No change on input line 256.
LaTeX Font Info:    Kanji font shape `JY3/gt/m/it' undefined
(Font)              No change on input line 258.
LaTeX Font Info:    Kanji font shape `JY3/gt/m/it' undefined
(Font)              No change on input line 260.
LaTeX Font Info:    Kanji font shape `JY3/gt/m/it' undefined
(Font)              No change on input line 262.
LaTeX Font Info:    Kanji font shape `JY3/gt/m/it' undefined
(Font)              No change on input line 264.
LaTeX Font Info:    Kanji font shape `JY3/gt/m/it' undefined
(Font)              No change on input line 266.
LaTeX Font Info:    Kanji font shape `JY3/gt/m/it' undefined
(Font)              No change on input line 268.
LaTeX Font Info:    Kanji font shape `JY3/gt/m/it' undefined
(Font)              No change on input line 270.
LaTeX Font Info:    Kanji font shape `JY3/gt/m/it' undefined
(Font)              No change on input line 272.
LaTeX Font Info:    Kanji font shape `JY3/gt/m/it' undefined
(Font)              No change on input line 274.
LaTeX Font Info:    Kanji font shape `JY3/gt/m/it' undefined
(Font)              No change on input line 276.
LaTeX Font Info:    Kanji font shape `JY3/gt/m/it' undefined
(Font)              No change on input line 278.
LaTeX Font Info:    Kanji font shape `JY3/gt/m/it' undefined
(Font)              No change on input line 280.
LaTeX Font Info:    Kanji font shape `JY3/gt/m/it' undefined
(Font)              No change on input line 282.
LaTeX Font Info:    Kanji font shape `JY3/gt/m/it' undefined
(Font)              No change on input line 284.
LaTeX Font Info:    Kanji font shape `JY3/gt/m/it' undefined
(Font)              No change on input line 286.
LaTeX Font Info:    Kanji font shape `JY3/gt/m/it' undefined
(Font)              No change on input line 288.
 [12]
LaTeX Font Info:    Kanji font shape `JY3/gt/m/it' undefined
(Font)              No change on input line 290.
LaTeX Font Info:    Kanji font shape `JY3/gt/m/it' undefined
(Font)              No change on input line 292.
LaTeX Font Info:    Kanji font shape `JY3/gt/m/it' undefined
(Font)              No change on input line 294.
LaTeX Font Info:    Kanji font shape `JY3/gt/m/it' undefined
(Font)              No change on input line 296.
LaTeX Font Info:    Kanji font shape `JY3/gt/m/it' undefined
(Font)              No change on input line 298.
LaTeX Font Info:    Kanji font shape `JY3/gt/m/it' undefined
(Font)              No change on input line 300.
LaTeX Font Info:    Kanji font shape `JY3/gt/m/it' undefined
(Font)              No change on input line 302.
LaTeX Font Info:    Kanji font shape `JY3/gt/m/it' undefined
(Font)              No change on input line 304.
LaTeX Font Info:    Kanji font shape `JY3/gt/m/it' undefined
(Font)              No change on input line 306.
LaTeX Font Info:    Kanji font shape `JY3/gt/m/it' undefined
(Font)              No change on input line 308.
LaTeX Font Info:    Kanji font shape `JY3/gt/m/it' undefined
(Font)              No change on input line 310.
LaTeX Font Info:    Kanji font shape `JY3/gt/m/it' undefined
(Font)              No change on input line 312.
LaTeX Font Info:    Kanji font shape `JY3/gt/m/it' undefined
(Font)              No change on input line 314.
LaTeX Font Info:    Kanji font shape `JY3/gt/m/it' undefined
(Font)              No change on input line 316.
LaTeX Font Info:    Kanji font shape `JY3/gt/m/it' undefined
(Font)              No change on input line 318.
LaTeX Font Info:    Kanji font shape `JY3/gt/m/it' undefined
(Font)              No change on input line 320.
LaTeX Font Info:    Kanji font shape `JY3/gt/m/it' undefined
(Font)              No change on input line 322.
LaTeX Font Info:    Kanji font shape `JY3/gt/m/it' undefined
(Font)              No change on input line 324.
LaTeX Font Info:    Kanji font shape `JY3/gt/m/it' undefined
(Font)              No change on input line 326.
LaTeX Font Info:    Kanji font shape `JY3/gt/m/it' undefined
(Font)              No change on input line 328.
LaTeX Font Info:    Kanji font shape `JY3/gt/m/it' undefined
(Font)              No change on input line 330.
LaTeX Font Info:    Kanji font shape `JY3/gt/m/it' undefined
(Font)              No change on input line 332.
LaTeX Font Info:    Kanji font shape `JY3/gt/m/it' undefined
(Font)              No change on input line 334.
 [13]
LaTeX Font Info:    Font shape `JT3/gt/m/n' will be
(Font)              scaled to size 7.69775pt on input line 342.
LaTeX Font Info:    Font shape `JY3/gt/m/n' will be
(Font)              scaled to size 7.69775pt on input line 342.
LaTeX Font Info:    Font shape `T1/pcr/m/it' in size <8> not available
(Font)              Font shape `T1/pcr/m/sl' tried instead on input line 342.
LaTeX Font Info:    Kanji font shape `JY3/gt/m/it' undefined
(Font)              No change on input line 342.
LaTeX Font Info:    Kanji font shape `JY3/gt/m/it' undefined
(Font)              No change on input line 342.
LaTeX Font Info:    Kanji font shape `JY3/gt/m/it' undefined
(Font)              No change on input line 342.
LaTeX Font Info:    Kanji font shape `JY3/gt/m/it' undefined
(Font)              No change on input line 342.
LaTeX Font Info:    Kanji font shape `JY3/gt/m/it' undefined
(Font)              No change on input line 356.
LaTeX Font Info:    Kanji font shape `JY3/gt/m/it' undefined
(Font)              No change on input line 356.
LaTeX Font Info:    Kanji font shape `JY3/gt/m/it' undefined
(Font)              No change on input line 387.
LaTeX Font Info:    Kanji font shape `JY3/gt/m/it' undefined
(Font)              No change on input line 387.
LaTeX Font Info:    Kanji font shape `JY3/gt/m/it' undefined
(Font)              No change on input line 387.
LaTeX Font Info:    Kanji font shape `JY3/gt/m/it' undefined
(Font)              No change on input line 387.
LaTeX Font Info:    Kanji font shape `JY3/gt/m/it' undefined
(Font)              No change on input line 1.
LaTeX Font Info:    Kanji font shape `JY3/gt/m/it' undefined
(Font)              No change on input line 3.
LaTeX Font Info:    Kanji font shape `JY3/gt/m/it' undefined
(Font)              No change on input line 5.
LaTeX Font Info:    Kanji font shape `JY3/gt/m/it' undefined
(Font)              No change on input line 7.
 [14]
warning  (file squirrel3__squirrel__sqapiByGemini_8cpp_a46133ed63b8890a535fde2f0
608da01b_cgraph.pdf) (pdf inclusion): PDF inclusion: found PDF version '1.7', bu
t at most version '1.5' allowed
<squirrel3__squirrel__sqapiByGemini_8cpp_a46133ed63b8890a535fde2f0608da01b_cgra
ph.pdf, id=1325, 325.215pt x 99.37125pt>
File: squirrel3__squirrel__sqapiByGemini_8cpp_a46133ed63b8890a535fde2f0608da01b
_cgraph.pdf Graphic file (type pdf)
<use squirrel3__squirrel__sqapiByGemini_8cpp_a46133ed63b8890a535fde2f0608da01b_
cgraph.pdf>
Package luatex.def Info: squirrel3__squirrel__sqapiByGemini_8cpp_a46133ed63b889
0a535fde2f0608da01b_cgraph.pdf  used on input line 457.
(luatex.def)             Requested size: 324.0pt x 99.00708pt.

warning  (file squirrel3__squirrel__sqapiByGemini_8cpp_a46133ed63b8890a535fde2f0
608da01b_icgraph.pdf) (pdf inclusion): PDF inclusion: found PDF version '1.7', b
ut at most version '1.5' allowed
<squirrel3__squirrel__sqapiByGemini_8cpp_a46133ed63b8890a535fde2f0608da01b_icgr
aph.pdf, id=1326, 335.2525pt x 136.51pt>
File: squirrel3__squirrel__sqapiByGemini_8cpp_a46133ed63b8890a535fde2f0608da01b
_icgraph.pdf Graphic file (type pdf)
<use squirrel3__squirrel__sqapiByGemini_8cpp_a46133ed63b8890a535fde2f0608da01b_
icgraph.pdf>
Package luatex.def Info: squirrel3__squirrel__sqapiByGemini_8cpp_a46133ed63b889
0a535fde2f0608da01b_icgraph.pdf  used on input line 465.
(luatex.def)             Requested size: 334.0pt x 135.99933pt.
[15<./squirrel3__squirrel__sqapiByGemini_8cpp_a46133ed63b8890a535fde2f0608da01b_
cgraph.pdf>]
LaTeX Font Info:    Kanji font shape `JY3/gt/m/it' undefined
(Font)              No change on input line 472.
LaTeX Font Info:    Kanji font shape `JY3/gt/m/it' undefined
(Font)              No change on input line 1.

warning  (file squirrel3__squirrel__sqapiByGemini_8cpp_aaf03c4ce8d9da70a003c81e1
eb443b01_icgraph.pdf) (pdf inclusion): PDF inclusion: found PDF version '1.7', b
ut at most version '1.5' allowed
<squirrel3__squirrel__sqapiByGemini_8cpp_aaf03c4ce8d9da70a003c81e1eb443b01_icgr
aph.pdf, id=1359, 292.09125pt x 99.37125pt>
File: squirrel3__squirrel__sqapiByGemini_8cpp_aaf03c4ce8d9da70a003c81e1eb443b01
_icgraph.pdf Graphic file (type pdf)
<use squirrel3__squirrel__sqapiByGemini_8cpp_aaf03c4ce8d9da70a003c81e1eb443b01_
icgraph.pdf>
Package luatex.def Info: squirrel3__squirrel__sqapiByGemini_8cpp_aaf03c4ce8d9da
70a003c81e1eb443b01_icgraph.pdf  used on input line 513.
(luatex.def)             Requested size: 291.0pt x 99.0086pt.
LaTeX Font Info:    Kanji font shape `JY3/gt/m/it' undefined
(Font)              No change on input line 520.
LaTeX Font Info:    Kanji font shape `JY3/gt/m/it' undefined
(Font)              No change on input line 520.
[16<./squirrel3__squirrel__sqapiByGemini_8cpp_a46133ed63b8890a535fde2f0608da01b_
icgraph.pdf><./squirrel3__squirrel__sqapiByGemini_8cpp_aaf03c4ce8d9da70a003c81e1
eb443b01_icgraph.pdf>]
LaTeX Font Info:    Kanji font shape `JY3/gt/m/it' undefined
(Font)              No change on input line 1.
LaTeX Font Info:    Kanji font shape `JY3/gt/m/it' undefined
(Font)              No change on input line 3.
LaTeX Font Info:    Kanji font shape `JY3/gt/m/it' undefined
(Font)              No change on input line 553.
LaTeX Font Info:    Kanji font shape `JY3/gt/m/it' undefined
(Font)              No change on input line 553.
LaTeX Font Info:    Kanji font shape `JY3/gt/m/it' undefined
(Font)              No change on input line 1.
LaTeX Font Info:    Kanji font shape `JY3/gt/m/it' undefined
(Font)              No change on input line 3.
LaTeX Font Info:    Kanji font shape `JY3/gt/m/it' undefined
(Font)              No change on input line 593.
LaTeX Font Info:    Kanji font shape `JY3/gt/m/it' undefined
(Font)              No change on input line 593.
LaTeX Font Info:    Kanji font shape `JY3/gt/m/it' undefined
(Font)              No change on input line 593.
 [17]
LaTeX Font Info:    Kanji font shape `JY3/gt/m/it' undefined
(Font)              No change on input line 1.
LaTeX Font Info:    Kanji font shape `JY3/gt/m/it' undefined
(Font)              No change on input line 3.
LaTeX Font Info:    Kanji font shape `JY3/gt/m/it' undefined
(Font)              No change on input line 5.

warning  (file squirrel3__squirrel__sqapiByGemini_8cpp_a07ba7fe1abf78bf6809273d3
686185f0_cgraph.pdf) (pdf inclusion): PDF inclusion: found PDF version '1.7', bu
t at most version '1.5' allowed
<squirrel3__squirrel__sqapiByGemini_8cpp_a07ba7fe1abf78bf6809273d3686185f0_cgra
ph.pdf, id=1413, 287.0725pt x 99.37125pt>
File: squirrel3__squirrel__sqapiByGemini_8cpp_a07ba7fe1abf78bf6809273d3686185f0
_cgraph.pdf Graphic file (type pdf)
<use squirrel3__squirrel__sqapiByGemini_8cpp_a07ba7fe1abf78bf6809273d3686185f0_
cgraph.pdf>
Package luatex.def Info: squirrel3__squirrel__sqapiByGemini_8cpp_a07ba7fe1abf78
bf6809273d3686185f0_cgraph.pdf  used on input line 636.
(luatex.def)             Requested size: 286.0pt x 99.00253pt.
LaTeX Font Info:    Kanji font shape `JY3/gt/m/it' undefined
(Font)              No change on input line 643.
LaTeX Font Info:    Kanji font shape `JY3/gt/m/it' undefined
(Font)              No change on input line 643.
LaTeX Font Info:    Kanji font shape `JY3/gt/m/it' undefined
(Font)              No change on input line 643.
LaTeX Font Info:    Kanji font shape `JY3/gt/m/it' undefined
(Font)              No change on input line 1.
LaTeX Font Info:    Kanji font shape `JY3/gt/m/it' undefined
(Font)              No change on input line 3.
LaTeX Font Info:    Kanji font shape `JY3/gt/m/it' undefined
(Font)              No change on input line 5.
[18
Missing character: There is no 열 (U+C5F4) in font file:HaranoAjiMincho-Regular
.otf:-kern;jfm=ujis!
<./squirrel3__squirrel__sqapiByGemini_8cpp_a07ba7fe1abf78bf6809273d3686185f0_cgr
aph.pdf>]
warning  (file squirrel3__squirrel__sqapiByGemini_8cpp_af5e43d277d711d58afefb58a
58a88bfa_cgraph.pdf) (pdf inclusion): PDF inclusion: found PDF version '1.7', bu
t at most version '1.5' allowed
<squirrel3__squirrel__sqapiByGemini_8cpp_af5e43d277d711d58afefb58a58a88bfa_cgra
ph.pdf, id=1436, 278.03876pt x 99.37125pt>
File: squirrel3__squirrel__sqapiByGemini_8cpp_af5e43d277d711d58afefb58a58a88bfa
_cgraph.pdf Graphic file (type pdf)
<use squirrel3__squirrel__sqapiByGemini_8cpp_af5e43d277d711d58afefb58a58a88bfa_
cgraph.pdf>
Package luatex.def Info: squirrel3__squirrel__sqapiByGemini_8cpp_af5e43d277d711
d58afefb58a58a88bfa_cgraph.pdf  used on input line 689.
(luatex.def)             Requested size: 277.0pt x 99.00102pt.
LaTeX Font Info:    Kanji font shape `JY3/gt/m/it' undefined
(Font)              No change on input line 696.
LaTeX Font Info:    Kanji font shape `JY3/gt/m/it' undefined
(Font)              No change on input line 696.
LaTeX Font Info:    Kanji font shape `JY3/gt/m/it' undefined
(Font)              No change on input line 696.
LaTeX Font Info:    Kanji font shape `JY3/gt/m/it' undefined
(Font)              No change on input line 1.
LaTeX Font Info:    Kanji font shape `JY3/gt/m/it' undefined
(Font)              No change on input line 3.
LaTeX Font Info:    Kanji font shape `JY3/gt/m/it' undefined
(Font)              No change on input line 5.
[19<./squirrel3__squirrel__sqapiByGemini_8cpp_af5e43d277d711d58afefb58a58a88bfa_
cgraph.pdf>]
warning  (file squirrel3__squirrel__sqapiByGemini_8cpp_a9ed3724b7d6a37cba262ddeb
7863ea93_cgraph.pdf) (pdf inclusion): PDF inclusion: found PDF version '1.7', bu
t at most version '1.5' allowed
<squirrel3__squirrel__sqapiByGemini_8cpp_a9ed3724b7d6a37cba262ddeb7863ea93_cgra
ph.pdf, id=1461, 297.11pt x 99.37125pt>
File: squirrel3__squirrel__sqapiByGemini_8cpp_a9ed3724b7d6a37cba262ddeb7863ea93
_cgraph.pdf Graphic file (type pdf)
<use squirrel3__squirrel__sqapiByGemini_8cpp_a9ed3724b7d6a37cba262ddeb7863ea93_
cgraph.pdf>
Package luatex.def Info: squirrel3__squirrel__sqapiByGemini_8cpp_a9ed3724b7d6a3
7cba262ddeb7863ea93_cgraph.pdf  used on input line 737.
(luatex.def)             Requested size: 296.0pt x 99.00406pt.
LaTeX Font Info:    Kanji font shape `JY3/gt/m/it' undefined
(Font)              No change on input line 744.
LaTeX Font Info:    Kanji font shape `JY3/gt/m/it' undefined
(Font)              No change on input line 744.
LaTeX Font Info:    Kanji font shape `JY3/gt/m/it' undefined
(Font)              No change on input line 744.
LaTeX Font Info:    Kanji font shape `JY3/gt/m/it' undefined
(Font)              No change on input line 1.
LaTeX Font Info:    Kanji font shape `JY3/gt/m/it' undefined
(Font)              No change on input line 3.
LaTeX Font Info:    Kanji font shape `JY3/gt/m/it' undefined
(Font)              No change on input line 5.
[20<./squirrel3__squirrel__sqapiByGemini_8cpp_a9ed3724b7d6a37cba262ddeb7863ea93_
cgraph.pdf>]
warning  (file squirrel3__squirrel__sqapiByGemini_8cpp_a8ec2ade0e8f0c3c4d31a4613
9c12b5ed_cgraph.pdf) (pdf inclusion): PDF inclusion: found PDF version '1.7', bu
t at most version '1.5' allowed
<squirrel3__squirrel__sqapiByGemini_8cpp_a8ec2ade0e8f0c3c4d31a46139c12b5ed_cgra
ph.pdf, id=1485, 289.08pt x 99.37125pt>
File: squirrel3__squirrel__sqapiByGemini_8cpp_a8ec2ade0e8f0c3c4d31a46139c12b5ed
_cgraph.pdf Graphic file (type pdf)
<use squirrel3__squirrel__sqapiByGemini_8cpp_a8ec2ade0e8f0c3c4d31a46139c12b5ed_
cgraph.pdf>
Package luatex.def Info: squirrel3__squirrel__sqapiByGemini_8cpp_a8ec2ade0e8f0c
3c4d31a46139c12b5ed_cgraph.pdf  used on input line 789.
(luatex.def)             Requested size: 288.0pt x 99.00557pt.
LaTeX Font Info:    Kanji font shape `JY3/gt/m/it' undefined
(Font)              No change on input line 796.
LaTeX Font Info:    Kanji font shape `JY3/gt/m/it' undefined
(Font)              No change on input line 796.
LaTeX Font Info:    Kanji font shape `JY3/gt/m/it' undefined
(Font)              No change on input line 1.
LaTeX Font Info:    Kanji font shape `JY3/gt/m/it' undefined
(Font)              No change on input line 3.
[21<./squirrel3__squirrel__sqapiByGemini_8cpp_a8ec2ade0e8f0c3c4d31a46139c12b5ed_
cgraph.pdf>]
LaTeX Font Info:    Kanji font shape `JY3/gt/m/it' undefined
(Font)              No change on input line 846.
LaTeX Font Info:    Kanji font shape `JY3/gt/m/it' undefined
(Font)              No change on input line 846.
LaTeX Font Info:    Kanji font shape `JY3/gt/m/it' undefined
(Font)              No change on input line 846.
LaTeX Font Info:    Kanji font shape `JY3/gt/m/it' undefined
(Font)              No change on input line 846.
LaTeX Font Info:    Kanji font shape `JY3/gt/m/it' undefined
(Font)              No change on input line 1.
LaTeX Font Info:    Kanji font shape `JY3/gt/m/it' undefined
(Font)              No change on input line 3.
LaTeX Font Info:    Kanji font shape `JY3/gt/m/it' undefined
(Font)              No change on input line 5.
LaTeX Font Info:    Kanji font shape `JY3/gt/m/it' undefined
(Font)              No change on input line 7.
LaTeX Font Info:    Kanji font shape `JY3/gt/m/it' undefined
(Font)              No change on input line 887.
LaTeX Font Info:    Kanji font shape `JY3/gt/m/it' undefined
(Font)              No change on input line 887.
LaTeX Font Info:    Kanji font shape `JY3/gt/m/it' undefined
(Font)              No change on input line 1.
LaTeX Font Info:    Kanji font shape `JY3/gt/m/it' undefined
(Font)              No change on input line 3.

Overfull \vbox (23.97488pt too high) has occurred while \output is active []


[22]
warning  (file squirrel3__squirrel__sqapiByGemini_8cpp_a6009870696cef6b1bcda62d6
afba1583_cgraph.pdf) (pdf inclusion): PDF inclusion: found PDF version '1.7', bu
t at most version '1.5' allowed
<squirrel3__squirrel__sqapiByGemini_8cpp_a6009870696cef6b1bcda62d6afba1583_cgra
ph.pdf, id=1523, 312.16624pt x 99.37125pt>
File: squirrel3__squirrel__sqapiByGemini_8cpp_a6009870696cef6b1bcda62d6afba1583
_cgraph.pdf Graphic file (type pdf)
<use squirrel3__squirrel__sqapiByGemini_8cpp_a6009870696cef6b1bcda62d6afba1583_
cgraph.pdf>
Package luatex.def Info: squirrel3__squirrel__sqapiByGemini_8cpp_a6009870696cef
6b1bcda62d6afba1583_cgraph.pdf  used on input line 929.
(luatex.def)             Requested size: 311.0pt x 99.00253pt.

warning  (file squirrel3__squirrel__sqapiByGemini_8cpp_a6009870696cef6b1bcda62d6
afba1583_icgraph.pdf) (pdf inclusion): PDF inclusion: found PDF version '1.7', b
ut at most version '1.5' allowed
<squirrel3__squirrel__sqapiByGemini_8cpp_a6009870696cef6b1bcda62d6afba1583_icgr
aph.pdf, id=1524, 335.2525pt x 173.64874pt>
File: squirrel3__squirrel__sqapiByGemini_8cpp_a6009870696cef6b1bcda62d6afba1583
_icgraph.pdf Graphic file (type pdf)
<use squirrel3__squirrel__sqapiByGemini_8cpp_a6009870696cef6b1bcda62d6afba1583_
icgraph.pdf>
Package luatex.def Info: squirrel3__squirrel__sqapiByGemini_8cpp_a6009870696cef
6b1bcda62d6afba1583_icgraph.pdf  used on input line 937.
(luatex.def)             Requested size: 334.0pt x 172.99915pt.
LaTeX Font Info:    Kanji font shape `JY3/gt/m/it' undefined
(Font)              No change on input line 944.
LaTeX Font Info:    Kanji font shape `JY3/gt/m/it' undefined
(Font)              No change on input line 944.
LaTeX Font Info:    Kanji font shape `JY3/gt/m/it' undefined
(Font)              No change on input line 1.
LaTeX Font Info:    Kanji font shape `JY3/gt/m/it' undefined
(Font)              No change on input line 3.
[23<./squirrel3__squirrel__sqapiByGemini_8cpp_a6009870696cef6b1bcda62d6afba1583_
cgraph.pdf><./squirrel3__squirrel__sqapiByGemini_8cpp_a6009870696cef6b1bcda62d6a
fba1583_icgraph.pdf>]
warning  (file squirrel3__squirrel__sqapiByGemini_8cpp_aa87507b1c5769a719ee3517d
69dcd379_cgraph.pdf) (pdf inclusion): PDF inclusion: found PDF version '1.7', bu
t at most version '1.5' allowed
<squirrel3__squirrel__sqapiByGemini_8cpp_aa87507b1c5769a719ee3517d69dcd379_cgra
ph.pdf, id=1554, 273.02pt x 99.37125pt>
File: squirrel3__squirrel__sqapiByGemini_8cpp_aa87507b1c5769a719ee3517d69dcd379
_cgraph.pdf Graphic file (type pdf)
<use squirrel3__squirrel__sqapiByGemini_8cpp_aa87507b1c5769a719ee3517d69dcd379_
cgraph.pdf>
Package luatex.def Info: squirrel3__squirrel__sqapiByGemini_8cpp_aa87507b1c5769
a719ee3517d69dcd379_cgraph.pdf  used on input line 1012.
(luatex.def)             Requested size: 272.0pt x 99.00557pt.
LaTeX Font Info:    Kanji font shape `JY3/gt/m/it' undefined
(Font)              No change on input line 1019.
LaTeX Font Info:    Kanji font shape `JY3/gt/m/it' undefined
(Font)              No change on input line 1019.
LaTeX Font Info:    Kanji font shape `JY3/gt/m/it' undefined
(Font)              No change on input line 1019.
LaTeX Font Info:    Kanji font shape `JY3/gt/m/it' undefined
(Font)              No change on input line 1019.
[24<./squirrel3__squirrel__sqapiByGemini_8cpp_aa87507b1c5769a719ee3517d69dcd379_
cgraph.pdf>]
LaTeX Font Info:    Kanji font shape `JY3/gt/m/it' undefined
(Font)              No change on input line 1.
LaTeX Font Info:    Kanji font shape `JY3/gt/m/it' undefined
(Font)              No change on input line 3.
LaTeX Font Info:    Kanji font shape `JY3/gt/m/it' undefined
(Font)              No change on input line 5.
LaTeX Font Info:    Kanji font shape `JY3/gt/m/it' undefined
(Font)              No change on input line 7.
LaTeX Font Info:    Kanji font shape `JY3/gt/m/it' undefined
(Font)              No change on input line 1063.
LaTeX Font Info:    Kanji font shape `JY3/gt/m/it' undefined
(Font)              No change on input line 1063.
LaTeX Font Info:    Kanji font shape `JY3/gt/m/it' undefined
(Font)              No change on input line 1.
LaTeX Font Info:    Kanji font shape `JY3/gt/m/it' undefined
(Font)              No change on input line 3.
 [25]
warning  (file squirrel3__squirrel__sqapiByGemini_8cpp_ad3d657e7b83f47efdbd238e7
f1e9bd80_cgraph.pdf) (pdf inclusion): PDF inclusion: found PDF version '1.7', bu
t at most version '1.5' allowed
<squirrel3__squirrel__sqapiByGemini_8cpp_ad3d657e7b83f47efdbd238e7f1e9bd80_cgra
ph.pdf, id=1584, 257.96375pt x 99.37125pt>
File: squirrel3__squirrel__sqapiByGemini_8cpp_ad3d657e7b83f47efdbd238e7f1e9bd80
_cgraph.pdf Graphic file (type pdf)
<use squirrel3__squirrel__sqapiByGemini_8cpp_ad3d657e7b83f47efdbd238e7f1e9bd80_
cgraph.pdf>
Package luatex.def Info: squirrel3__squirrel__sqapiByGemini_8cpp_ad3d657e7b83f4
7efdbd238e7f1e9bd80_cgraph.pdf  used on input line 1108.
(luatex.def)             Requested size: 257.0pt x 99.0086pt.
LaTeX Font Info:    Kanji font shape `JY3/gt/m/it' undefined
(Font)              No change on input line 1115.
LaTeX Font Info:    Kanji font shape `JY3/gt/m/it' undefined
(Font)              No change on input line 1115.
LaTeX Font Info:    Kanji font shape `JY3/gt/m/it' undefined
(Font)              No change on input line 1.
LaTeX Font Info:    Kanji font shape `JY3/gt/m/it' undefined
(Font)              No change on input line 3.
[26<./squirrel3__squirrel__sqapiByGemini_8cpp_ad3d657e7b83f47efdbd238e7f1e9bd80_
cgraph.pdf>]
LaTeX Font Info:    Kanji font shape `JY3/gt/m/it' undefined
(Font)              No change on input line 1152.
LaTeX Font Info:    Kanji font shape `JY3/gt/m/it' undefined
(Font)              No change on input line 1.
LaTeX Font Info:    Kanji font shape `JY3/gt/m/it' undefined
(Font)              No change on input line 1180.
LaTeX Font Info:    Kanji font shape `JY3/gt/m/it' undefined
(Font)              No change on input line 1.
LaTeX Font Info:    Kanji font shape `JY3/gt/m/it' undefined
(Font)              No change on input line 1211.
 [27]
LaTeX Font Info:    Kanji font shape `JY3/gt/m/it' undefined
(Font)              No change on input line 1.
LaTeX Font Info:    Kanji font shape `JY3/gt/m/it' undefined
(Font)              No change on input line 1244.
LaTeX Font Info:    Kanji font shape `JY3/gt/m/it' undefined
(Font)              No change on input line 1244.
LaTeX Font Info:    Kanji font shape `JY3/gt/m/it' undefined
(Font)              No change on input line 1244.
LaTeX Font Info:    Kanji font shape `JY3/gt/m/it' undefined
(Font)              No change on input line 1244.
LaTeX Font Info:    Kanji font shape `JY3/gt/m/it' undefined
(Font)              No change on input line 1244.
LaTeX Font Info:    Kanji font shape `JY3/gt/m/it' undefined
(Font)              No change on input line 1.
LaTeX Font Info:    Kanji font shape `JY3/gt/m/it' undefined
(Font)              No change on input line 3.
LaTeX Font Info:    Kanji font shape `JY3/gt/m/it' undefined
(Font)              No change on input line 5.
LaTeX Font Info:    Kanji font shape `JY3/gt/m/it' undefined
(Font)              No change on input line 7.
LaTeX Font Info:    Kanji font shape `JY3/gt/m/it' undefined
(Font)              No change on input line 9.
 [28]
warning  (file squirrel3__squirrel__sqapiByGemini_8cpp_a697c6454e607c2f74f306f34
c93c1688_cgraph.pdf) (pdf inclusion): PDF inclusion: found PDF version '1.7', bu
t at most version '1.5' allowed
<squirrel3__squirrel__sqapiByGemini_8cpp_a697c6454e607c2f74f306f34c93c1688_cgra
ph.pdf, id=1631, 273.02pt x 99.37125pt>
File: squirrel3__squirrel__sqapiByGemini_8cpp_a697c6454e607c2f74f306f34c93c1688
_cgraph.pdf Graphic file (type pdf)
<use squirrel3__squirrel__sqapiByGemini_8cpp_a697c6454e607c2f74f306f34c93c1688_
cgraph.pdf>
Package luatex.def Info: squirrel3__squirrel__sqapiByGemini_8cpp_a697c6454e607c
2f74f306f34c93c1688_cgraph.pdf  used on input line 1299.
(luatex.def)             Requested size: 272.0pt x 99.00557pt.

warning  (file squirrel3__squirrel__sqapiByGemini_8cpp_a697c6454e607c2f74f306f34
c93c1688_icgraph.pdf) (pdf inclusion): PDF inclusion: found PDF version '1.7', b
ut at most version '1.5' allowed
<squirrel3__squirrel__sqapiByGemini_8cpp_a697c6454e607c2f74f306f34c93c1688_icgr
aph.pdf, id=1632, 290.08376pt x 99.37125pt>
File: squirrel3__squirrel__sqapiByGemini_8cpp_a697c6454e607c2f74f306f34c93c1688
_icgraph.pdf Graphic file (type pdf)
<use squirrel3__squirrel__sqapiByGemini_8cpp_a697c6454e607c2f74f306f34c93c1688_
icgraph.pdf>
Package luatex.def Info: squirrel3__squirrel__sqapiByGemini_8cpp_a697c6454e607c
2f74f306f34c93c1688_icgraph.pdf  used on input line 1307.
(luatex.def)             Requested size: 289.0pt x 99.00557pt.
LaTeX Font Info:    Kanji font shape `JY3/gt/m/it' undefined
(Font)              No change on input line 1314.
LaTeX Font Info:    Kanji font shape `JY3/gt/m/it' undefined
(Font)              No change on input line 1314.
LaTeX Font Info:    Kanji font shape `JY3/gt/m/it' undefined
(Font)              No change on input line 1314.
LaTeX Font Info:    Kanji font shape `JY3/gt/m/it' undefined
(Font)              No change on input line 1314.
LaTeX Font Info:    Kanji font shape `JY3/gt/m/it' undefined
(Font)              No change on input line 1314.
LaTeX Font Info:    Kanji font shape `JY3/gt/m/it' undefined
(Font)              No change on input line 1.
LaTeX Font Info:    Kanji font shape `JY3/gt/m/it' undefined
(Font)              No change on input line 3.
LaTeX Font Info:    Kanji font shape `JY3/gt/m/it' undefined
(Font)              No change on input line 5.
LaTeX Font Info:    Kanji font shape `JY3/gt/m/it' undefined
(Font)              No change on input line 7.
LaTeX Font Info:    Kanji font shape `JY3/gt/m/it' undefined
(Font)              No change on input line 9.
[29<./squirrel3__squirrel__sqapiByGemini_8cpp_a697c6454e607c2f74f306f34c93c1688_
cgraph.pdf><./squirrel3__squirrel__sqapiByGemini_8cpp_a697c6454e607c2f74f306f34c
93c1688_icgraph.pdf>]
warning  (file squirrel3__squirrel__sqapiByGemini_8cpp_ae01f22ac86b7d1d013d2edab
ce068ef1_cgraph.pdf) (pdf inclusion): PDF inclusion: found PDF version '1.7', bu
t at most version '1.5' allowed
<squirrel3__squirrel__sqapiByGemini_8cpp_ae01f22ac86b7d1d013d2edabce068ef1_cgra
ph.pdf, id=1674, 412.54124pt x 136.51pt>
File: squirrel3__squirrel__sqapiByGemini_8cpp_ae01f22ac86b7d1d013d2edabce068ef1
_cgraph.pdf Graphic file (type pdf)
<use squirrel3__squirrel__sqapiByGemini_8cpp_ae01f22ac86b7d1d013d2edabce068ef1_
cgraph.pdf>
Package luatex.def Info: squirrel3__squirrel__sqapiByGemini_8cpp_ae01f22ac86b7d
1d013d2edabce068ef1_cgraph.pdf  used on input line 1360.
(luatex.def)             Requested size: 350.0pt x 115.81741pt.
LaTeX Font Info:    Kanji font shape `JY3/gt/m/it' undefined
(Font)              No change on input line 1367.
LaTeX Font Info:    Kanji font shape `JY3/gt/m/it' undefined
(Font)              No change on input line 1367.
LaTeX Font Info:    Kanji font shape `JY3/gt/m/it' undefined
(Font)              No change on input line 1.
LaTeX Font Info:    Kanji font shape `JY3/gt/m/it' undefined
(Font)              No change on input line 3.
[30<./squirrel3__squirrel__sqapiByGemini_8cpp_ae01f22ac86b7d1d013d2edabce068ef1_
cgraph.pdf>]
LaTeX Font Info:    Kanji font shape `JY3/gt/m/it' undefined
(Font)              No change on input line 1405.
LaTeX Font Info:    Kanji font shape `JY3/gt/m/it' undefined
(Font)              No change on input line 1405.
LaTeX Font Info:    Kanji font shape `JY3/gt/m/it' undefined
(Font)              No change on input line 1405.
LaTeX Font Info:    Kanji font shape `JY3/gt/m/it' undefined
(Font)              No change on input line 1.
LaTeX Font Info:    Kanji font shape `JY3/gt/m/it' undefined
(Font)              No change on input line 3.
LaTeX Font Info:    Kanji font shape `JY3/gt/m/it' undefined
(Font)              No change on input line 5.

warning  (file squirrel3__squirrel__sqapiByGemini_8cpp_a7a2b220f80c89e982781f5eb
c1a157db_cgraph.pdf) (pdf inclusion): PDF inclusion: found PDF version '1.7', bu
t at most version '1.5' allowed
<squirrel3__squirrel__sqapiByGemini_8cpp_a7a2b220f80c89e982781f5ebc1a157db_cgra
ph.pdf, id=1709, 283.0575pt x 99.37125pt>
File: squirrel3__squirrel__sqapiByGemini_8cpp_a7a2b220f80c89e982781f5ebc1a157db
_cgraph.pdf Graphic file (type pdf)
<use squirrel3__squirrel__sqapiByGemini_8cpp_a7a2b220f80c89e982781f5ebc1a157db_
cgraph.pdf>
Package luatex.def Info: squirrel3__squirrel__sqapiByGemini_8cpp_a7a2b220f80c89
e982781f5ebc1a157db_cgraph.pdf  used on input line 1455.
(luatex.def)             Requested size: 282.0pt x 99.0086pt.
[31]
LaTeX Font Info:    Kanji font shape `JY3/gt/m/it' undefined
(Font)              No change on input line 1462.
LaTeX Font Info:    Kanji font shape `JY3/gt/m/it' undefined
(Font)              No change on input line 1462.
LaTeX Font Info:    Kanji font shape `JY3/gt/m/it' undefined
(Font)              No change on input line 1.
LaTeX Font Info:    Kanji font shape `JY3/gt/m/it' undefined
(Font)              No change on input line 3.
LaTeX Font Info:    Kanji font shape `JY3/gt/m/it' undefined
(Font)              No change on input line 1490.
LaTeX Font Info:    Kanji font shape `JY3/gt/m/it' undefined
(Font)              No change on input line 1490.
LaTeX Font Info:    Kanji font shape `JY3/gt/m/it' undefined
(Font)              No change on input line 1.
LaTeX Font Info:    Kanji font shape `JY3/gt/m/it' undefined
(Font)              No change on input line 3.
 [32<./squirrel3__squirrel__sqapiByGemini_8cpp_a7a2b220f80c89e982781f5ebc1a157db
_cgraph.pdf>]
LaTeX Font Info:    Kanji font shape `JY3/gt/m/it' undefined
(Font)              No change on input line 1518.
LaTeX Font Info:    Kanji font shape `JY3/gt/m/it' undefined
(Font)              No change on input line 1518.
LaTeX Font Info:    Kanji font shape `JY3/gt/m/it' undefined
(Font)              No change on input line 1.
LaTeX Font Info:    Kanji font shape `JY3/gt/m/it' undefined
(Font)              No change on input line 3.
LaTeX Font Info:    Kanji font shape `JY3/gt/m/it' undefined
(Font)              No change on input line 1554.
LaTeX Font Info:    Kanji font shape `JY3/gt/m/it' undefined
(Font)              No change on input line 1554.
LaTeX Font Info:    Kanji font shape `JY3/gt/m/it' undefined
(Font)              No change on input line 1.
LaTeX Font Info:    Kanji font shape `JY3/gt/m/it' undefined
(Font)              No change on input line 3.
 [33]
warning  (file squirrel3__squirrel__sqapiByGemini_8cpp_af8bfea10d6163ea947c695ac
4dff6f0a_cgraph.pdf) (pdf inclusion): PDF inclusion: found PDF version '1.7', bu
t at most version '1.5' allowed
<squirrel3__squirrel__sqapiByGemini_8cpp_af8bfea10d6163ea947c695ac4dff6f0a_cgra
ph.pdf, id=1755, 297.11pt x 99.37125pt>
File: squirrel3__squirrel__sqapiByGemini_8cpp_af8bfea10d6163ea947c695ac4dff6f0a
_cgraph.pdf Graphic file (type pdf)
<use squirrel3__squirrel__sqapiByGemini_8cpp_af8bfea10d6163ea947c695ac4dff6f0a_
cgraph.pdf>
Package luatex.def Info: squirrel3__squirrel__sqapiByGemini_8cpp_af8bfea10d6163
ea947c695ac4dff6f0a_cgraph.pdf  used on input line 1605.
(luatex.def)             Requested size: 296.0pt x 99.00406pt.
LaTeX Font Info:    Kanji font shape `JY3/gt/m/it' undefined
(Font)              No change on input line 1612.
LaTeX Font Info:    Kanji font shape `JY3/gt/m/it' undefined
(Font)              No change on input line 1612.
LaTeX Font Info:    Kanji font shape `JY3/gt/m/it' undefined
(Font)              No change on input line 1.
LaTeX Font Info:    Kanji font shape `JY3/gt/m/it' undefined
(Font)              No change on input line 3.
[34<./squirrel3__squirrel__sqapiByGemini_8cpp_af8bfea10d6163ea947c695ac4dff6f0a_
cgraph.pdf>]
LaTeX Font Info:    Kanji font shape `JY3/gt/m/it' undefined
(Font)              No change on input line 1653.
LaTeX Font Info:    Kanji font shape `JY3/gt/m/it' undefined
(Font)              No change on input line 1653.
LaTeX Font Info:    Kanji font shape `JY3/gt/m/it' undefined
(Font)              No change on input line 1653.
LaTeX Font Info:    Kanji font shape `JY3/gt/m/it' undefined
(Font)              No change on input line 1.
LaTeX Font Info:    Kanji font shape `JY3/gt/m/it' undefined
(Font)              No change on input line 3.
LaTeX Font Info:    Kanji font shape `JY3/gt/m/it' undefined
(Font)              No change on input line 5.
LaTeX Font Info:    Kanji font shape `JY3/gt/m/it' undefined
(Font)              No change on input line 1691.
LaTeX Font Info:    Kanji font shape `JY3/gt/m/it' undefined
(Font)              No change on input line 1691.
LaTeX Font Info:    Kanji font shape `JY3/gt/m/it' undefined
(Font)              No change on input line 1691.
LaTeX Font Info:    Kanji font shape `JY3/gt/m/it' undefined
(Font)              No change on input line 1.
LaTeX Font Info:    Kanji font shape `JY3/gt/m/it' undefined
(Font)              No change on input line 3.
LaTeX Font Info:    Kanji font shape `JY3/gt/m/it' undefined
(Font)              No change on input line 5.

Overfull \vbox (34.88065pt too high) has occurred while \output is active []


[35]
warning  (file squirrel3__squirrel__sqapiByGemini_8cpp_a72b4c8f516e2d9cf5e65bc86
182a3067_cgraph.pdf) (pdf inclusion): PDF inclusion: found PDF version '1.7', bu
t at most version '1.5' allowed
<squirrel3__squirrel__sqapiByGemini_8cpp_a72b4c8f516e2d9cf5e65bc86182a3067_cgra
ph.pdf, id=1790, 455.7025pt x 99.37125pt>
File: squirrel3__squirrel__sqapiByGemini_8cpp_a72b4c8f516e2d9cf5e65bc86182a3067
_cgraph.pdf Graphic file (type pdf)
<use squirrel3__squirrel__sqapiByGemini_8cpp_a72b4c8f516e2d9cf5e65bc86182a3067_
cgraph.pdf>
Package luatex.def Info: squirrel3__squirrel__sqapiByGemini_8cpp_a72b4c8f516e2d
9cf5e65bc86182a3067_cgraph.pdf  used on input line 1735.
(luatex.def)             Requested size: 350.0pt x 76.32352pt.
LaTeX Font Info:    Kanji font shape `JY3/gt/m/it' undefined
(Font)              No change on input line 1742.
LaTeX Font Info:    Kanji font shape `JY3/gt/m/it' undefined
(Font)              No change on input line 1.

warning  (file squirrel3__squirrel__sqapiByGemini_8cpp_a6fabb41fe194c01846b53c83
a903e60b_cgraph.pdf) (pdf inclusion): PDF inclusion: found PDF version '1.7', bu
t at most version '1.5' allowed
<squirrel3__squirrel__sqapiByGemini_8cpp_a6fabb41fe194c01846b53c83a903e60b_cgra
ph.pdf, id=1795, 279.0425pt x 99.37125pt>
File: squirrel3__squirrel__sqapiByGemini_8cpp_a6fabb41fe194c01846b53c83a903e60b
_cgraph.pdf Graphic file (type pdf)
<use squirrel3__squirrel__sqapiByGemini_8cpp_a6fabb41fe194c01846b53c83a903e60b_
cgraph.pdf>
Package luatex.def Info: squirrel3__squirrel__sqapiByGemini_8cpp_a6fabb41fe194c
01846b53c83a903e60b_cgraph.pdf  used on input line 1781.
(luatex.def)             Requested size: 278.0pt x 99.00253pt.
[36<./squirrel3__squirrel__sqapiByGemini_8cpp_a72b4c8f516e2d9cf5e65bc86182a3067_
cgraph.pdf>]
LaTeX Font Info:    Kanji font shape `JY3/gt/m/it' undefined
(Font)              No change on input line 1788.
LaTeX Font Info:    Kanji font shape `JY3/gt/m/it' undefined
(Font)              No change on input line 1788.
LaTeX Font Info:    Kanji font shape `JY3/gt/m/it' undefined
(Font)              No change on input line 1.
LaTeX Font Info:    Kanji font shape `JY3/gt/m/it' undefined
(Font)              No change on input line 3.
LaTeX Font Info:    Kanji font shape `JY3/gt/m/it' undefined
(Font)              No change on input line 1826.
LaTeX Font Info:    Kanji font shape `JY3/gt/m/it' undefined
(Font)              No change on input line 1826.
LaTeX Font Info:    Kanji font shape `JY3/gt/m/it' undefined
(Font)              No change on input line 1826.
LaTeX Font Info:    Kanji font shape `JY3/gt/m/it' undefined
(Font)              No change on input line 1826.
LaTeX Font Info:    Kanji font shape `JY3/gt/m/it' undefined
(Font)              No change on input line 1.
LaTeX Font Info:    Kanji font shape `JY3/gt/m/it' undefined
(Font)              No change on input line 3.
LaTeX Font Info:    Kanji font shape `JY3/gt/m/it' undefined
(Font)              No change on input line 5.
LaTeX Font Info:    Kanji font shape `JY3/gt/m/it' undefined
(Font)              No change on input line 7.
 [37<./squirrel3__squirrel__sqapiByGemini_8cpp_a6fabb41fe194c01846b53c83a903e60b
_cgraph.pdf>]
warning  (file squirrel3__squirrel__sqapiByGemini_8cpp_a2e4135d0a606bca6deaab46b
65cff9e5_cgraph.pdf) (pdf inclusion): PDF inclusion: found PDF version '1.7', bu
t at most version '1.5' allowed
<squirrel3__squirrel__sqapiByGemini_8cpp_a2e4135d0a606bca6deaab46b65cff9e5_cgra
ph.pdf, id=1832, 304.13625pt x 99.37125pt>
File: squirrel3__squirrel__sqapiByGemini_8cpp_a2e4135d0a606bca6deaab46b65cff9e5
_cgraph.pdf Graphic file (type pdf)
<use squirrel3__squirrel__sqapiByGemini_8cpp_a2e4135d0a606bca6deaab46b65cff9e5_
cgraph.pdf>
Package luatex.def Info: squirrel3__squirrel__sqapiByGemini_8cpp_a2e4135d0a606b
ca6deaab46b65cff9e5_cgraph.pdf  used on input line 1881.
(luatex.def)             Requested size: 303.0pt x 99.00253pt.
LaTeX Font Info:    Kanji font shape `JY3/gt/m/it' undefined
(Font)              No change on input line 1888.
LaTeX Font Info:    Kanji font shape `JY3/gt/m/it' undefined
(Font)              No change on input line 1888.
LaTeX Font Info:    Kanji font shape `JY3/gt/m/it' undefined
(Font)              No change on input line 1.
LaTeX Font Info:    Kanji font shape `JY3/gt/m/it' undefined
(Font)              No change on input line 3.
[38<./squirrel3__squirrel__sqapiByGemini_8cpp_a2e4135d0a606bca6deaab46b65cff9e5_
cgraph.pdf>]
warning  (file squirrel3__squirrel__sqapiByGemini_8cpp_aadeaeec13a56032d1e8b99b7
92b8c24b_cgraph.pdf) (pdf inclusion): PDF inclusion: found PDF version '1.7', bu
t at most version '1.5' allowed
<squirrel3__squirrel__sqapiByGemini_8cpp_aadeaeec13a56032d1e8b99b792b8c24b_cgra
ph.pdf, id=1851, 313.17pt x 99.37125pt>
File: squirrel3__squirrel__sqapiByGemini_8cpp_aadeaeec13a56032d1e8b99b792b8c24b
_cgraph.pdf Graphic file (type pdf)
<use squirrel3__squirrel__sqapiByGemini_8cpp_aadeaeec13a56032d1e8b99b792b8c24b_
cgraph.pdf>
Package luatex.def Info: squirrel3__squirrel__sqapiByGemini_8cpp_aadeaeec13a560
32d1e8b99b792b8c24b_cgraph.pdf  used on input line 1935.
(luatex.def)             Requested size: 312.0pt x 99.00406pt.
LaTeX Font Info:    Kanji font shape `JY3/gt/m/it' undefined
(Font)              No change on input line 1942.
LaTeX Font Info:    Kanji font shape `JY3/gt/m/it' undefined
(Font)              No change on input line 1942.
LaTeX Font Info:    Kanji font shape `JY3/gt/m/it' undefined
(Font)              No change on input line 1.
LaTeX Font Info:    Kanji font shape `JY3/gt/m/it' undefined
(Font)              No change on input line 3.
[39<./squirrel3__squirrel__sqapiByGemini_8cpp_aadeaeec13a56032d1e8b99b792b8c24b_
cgraph.pdf>]
warning  (file squirrel3__squirrel__sqapiByGemini_8cpp_a689ce1accfb40d21a52b4f14
ba171c81_cgraph.pdf) (pdf inclusion): PDF inclusion: found PDF version '1.7', bu
t at most version '1.5' allowed
<squirrel3__squirrel__sqapiByGemini_8cpp_a689ce1accfb40d21a52b4f14ba171c81_cgra
ph.pdf, id=1871, 305.14pt x 99.37125pt>
File: squirrel3__squirrel__sqapiByGemini_8cpp_a689ce1accfb40d21a52b4f14ba171c81
_cgraph.pdf Graphic file (type pdf)
<use squirrel3__squirrel__sqapiByGemini_8cpp_a689ce1accfb40d21a52b4f14ba171c81_
cgraph.pdf>
Package luatex.def Info: squirrel3__squirrel__sqapiByGemini_8cpp_a689ce1accfb40
d21a52b4f14ba171c81_cgraph.pdf  used on input line 1981.
(luatex.def)             Requested size: 304.0pt x 99.00406pt.
LaTeX Font Info:    Kanji font shape `JY3/gt/m/it' undefined
(Font)              No change on input line 1988.
LaTeX Font Info:    Kanji font shape `JY3/gt/m/it' undefined
(Font)              No change on input line 1988.
LaTeX Font Info:    Kanji font shape `JY3/gt/m/it' undefined
(Font)              No change on input line 1.
LaTeX Font Info:    Kanji font shape `JY3/gt/m/it' undefined
(Font)              No change on input line 3.
[40<./squirrel3__squirrel__sqapiByGemini_8cpp_a689ce1accfb40d21a52b4f14ba171c81_
cgraph.pdf>]
warning  (file squirrel3__squirrel__sqapiByGemini_8cpp_a331bbd911bab3fcd2b3dcb7c
2a6a5e76_cgraph.pdf) (pdf inclusion): PDF inclusion: found PDF version '1.7', bu
t at most version '1.5' allowed
<squirrel3__squirrel__sqapiByGemini_8cpp_a331bbd911bab3fcd2b3dcb7c2a6a5e76_cgra
ph.pdf, id=1891, 327.2225pt x 99.37125pt>
File: squirrel3__squirrel__sqapiByGemini_8cpp_a331bbd911bab3fcd2b3dcb7c2a6a5e76
_cgraph.pdf Graphic file (type pdf)
<use squirrel3__squirrel__sqapiByGemini_8cpp_a331bbd911bab3fcd2b3dcb7c2a6a5e76_
cgraph.pdf>
Package luatex.def Info: squirrel3__squirrel__sqapiByGemini_8cpp_a331bbd911bab3
fcd2b3dcb7c2a6a5e76_cgraph.pdf  used on input line 2038.
(luatex.def)             Requested size: 326.0pt x 98.99951pt.
LaTeX Font Info:    Kanji font shape `JY3/gt/m/it' undefined
(Font)              No change on input line 2045.
LaTeX Font Info:    Kanji font shape `JY3/gt/m/it' undefined
(Font)              No change on input line 2045.
LaTeX Font Info:    Kanji font shape `JY3/gt/m/it' undefined
(Font)              No change on input line 1.
LaTeX Font Info:    Kanji font shape `JY3/gt/m/it' undefined
(Font)              No change on input line 3.
[41<./squirrel3__squirrel__sqapiByGemini_8cpp_a331bbd911bab3fcd2b3dcb7c2a6a5e76_
cgraph.pdf>]
warning  (file squirrel3__squirrel__sqapiByGemini_8cpp_a7c123714a35f931470c776a4
ed8cbc4e_cgraph.pdf) (pdf inclusion): PDF inclusion: found PDF version '1.7', bu
t at most version '1.5' allowed
<squirrel3__squirrel__sqapiByGemini_8cpp_a7c123714a35f931470c776a4ed8cbc4e_cgra
ph.pdf, id=1911, 293.095pt x 99.37125pt>
File: squirrel3__squirrel__sqapiByGemini_8cpp_a7c123714a35f931470c776a4ed8cbc4e
_cgraph.pdf Graphic file (type pdf)
<use squirrel3__squirrel__sqapiByGemini_8cpp_a7c123714a35f931470c776a4ed8cbc4e_
cgraph.pdf>
Package luatex.def Info: squirrel3__squirrel__sqapiByGemini_8cpp_a7c123714a35f9
31470c776a4ed8cbc4e_cgraph.pdf  used on input line 2094.
(luatex.def)             Requested size: 292.0pt x 98.99951pt.
LaTeX Font Info:    Kanji font shape `JY3/gt/m/it' undefined
(Font)              No change on input line 2101.
LaTeX Font Info:    Kanji font shape `JY3/gt/m/it' undefined
(Font)              No change on input line 1.
LaTeX Font Info:    Kanji font shape `JY3/gt/m/it' undefined
(Font)              No change on input line 2130.
LaTeX Font Info:    Kanji font shape `JY3/gt/m/it' undefined
(Font)              No change on input line 2130.
LaTeX Font Info:    Kanji font shape `JY3/gt/m/it' undefined
(Font)              No change on input line 2130.
LaTeX Font Info:    Kanji font shape `JY3/gt/m/it' undefined
(Font)              No change on input line 1.
LaTeX Font Info:    Kanji font shape `JY3/gt/m/it' undefined
(Font)              No change on input line 3.
LaTeX Font Info:    Kanji font shape `JY3/gt/m/it' undefined
(Font)              No change on input line 5.

Overfull \vbox (35.98843pt too high) has occurred while \output is active []


[42<./squirrel3__squirrel__sqapiByGemini_8cpp_a7c123714a35f931470c776a4ed8cbc4e_
cgraph.pdf>]
LaTeX Font Info:    Kanji font shape `JY3/gt/m/it' undefined
(Font)              No change on input line 2168.
LaTeX Font Info:    Kanji font shape `JY3/gt/m/it' undefined
(Font)              No change on input line 1.
LaTeX Font Info:    Kanji font shape `JY3/gt/m/it' undefined
(Font)              No change on input line 2197.
LaTeX Font Info:    Kanji font shape `JY3/gt/m/it' undefined
(Font)              No change on input line 2197.
LaTeX Font Info:    Kanji font shape `JY3/gt/m/it' undefined
(Font)              No change on input line 2197.
LaTeX Font Info:    Kanji font shape `JY3/gt/m/it' undefined
(Font)              No change on input line 1.
LaTeX Font Info:    Kanji font shape `JY3/gt/m/it' undefined
(Font)              No change on input line 3.
LaTeX Font Info:    Kanji font shape `JY3/gt/m/it' undefined
(Font)              No change on input line 5.
 [43]
LaTeX Font Info:    Kanji font shape `JY3/gt/m/it' undefined
(Font)              No change on input line 2254.
LaTeX Font Info:    Kanji font shape `JY3/gt/m/it' undefined
(Font)              No change on input line 2254.
LaTeX Font Info:    Kanji font shape `JY3/gt/m/it' undefined
(Font)              No change on input line 1.
LaTeX Font Info:    Kanji font shape `JY3/gt/m/it' undefined
(Font)              No change on input line 3.
LaTeX Font Info:    Kanji font shape `JY3/gt/m/it' undefined
(Font)              No change on input line 2286.
LaTeX Font Info:    Kanji font shape `JY3/gt/m/it' undefined
(Font)              No change on input line 2286.
LaTeX Font Info:    Kanji font shape `JY3/gt/m/it' undefined
(Font)              No change on input line 2286.
LaTeX Font Info:    Kanji font shape `JY3/gt/m/it' undefined
(Font)              No change on input line 2286.
LaTeX Font Info:    Kanji font shape `JY3/gt/m/it' undefined
(Font)              No change on input line 2286.
 [44]
LaTeX Font Info:    Kanji font shape `JY3/gt/m/it' undefined
(Font)              No change on input line 1.
LaTeX Font Info:    Kanji font shape `JY3/gt/m/it' undefined
(Font)              No change on input line 3.
LaTeX Font Info:    Kanji font shape `JY3/gt/m/it' undefined
(Font)              No change on input line 5.
LaTeX Font Info:    Kanji font shape `JY3/gt/m/it' undefined
(Font)              No change on input line 7.
LaTeX Font Info:    Kanji font shape `JY3/gt/m/it' undefined
(Font)              No change on input line 9.

warning  (file squirrel3__squirrel__sqapiByGemini_8cpp_a15663da643754e55270c67fd
d0a88d1d_cgraph.pdf) (pdf inclusion): PDF inclusion: found PDF version '1.7', bu
t at most version '1.5' allowed
<squirrel3__squirrel__sqapiByGemini_8cpp_a15663da643754e55270c67fdd0a88d1d_cgra
ph.pdf, id=1960, 303.1325pt x 99.37125pt>
File: squirrel3__squirrel__sqapiByGemini_8cpp_a15663da643754e55270c67fdd0a88d1d
_cgraph.pdf Graphic file (type pdf)
<use squirrel3__squirrel__sqapiByGemini_8cpp_a15663da643754e55270c67fdd0a88d1d_
cgraph.pdf>
Package luatex.def Info: squirrel3__squirrel__sqapiByGemini_8cpp_a15663da643754
e55270c67fdd0a88d1d_cgraph.pdf  used on input line 2340.
(luatex.def)             Requested size: 302.0pt x 99.00102pt.
LaTeX Font Info:    Kanji font shape `JY3/gt/m/it' undefined
(Font)              No change on input line 2347.
LaTeX Font Info:    Kanji font shape `JY3/gt/m/it' undefined
(Font)              No change on input line 2347.
LaTeX Font Info:    Kanji font shape `JY3/gt/m/it' undefined
(Font)              No change on input line 2347.
[45<./squirrel3__squirrel__sqapiByGemini_8cpp_a15663da643754e55270c67fdd0a88d1d_
cgraph.pdf>]
LaTeX Font Info:    Kanji font shape `JY3/gt/m/it' undefined
(Font)              No change on input line 1.
LaTeX Font Info:    Kanji font shape `JY3/gt/m/it' undefined
(Font)              No change on input line 3.
LaTeX Font Info:    Kanji font shape `JY3/gt/m/it' undefined
(Font)              No change on input line 5.
LaTeX Font Info:    Kanji font shape `JY3/gt/m/it' undefined
(Font)              No change on input line 2389.
LaTeX Font Info:    Kanji font shape `JY3/gt/m/it' undefined
(Font)              No change on input line 1.
LaTeX Font Info:    Kanji font shape `JY3/gt/m/it' undefined
(Font)              No change on input line 2415.
LaTeX Font Info:    Kanji font shape `JY3/gt/m/it' undefined
(Font)              No change on input line 2415.
LaTeX Font Info:    Kanji font shape `JY3/gt/m/it' undefined
(Font)              No change on input line 2415.
 [46]
LaTeX Font Info:    Kanji font shape `JY3/gt/m/it' undefined
(Font)              No change on input line 1.
LaTeX Font Info:    Kanji font shape `JY3/gt/m/it' undefined
(Font)              No change on input line 3.
LaTeX Font Info:    Kanji font shape `JY3/gt/m/it' undefined
(Font)              No change on input line 5.
LaTeX Font Info:    Kanji font shape `JY3/gt/m/it' undefined
(Font)              No change on input line 2468.
LaTeX Font Info:    Kanji font shape `JY3/gt/m/it' undefined
(Font)              No change on input line 2468.
LaTeX Font Info:    Kanji font shape `JY3/gt/m/it' undefined
(Font)              No change on input line 2468.
LaTeX Font Info:    Kanji font shape `JY3/gt/m/it' undefined
(Font)              No change on input line 1.
LaTeX Font Info:    Kanji font shape `JY3/gt/m/it' undefined
(Font)              No change on input line 3.
LaTeX Font Info:    Kanji font shape `JY3/gt/m/it' undefined
(Font)              No change on input line 5.

Overfull \vbox (25.36487pt too high) has occurred while \output is active []


[47]
warning  (file squirrel3__squirrel__sqapiByGemini_8cpp_aa81e583c4f6843066b5de973
1309e816_cgraph.pdf) (pdf inclusion): PDF inclusion: found PDF version '1.7', bu
t at most version '1.5' allowed
<squirrel3__squirrel__sqapiByGemini_8cpp_aa81e583c4f6843066b5de9731309e816_cgra
ph.pdf, id=2004, 324.21124pt x 99.37125pt>
File: squirrel3__squirrel__sqapiByGemini_8cpp_aa81e583c4f6843066b5de9731309e816
_cgraph.pdf Graphic file (type pdf)
<use squirrel3__squirrel__sqapiByGemini_8cpp_aa81e583c4f6843066b5de9731309e816_
cgraph.pdf>
Package luatex.def Info: squirrel3__squirrel__sqapiByGemini_8cpp_aa81e583c4f684
3066b5de9731309e816_cgraph.pdf  used on input line 2517.
(luatex.def)             Requested size: 323.0pt x 99.00557pt.
LaTeX Font Info:    Kanji font shape `JY3/gt/m/it' undefined
(Font)              No change on input line 2524.
LaTeX Font Info:    Kanji font shape `JY3/gt/m/it' undefined
(Font)              No change on input line 2524.
LaTeX Font Info:    Kanji font shape `JY3/gt/m/it' undefined
(Font)              No change on input line 1.
LaTeX Font Info:    Kanji font shape `JY3/gt/m/it' undefined
(Font)              No change on input line 3.
[48<./squirrel3__squirrel__sqapiByGemini_8cpp_aa81e583c4f6843066b5de9731309e816_
cgraph.pdf>]
warning  (file squirrel3__squirrel__sqapiByGemini_8cpp_a664c0b45a611c71ed7d65828
ef462218_icgraph.pdf) (pdf inclusion): PDF inclusion: found PDF version '1.7', b
ut at most version '1.5' allowed
<squirrel3__squirrel__sqapiByGemini_8cpp_a664c0b45a611c71ed7d65828ef462218_icgr
aph.pdf, id=2023, 304.13625pt x 99.37125pt>
File: squirrel3__squirrel__sqapiByGemini_8cpp_a664c0b45a611c71ed7d65828ef462218
_icgraph.pdf Graphic file (type pdf)
<use squirrel3__squirrel__sqapiByGemini_8cpp_a664c0b45a611c71ed7d65828ef462218_
icgraph.pdf>
Package luatex.def Info: squirrel3__squirrel__sqapiByGemini_8cpp_a664c0b45a611c
71ed7d65828ef462218_icgraph.pdf  used on input line 2566.
(luatex.def)             Requested size: 303.0pt x 99.00253pt.
LaTeX Font Info:    Kanji font shape `JY3/gt/m/it' undefined
(Font)              No change on input line 2573.
LaTeX Font Info:    Kanji font shape `JY3/gt/m/it' undefined
(Font)              No change on input line 1.
LaTeX Font Info:    Kanji font shape `JY3/gt/m/it' undefined
(Font)              No change on input line 2602.
LaTeX Font Info:    Kanji font shape `JY3/gt/m/it' undefined
(Font)              No change on input line 2602.
LaTeX Font Info:    Kanji font shape `JY3/gt/m/it' undefined
(Font)              No change on input line 1.
LaTeX Font Info:    Kanji font shape `JY3/gt/m/it' undefined
(Font)              No change on input line 3.
[49<./squirrel3__squirrel__sqapiByGemini_8cpp_a664c0b45a611c71ed7d65828ef462218_
icgraph.pdf>]
LaTeX Font Info:    Kanji font shape `JY3/gt/m/it' undefined
(Font)              No change on input line 2638.
LaTeX Font Info:    Kanji font shape `JY3/gt/m/it' undefined
(Font)              No change on input line 2638.
LaTeX Font Info:    Kanji font shape `JY3/gt/m/it' undefined
(Font)              No change on input line 1.
LaTeX Font Info:    Kanji font shape `JY3/gt/m/it' undefined
(Font)              No change on input line 3.
LaTeX Font Info:    Kanji font shape `JY3/gt/m/it' undefined
(Font)              No change on input line 2675.
LaTeX Font Info:    Kanji font shape `JY3/gt/m/it' undefined
(Font)              No change on input line 2675.
LaTeX Font Info:    Kanji font shape `JY3/gt/m/it' undefined
(Font)              No change on input line 1.
LaTeX Font Info:    Kanji font shape `JY3/gt/m/it' undefined
(Font)              No change on input line 3.
 [50]
LaTeX Font Info:    Kanji font shape `JY3/gt/m/it' undefined
(Font)              No change on input line 2706.
LaTeX Font Info:    Kanji font shape `JY3/gt/m/it' undefined
(Font)              No change on input line 1.
LaTeX Font Info:    Kanji font shape `JY3/gt/m/it' undefined
(Font)              No change on input line 2735.
LaTeX Font Info:    Kanji font shape `JY3/gt/m/it' undefined
(Font)              No change on input line 1.
 [51] [52]
LaTeX Font Info:    Kanji font shape `JY3/gt/m/it' undefined
(Font)              No change on input line 2764.
LaTeX Font Info:    Kanji font shape `JY3/gt/m/it' undefined
(Font)              No change on input line 2764.
LaTeX Font Info:    Kanji font shape `JY3/gt/m/it' undefined
(Font)              No change on input line 1.
LaTeX Font Info:    Kanji font shape `JY3/gt/m/it' undefined
(Font)              No change on input line 3.

warning  (file squirrel3__squirrel__sqapiByGemini_8cpp_a57ada0f26d198b6aa218d632
e8a00a88_cgraph.pdf) (pdf inclusion): PDF inclusion: found PDF version '1.7', bu
t at most version '1.5' allowed
<squirrel3__squirrel__sqapiByGemini_8cpp_a57ada0f26d198b6aa218d632e8a00a88_cgra
ph.pdf, id=2078, 416.55624pt x 99.37125pt>
File: squirrel3__squirrel__sqapiByGemini_8cpp_a57ada0f26d198b6aa218d632e8a00a88
_cgraph.pdf Graphic file (type pdf)
<use squirrel3__squirrel__sqapiByGemini_8cpp_a57ada0f26d198b6aa218d632e8a00a88_
cgraph.pdf>
Package luatex.def Info: squirrel3__squirrel__sqapiByGemini_8cpp_a57ada0f26d198
b6aa218d632e8a00a88_cgraph.pdf  used on input line 2818.
(luatex.def)             Requested size: 350.0pt x 83.49857pt.
[53]
LaTeX Font Info:    Kanji font shape `JY3/gt/m/it' undefined
(Font)              No change on input line 2825.
LaTeX Font Info:    Kanji font shape `JY3/gt/m/it' undefined
(Font)              No change on input line 2825.
LaTeX Font Info:    Kanji font shape `JY3/gt/m/it' undefined
(Font)              No change on input line 2825.
LaTeX Font Info:    Kanji font shape `JY3/gt/m/it' undefined
(Font)              No change on input line 1.
LaTeX Font Info:    Kanji font shape `JY3/gt/m/it' undefined
(Font)              No change on input line 3.
LaTeX Font Info:    Kanji font shape `JY3/gt/m/it' undefined
(Font)              No change on input line 5.
LaTeX Font Info:    Kanji font shape `JY3/gt/m/it' undefined
(Font)              No change on input line 2859.
LaTeX Font Info:    Kanji font shape `JY3/gt/m/it' undefined
(Font)              No change on input line 2859.
LaTeX Font Info:    Kanji font shape `JY3/gt/m/it' undefined
(Font)              No change on input line 2859.
LaTeX Font Info:    Kanji font shape `JY3/gt/m/it' undefined
(Font)              No change on input line 1.
LaTeX Font Info:    Kanji font shape `JY3/gt/m/it' undefined
(Font)              No change on input line 3.
LaTeX Font Info:    Kanji font shape `JY3/gt/m/it' undefined
(Font)              No change on input line 5.
 [54<./squirrel3__squirrel__sqapiByGemini_8cpp_a57ada0f26d198b6aa218d632e8a00a88
_cgraph.pdf>]
LaTeX Font Info:    Kanji font shape `JY3/gt/m/it' undefined
(Font)              No change on input line 2899.
LaTeX Font Info:    Kanji font shape `JY3/gt/m/it' undefined
(Font)              No change on input line 2899.
LaTeX Font Info:    Kanji font shape `JY3/gt/m/it' undefined
(Font)              No change on input line 2899.
LaTeX Font Info:    Kanji font shape `JY3/gt/m/it' undefined
(Font)              No change on input line 2899.
LaTeX Font Info:    Kanji font shape `JY3/gt/m/it' undefined
(Font)              No change on input line 1.
LaTeX Font Info:    Kanji font shape `JY3/gt/m/it' undefined
(Font)              No change on input line 3.
LaTeX Font Info:    Kanji font shape `JY3/gt/m/it' undefined
(Font)              No change on input line 5.
LaTeX Font Info:    Kanji font shape `JY3/gt/m/it' undefined
(Font)              No change on input line 7.
LaTeX Font Info:    Kanji font shape `JY3/gt/m/it' undefined
(Font)              No change on input line 2942.
LaTeX Font Info:    Kanji font shape `JY3/gt/m/it' undefined
(Font)              No change on input line 2942.
LaTeX Font Info:    Kanji font shape `JY3/gt/m/it' undefined
(Font)              No change on input line 2942.
 [55]
LaTeX Font Info:    Kanji font shape `JY3/gt/m/it' undefined
(Font)              No change on input line 1.
LaTeX Font Info:    Kanji font shape `JY3/gt/m/it' undefined
(Font)              No change on input line 3.
LaTeX Font Info:    Kanji font shape `JY3/gt/m/it' undefined
(Font)              No change on input line 5.
LaTeX Font Info:    Kanji font shape `JY3/gt/m/it' undefined
(Font)              No change on input line 2982.
LaTeX Font Info:    Kanji font shape `JY3/gt/m/it' undefined
(Font)              No change on input line 1.
 [56]
warning  (file squirrel3__squirrel__sqapiByGemini_8cpp_a8290700bf12bf4c449d4c593
f1e06c9d_icgraph.pdf) (pdf inclusion): PDF inclusion: found PDF version '1.7', b
ut at most version '1.5' allowed
<squirrel3__squirrel__sqapiByGemini_8cpp_a8290700bf12bf4c449d4c593f1e06c9d_icgr
aph.pdf, id=2138, 245.91875pt x 99.37125pt>
File: squirrel3__squirrel__sqapiByGemini_8cpp_a8290700bf12bf4c449d4c593f1e06c9d
_icgraph.pdf Graphic file (type pdf)
<use squirrel3__squirrel__sqapiByGemini_8cpp_a8290700bf12bf4c449d4c593f1e06c9d_
icgraph.pdf>
Package luatex.def Info: squirrel3__squirrel__sqapiByGemini_8cpp_a8290700bf12bf
4c449d4c593f1e06c9d_icgraph.pdf  used on input line 3016.
(luatex.def)             Requested size: 245.0pt x 99.00406pt.
LaTeX Font Info:    Kanji font shape `JY3/gt/m/it' undefined
(Font)              No change on input line 3023.
LaTeX Font Info:    Kanji font shape `JY3/gt/m/it' undefined
(Font)              No change on input line 3023.
LaTeX Font Info:    Kanji font shape `JY3/gt/m/it' undefined
(Font)              No change on input line 1.
LaTeX Font Info:    Kanji font shape `JY3/gt/m/it' undefined
(Font)              No change on input line 3.
LaTeX Font Info:    Kanji font shape `JY3/gt/m/it' undefined
(Font)              No change on input line 3054.
LaTeX Font Info:    Kanji font shape `JY3/gt/m/it' undefined
(Font)              No change on input line 3054.
LaTeX Font Info:    Kanji font shape `JY3/gt/m/it' undefined
(Font)              No change on input line 3054.
LaTeX Font Info:    Kanji font shape `JY3/gt/m/it' undefined
(Font)              No change on input line 1.
LaTeX Font Info:    Kanji font shape `JY3/gt/m/it' undefined
(Font)              No change on input line 3.
LaTeX Font Info:    Kanji font shape `JY3/gt/m/it' undefined
(Font)              No change on input line 5.
[57<./squirrel3__squirrel__sqapiByGemini_8cpp_a8290700bf12bf4c449d4c593f1e06c9d_
icgraph.pdf>]
warning  (file squirrel3__squirrel__sqapiByGemini_8cpp_add31b8e927145e798aeb6942
5b1864b6_cgraph.pdf) (pdf inclusion): PDF inclusion: found PDF version '1.7', bu
t at most version '1.5' allowed
<squirrel3__squirrel__sqapiByGemini_8cpp_add31b8e927145e798aeb69425b1864b6_cgra
ph.pdf, id=2160, 304.13625pt x 99.37125pt>
File: squirrel3__squirrel__sqapiByGemini_8cpp_add31b8e927145e798aeb69425b1864b6
_cgraph.pdf Graphic file (type pdf)
<use squirrel3__squirrel__sqapiByGemini_8cpp_add31b8e927145e798aeb69425b1864b6_
cgraph.pdf>
Package luatex.def Info: squirrel3__squirrel__sqapiByGemini_8cpp_add31b8e927145
e798aeb69425b1864b6_cgraph.pdf  used on input line 3095.
(luatex.def)             Requested size: 303.0pt x 99.00253pt.
LaTeX Font Info:    Kanji font shape `JY3/gt/m/it' undefined
(Font)              No change on input line 3102.
LaTeX Font Info:    Kanji font shape `JY3/gt/m/it' undefined
(Font)              No change on input line 3102.
LaTeX Font Info:    Kanji font shape `JY3/gt/m/it' undefined
(Font)              No change on input line 3102.
LaTeX Font Info:    Kanji font shape `JY3/gt/m/it' undefined
(Font)              No change on input line 3102.
LaTeX Font Info:    Kanji font shape `JY3/gt/m/it' undefined
(Font)              No change on input line 1.
LaTeX Font Info:    Kanji font shape `JY3/gt/m/it' undefined
(Font)              No change on input line 3.
LaTeX Font Info:    Kanji font shape `JY3/gt/m/it' undefined
(Font)              No change on input line 5.
LaTeX Font Info:    Kanji font shape `JY3/gt/m/it' undefined
(Font)              No change on input line 7.
[58<./squirrel3__squirrel__sqapiByGemini_8cpp_add31b8e927145e798aeb69425b1864b6_
cgraph.pdf>]
LaTeX Font Info:    Kanji font shape `JY3/gt/m/it' undefined
(Font)              No change on input line 3145.
LaTeX Font Info:    Kanji font shape `JY3/gt/m/it' undefined
(Font)              No change on input line 3145.
LaTeX Font Info:    Kanji font shape `JY3/gt/m/it' undefined
(Font)              No change on input line 3145.
LaTeX Font Info:    Kanji font shape `JY3/gt/m/it' undefined
(Font)              No change on input line 1.
LaTeX Font Info:    Kanji font shape `JY3/gt/m/it' undefined
(Font)              No change on input line 3.
LaTeX Font Info:    Kanji font shape `JY3/gt/m/it' undefined
(Font)              No change on input line 5.
 [59]
LaTeX Font Info:    Kanji font shape `JY3/gt/m/it' undefined
(Font)              No change on input line 3209.
LaTeX Font Info:    Kanji font shape `JY3/gt/m/it' undefined
(Font)              No change on input line 3209.
LaTeX Font Info:    Kanji font shape `JY3/gt/m/it' undefined
(Font)              No change on input line 1.
LaTeX Font Info:    Kanji font shape `JY3/gt/m/it' undefined
(Font)              No change on input line 3.
LaTeX Font Info:    Kanji font shape `JY3/gt/m/it' undefined
(Font)              No change on input line 3241.
LaTeX Font Info:    Kanji font shape `JY3/gt/m/it' undefined
(Font)              No change on input line 1.
 [60]
LaTeX Font Info:    Kanji font shape `JY3/gt/m/it' undefined
(Font)              No change on input line 3270.
LaTeX Font Info:    Kanji font shape `JY3/gt/m/it' undefined
(Font)              No change on input line 1.
LaTeX Font Info:    Kanji font shape `JY3/gt/m/it' undefined
(Font)              No change on input line 3309.
LaTeX Font Info:    Kanji font shape `JY3/gt/m/it' undefined
(Font)              No change on input line 3309.
LaTeX Font Info:    Kanji font shape `JY3/gt/m/it' undefined
(Font)              No change on input line 1.
LaTeX Font Info:    Kanji font shape `JY3/gt/m/it' undefined
(Font)              No change on input line 3.
 [61]
warning  (file squirrel3__squirrel__sqapiByGemini_8cpp_ae4a3986a7474daeeb7f7e05a
ab61c7d9_cgraph.pdf) (pdf inclusion): PDF inclusion: found PDF version '1.7', bu
t at most version '1.5' allowed
<squirrel3__squirrel__sqapiByGemini_8cpp_ae4a3986a7474daeeb7f7e05aab61c7d9_cgra
ph.pdf, id=2221, 305.14pt x 99.37125pt>
File: squirrel3__squirrel__sqapiByGemini_8cpp_ae4a3986a7474daeeb7f7e05aab61c7d9
_cgraph.pdf Graphic file (type pdf)
<use squirrel3__squirrel__sqapiByGemini_8cpp_ae4a3986a7474daeeb7f7e05aab61c7d9_
cgraph.pdf>
Package luatex.def Info: squirrel3__squirrel__sqapiByGemini_8cpp_ae4a3986a7474d
aeeb7f7e05aab61c7d9_cgraph.pdf  used on input line 3350.
(luatex.def)             Requested size: 304.0pt x 99.00406pt.
LaTeX Font Info:    Kanji font shape `JY3/gt/m/it' undefined
(Font)              No change on input line 3357.
LaTeX Font Info:    Kanji font shape `JY3/gt/m/it' undefined
(Font)              No change on input line 1.
[62<./squirrel3__squirrel__sqapiByGemini_8cpp_ae4a3986a7474daeeb7f7e05aab61c7d9_
cgraph.pdf>]
warning  (file squirrel3__squirrel__sqapiByGemini_8cpp_a3b7bcfd9063f5847d8b259ae
209d0406_cgraph.pdf) (pdf inclusion): PDF inclusion: found PDF version '1.7', bu
t at most version '1.5' allowed
<squirrel3__squirrel__sqapiByGemini_8cpp_a3b7bcfd9063f5847d8b259ae209d0406_cgra
ph.pdf, id=2241, 285.065pt x 99.37125pt>
File: squirrel3__squirrel__sqapiByGemini_8cpp_a3b7bcfd9063f5847d8b259ae209d0406
_cgraph.pdf Graphic file (type pdf)
<use squirrel3__squirrel__sqapiByGemini_8cpp_a3b7bcfd9063f5847d8b259ae209d0406_
cgraph.pdf>
Package luatex.def Info: squirrel3__squirrel__sqapiByGemini_8cpp_a3b7bcfd9063f5
847d8b259ae209d0406_cgraph.pdf  used on input line 3395.
(luatex.def)             Requested size: 284.0pt x 98.99951pt.
LaTeX Font Info:    Kanji font shape `JY3/gt/m/it' undefined
(Font)              No change on input line 3402.
LaTeX Font Info:    Kanji font shape `JY3/gt/m/it' undefined
(Font)              No change on input line 1.
LaTeX Font Info:    Kanji font shape `JY3/gt/m/it' undefined
(Font)              No change on input line 3431.
LaTeX Font Info:    Kanji font shape `JY3/gt/m/it' undefined
(Font)              No change on input line 3431.
LaTeX Font Info:    Kanji font shape `JY3/gt/m/it' undefined
(Font)              No change on input line 3431.
LaTeX Font Info:    Kanji font shape `JY3/gt/m/it' undefined
(Font)              No change on input line 1.
LaTeX Font Info:    Kanji font shape `JY3/gt/m/it' undefined
(Font)              No change on input line 3.
LaTeX Font Info:    Kanji font shape `JY3/gt/m/it' undefined
(Font)              No change on input line 5.
[63<./squirrel3__squirrel__sqapiByGemini_8cpp_a3b7bcfd9063f5847d8b259ae209d0406_
cgraph.pdf>]
LaTeX Font Info:    Kanji font shape `JY3/gt/m/it' undefined
(Font)              No change on input line 3461.
LaTeX Font Info:    Kanji font shape `JY3/gt/m/it' undefined
(Font)              No change on input line 3461.
LaTeX Font Info:    Kanji font shape `JY3/gt/m/it' undefined
(Font)              No change on input line 1.
LaTeX Font Info:    Kanji font shape `JY3/gt/m/it' undefined
(Font)              No change on input line 3.
LaTeX Font Info:    Kanji font shape `JY3/gt/m/it' undefined
(Font)              No change on input line 3489.
LaTeX Font Info:    Kanji font shape `JY3/gt/m/it' undefined
(Font)              No change on input line 3489.
LaTeX Font Info:    Kanji font shape `JY3/gt/m/it' undefined
(Font)              No change on input line 1.
LaTeX Font Info:    Kanji font shape `JY3/gt/m/it' undefined
(Font)              No change on input line 3.
 [64]
warning  (file squirrel3__squirrel__sqapiByGemini_8cpp_a4608ab1d8c7bad624ec8ebd9
edfe2240_cgraph.pdf) (pdf inclusion): PDF inclusion: found PDF version '1.7', bu
t at most version '1.5' allowed
<squirrel3__squirrel__sqapiByGemini_8cpp_a4608ab1d8c7bad624ec8ebd9edfe2240_cgra
ph.pdf, id=2278, 279.0425pt x 99.37125pt>
File: squirrel3__squirrel__sqapiByGemini_8cpp_a4608ab1d8c7bad624ec8ebd9edfe2240
_cgraph.pdf Graphic file (type pdf)
<use squirrel3__squirrel__sqapiByGemini_8cpp_a4608ab1d8c7bad624ec8ebd9edfe2240_
cgraph.pdf>
Package luatex.def Info: squirrel3__squirrel__sqapiByGemini_8cpp_a4608ab1d8c7ba
d624ec8ebd9edfe2240_cgraph.pdf  used on input line 3535.
(luatex.def)             Requested size: 278.0pt x 99.00253pt.
LaTeX Font Info:    Kanji font shape `JY3/gt/m/it' undefined
(Font)              No change on input line 3542.
LaTeX Font Info:    Kanji font shape `JY3/gt/m/it' undefined
(Font)              No change on input line 3542.
LaTeX Font Info:    Kanji font shape `JY3/gt/m/it' undefined
(Font)              No change on input line 3542.
LaTeX Font Info:    Kanji font shape `JY3/gt/m/it' undefined
(Font)              No change on input line 1.
LaTeX Font Info:    Kanji font shape `JY3/gt/m/it' undefined
(Font)              No change on input line 3.
LaTeX Font Info:    Kanji font shape `JY3/gt/m/it' undefined
(Font)              No change on input line 5.
[65<./squirrel3__squirrel__sqapiByGemini_8cpp_a4608ab1d8c7bad624ec8ebd9edfe2240_
cgraph.pdf>]
LaTeX Font Info:    Kanji font shape `JY3/gt/m/it' undefined
(Font)              No change on input line 3578.
LaTeX Font Info:    Kanji font shape `JY3/gt/m/it' undefined
(Font)              No change on input line 3578.
LaTeX Font Info:    Kanji font shape `JY3/gt/m/it' undefined
(Font)              No change on input line 3578.
LaTeX Font Info:    Kanji font shape `JY3/gt/m/it' undefined
(Font)              No change on input line 1.
LaTeX Font Info:    Kanji font shape `JY3/gt/m/it' undefined
(Font)              No change on input line 3.
LaTeX Font Info:    Kanji font shape `JY3/gt/m/it' undefined
(Font)              No change on input line 5.

warning  (file squirrel3__squirrel__sqapiByGemini_8cpp_af38fb3dc08f6b7d2c4a52dc1
016cf31d_cgraph.pdf) (pdf inclusion): PDF inclusion: found PDF version '1.7', bu
t at most version '1.5' allowed
<squirrel3__squirrel__sqapiByGemini_8cpp_af38fb3dc08f6b7d2c4a52dc1016cf31d_cgra
ph.pdf, id=2300, 296.10625pt x 99.37125pt>
File: squirrel3__squirrel__sqapiByGemini_8cpp_af38fb3dc08f6b7d2c4a52dc1016cf31d
_cgraph.pdf Graphic file (type pdf)
<use squirrel3__squirrel__sqapiByGemini_8cpp_af38fb3dc08f6b7d2c4a52dc1016cf31d_
cgraph.pdf>
Package luatex.def Info: squirrel3__squirrel__sqapiByGemini_8cpp_af38fb3dc08f6b
7d2c4a52dc1016cf31d_cgraph.pdf  used on input line 3625.
(luatex.def)             Requested size: 295.0pt x 99.00253pt.
[66]
LaTeX Font Info:    Kanji font shape `JY3/gt/m/it' undefined
(Font)              No change on input line 3632.
LaTeX Font Info:    Kanji font shape `JY3/gt/m/it' undefined
(Font)              No change on input line 3632.
LaTeX Font Info:    Kanji font shape `JY3/gt/m/it' undefined
(Font)              No change on input line 3632.
LaTeX Font Info:    Kanji font shape `JY3/gt/m/it' undefined
(Font)              No change on input line 1.
LaTeX Font Info:    Kanji font shape `JY3/gt/m/it' undefined
(Font)              No change on input line 3.
LaTeX Font Info:    Kanji font shape `JY3/gt/m/it' undefined
(Font)              No change on input line 5.

warning  (file squirrel3__squirrel__sqapiByGemini_8cpp_a0d0817c336d361675042c5d4
d01d8ad3_cgraph.pdf) (pdf inclusion): PDF inclusion: found PDF version '1.7', bu
t at most version '1.5' allowed
<squirrel3__squirrel__sqapiByGemini_8cpp_a0d0817c336d361675042c5d4d01d8ad3_cgra
ph.pdf, id=2315, 272.01625pt x 99.37125pt>
File: squirrel3__squirrel__sqapiByGemini_8cpp_a0d0817c336d361675042c5d4d01d8ad3
_cgraph.pdf Graphic file (type pdf)
<use squirrel3__squirrel__sqapiByGemini_8cpp_a0d0817c336d361675042c5d4d01d8ad3_
cgraph.pdf>
Package luatex.def Info: squirrel3__squirrel__sqapiByGemini_8cpp_a0d0817c336d36
1675042c5d4d01d8ad3_cgraph.pdf  used on input line 3678.
(luatex.def)             Requested size: 271.0pt x 99.00557pt.
[67<./squirrel3__squirrel__sqapiByGemini_8cpp_af38fb3dc08f6b7d2c4a52dc1016cf31d_
cgraph.pdf>]
LaTeX Font Info:    Kanji font shape `JY3/gt/m/it' undefined
(Font)              No change on input line 3685.
LaTeX Font Info:    Kanji font shape `JY3/gt/m/it' undefined
(Font)              No change on input line 1.
LaTeX Font Info:    Kanji font shape `JY3/gt/m/it' undefined
(Font)              No change on input line 3711.
LaTeX Font Info:    Kanji font shape `JY3/gt/m/it' undefined
(Font)              No change on input line 3711.
LaTeX Font Info:    Kanji font shape `JY3/gt/m/it' undefined
(Font)              No change on input line 1.
LaTeX Font Info:    Kanji font shape `JY3/gt/m/it' undefined
(Font)              No change on input line 3.
LaTeX Font Info:    Kanji font shape `JY3/gt/m/it' undefined
(Font)              No change on input line 3739.
LaTeX Font Info:    Kanji font shape `JY3/gt/m/it' undefined
(Font)              No change on input line 3739.
 [68<./squirrel3__squirrel__sqapiByGemini_8cpp_a0d0817c336d361675042c5d4d01d8ad3
_cgraph.pdf>]
LaTeX Font Info:    Kanji font shape `JY3/gt/m/it' undefined
(Font)              No change on input line 1.
LaTeX Font Info:    Kanji font shape `JY3/gt/m/it' undefined
(Font)              No change on input line 3.
LaTeX Font Info:    Kanji font shape `JY3/gt/m/it' undefined
(Font)              No change on input line 3783.
LaTeX Font Info:    Kanji font shape `JY3/gt/m/it' undefined
(Font)              No change on input line 3783.
LaTeX Font Info:    Kanji font shape `JY3/gt/m/it' undefined
(Font)              No change on input line 1.
LaTeX Font Info:    Kanji font shape `JY3/gt/m/it' undefined
(Font)              No change on input line 3.
 [69]
LaTeX Font Info:    Kanji font shape `JY3/gt/m/it' undefined
(Font)              No change on input line 3816.
LaTeX Font Info:    Kanji font shape `JY3/gt/m/it' undefined
(Font)              No change on input line 3816.
LaTeX Font Info:    Kanji font shape `JY3/gt/m/it' undefined
(Font)              No change on input line 1.
LaTeX Font Info:    Kanji font shape `JY3/gt/m/it' undefined
(Font)              No change on input line 3.

warning  (file squirrel3__squirrel__sqapiByGemini_8cpp_a5781626bd1f4d493ffc14923
3bf28567_cgraph.pdf) (pdf inclusion): PDF inclusion: found PDF version '1.7', bu
t at most version '1.5' allowed
<squirrel3__squirrel__sqapiByGemini_8cpp_a5781626bd1f4d493ffc149233bf28567_cgra
ph.pdf, id=2367, 255.95625pt x 99.37125pt>
File: squirrel3__squirrel__sqapiByGemini_8cpp_a5781626bd1f4d493ffc149233bf28567
_cgraph.pdf Graphic file (type pdf)
<use squirrel3__squirrel__sqapiByGemini_8cpp_a5781626bd1f4d493ffc149233bf28567_
cgraph.pdf>
Package luatex.def Info: squirrel3__squirrel__sqapiByGemini_8cpp_a5781626bd1f4d
493ffc149233bf28567_cgraph.pdf  used on input line 3864.
(luatex.def)             Requested size: 255.0pt x 98.99951pt.
LaTeX Font Info:    Kanji font shape `JY3/gt/m/it' undefined
(Font)              No change on input line 3871.
LaTeX Font Info:    Kanji font shape `JY3/gt/m/it' undefined
(Font)              No change on input line 3871.
[70<./squirrel3__squirrel__sqapiByGemini_8cpp_a5781626bd1f4d493ffc149233bf28567_
cgraph.pdf>]
LaTeX Font Info:    Kanji font shape `JY3/gt/m/it' undefined
(Font)              No change on input line 1.
LaTeX Font Info:    Kanji font shape `JY3/gt/m/it' undefined
(Font)              No change on input line 3.
LaTeX Font Info:    Kanji font shape `JY3/gt/m/it' undefined
(Font)              No change on input line 3899.
LaTeX Font Info:    Kanji font shape `JY3/gt/m/it' undefined
(Font)              No change on input line 1.
LaTeX Font Info:    Kanji font shape `JY3/gt/m/it' undefined
(Font)              No change on input line 3931.
LaTeX Font Info:    Kanji font shape `JY3/gt/m/it' undefined
(Font)              No change on input line 1.
 [71]
LaTeX Font Info:    Kanji font shape `JY3/gt/m/it' undefined
(Font)              No change on input line 3963.
LaTeX Font Info:    Kanji font shape `JY3/gt/m/it' undefined
(Font)              No change on input line 1.
LaTeX Font Info:    Kanji font shape `JY3/gt/m/it' undefined
(Font)              No change on input line 3995.
LaTeX Font Info:    Kanji font shape `JY3/gt/m/it' undefined
(Font)              No change on input line 1.
 [72]
LaTeX Font Info:    Kanji font shape `JY3/gt/m/it' undefined
(Font)              No change on input line 4027.
LaTeX Font Info:    Kanji font shape `JY3/gt/m/it' undefined
(Font)              No change on input line 1.
LaTeX Font Info:    Kanji font shape `JY3/gt/m/it' undefined
(Font)              No change on input line 4059.
LaTeX Font Info:    Kanji font shape `JY3/gt/m/it' undefined
(Font)              No change on input line 1.

Overfull \vbox (3.85898pt too high) has occurred while \output is active []


[73]
LaTeX Font Info:    Kanji font shape `JY3/gt/m/it' undefined
(Font)              No change on input line 4101.
LaTeX Font Info:    Kanji font shape `JY3/gt/m/it' undefined
(Font)              No change on input line 4101.
LaTeX Font Info:    Kanji font shape `JY3/gt/m/it' undefined
(Font)              No change on input line 1.
LaTeX Font Info:    Kanji font shape `JY3/gt/m/it' undefined
(Font)              No change on input line 3.

warning  (file squirrel3__squirrel__sqapiByGemini_8cpp_ae253f5195092f031ffe02abd
771778fe_icgraph.pdf) (pdf inclusion): PDF inclusion: found PDF version '1.7', b
ut at most version '1.5' allowed
<squirrel3__squirrel__sqapiByGemini_8cpp_ae253f5195092f031ffe02abd771778fe_icgr
aph.pdf, id=2429, 231.86626pt x 99.37125pt>
File: squirrel3__squirrel__sqapiByGemini_8cpp_ae253f5195092f031ffe02abd771778fe
_icgraph.pdf Graphic file (type pdf)
<use squirrel3__squirrel__sqapiByGemini_8cpp_ae253f5195092f031ffe02abd771778fe_
icgraph.pdf>
Package luatex.def Info: squirrel3__squirrel__sqapiByGemini_8cpp_ae253f5195092f
031ffe02abd771778fe_icgraph.pdf  used on input line 4135.
(luatex.def)             Requested size: 231.0pt x 99.00253pt.
LaTeX Font Info:    Kanji font shape `JY3/gt/m/it' undefined
(Font)              No change on input line 4142.
[74<./squirrel3__squirrel__sqapiByGemini_8cpp_ae253f5195092f031ffe02abd771778fe_
icgraph.pdf>]
LaTeX Font Info:    Kanji font shape `JY3/gt/m/it' undefined
(Font)              No change on input line 1.
LaTeX Font Info:    Kanji font shape `JY3/gt/m/it' undefined
(Font)              No change on input line 4169.
LaTeX Font Info:    Kanji font shape `JY3/gt/m/it' undefined
(Font)              No change on input line 4169.
LaTeX Font Info:    Kanji font shape `JY3/gt/m/it' undefined
(Font)              No change on input line 1.
LaTeX Font Info:    Kanji font shape `JY3/gt/m/it' undefined
(Font)              No change on input line 3.
LaTeX Font Info:    Kanji font shape `JY3/gt/m/it' undefined
(Font)              No change on input line 4197.
LaTeX Font Info:    Kanji font shape `JY3/gt/m/it' undefined
(Font)              No change on input line 4197.
LaTeX Font Info:    Kanji font shape `JY3/gt/m/it' undefined
(Font)              No change on input line 1.
LaTeX Font Info:    Kanji font shape `JY3/gt/m/it' undefined
(Font)              No change on input line 3.
 [75]
LaTeX Font Info:    Kanji font shape `JY3/gt/m/it' undefined
(Font)              No change on input line 4225.
LaTeX Font Info:    Kanji font shape `JY3/gt/m/it' undefined
(Font)              No change on input line 1.
LaTeX Font Info:    Kanji font shape `JY3/gt/m/it' undefined
(Font)              No change on input line 4251.
LaTeX Font Info:    Kanji font shape `JY3/gt/m/it' undefined
(Font)              No change on input line 4251.
LaTeX Font Info:    Kanji font shape `JY3/gt/m/it' undefined
(Font)              No change on input line 1.
LaTeX Font Info:    Kanji font shape `JY3/gt/m/it' undefined
(Font)              No change on input line 3.
LaTeX Font Info:    Kanji font shape `JY3/gt/m/it' undefined
(Font)              No change on input line 4279.
LaTeX Font Info:    Kanji font shape `JY3/gt/m/it' undefined
(Font)              No change on input line 4279.
LaTeX Font Info:    Kanji font shape `JY3/gt/m/it' undefined
(Font)              No change on input line 1.
LaTeX Font Info:    Kanji font shape `JY3/gt/m/it' undefined
(Font)              No change on input line 3.
 [76]
LaTeX Font Info:    Kanji font shape `JY3/gt/m/it' undefined
(Font)              No change on input line 4307.
LaTeX Font Info:    Kanji font shape `JY3/gt/m/it' undefined
(Font)              No change on input line 1.

warning  (file squirrel3__squirrel__sqapiByGemini_8cpp_a377738cef835bf0914f6eae2
a2ab7b00_icgraph.pdf) (pdf inclusion): PDF inclusion: found PDF version '1.7', b
ut at most version '1.5' allowed
<squirrel3__squirrel__sqapiByGemini_8cpp_a377738cef835bf0914f6eae2a2ab7b00_icgr
aph.pdf, id=2481, 254.9525pt x 99.37125pt>
File: squirrel3__squirrel__sqapiByGemini_8cpp_a377738cef835bf0914f6eae2a2ab7b00
_icgraph.pdf Graphic file (type pdf)
<use squirrel3__squirrel__sqapiByGemini_8cpp_a377738cef835bf0914f6eae2a2ab7b00_
icgraph.pdf>
Package luatex.def Info: squirrel3__squirrel__sqapiByGemini_8cpp_a377738cef835b
f0914f6eae2a2ab7b00_icgraph.pdf  used on input line 4338.
(luatex.def)             Requested size: 254.0pt x 99.00406pt.
LaTeX Font Info:    Kanji font shape `JY3/gt/m/it' undefined
(Font)              No change on input line 4345.
LaTeX Font Info:    Kanji font shape `JY3/gt/m/it' undefined
(Font)              No change on input line 4345.
LaTeX Font Info:    Kanji font shape `JY3/gt/m/it' undefined
(Font)              No change on input line 1.
LaTeX Font Info:    Kanji font shape `JY3/gt/m/it' undefined
(Font)              No change on input line 3.
[77<./squirrel3__squirrel__sqapiByGemini_8cpp_a377738cef835bf0914f6eae2a2ab7b00_
icgraph.pdf>]
LaTeX Font Info:    Kanji font shape `JY3/gt/m/it' undefined
(Font)              No change on input line 4373.
LaTeX Font Info:    Kanji font shape `JY3/gt/m/it' undefined
(Font)              No change on input line 1.
LaTeX Font Info:    Kanji font shape `JY3/gt/m/it' undefined
(Font)              No change on input line 4399.
LaTeX Font Info:    Kanji font shape `JY3/gt/m/it' undefined
(Font)              No change on input line 1.
LaTeX Font Info:    Kanji font shape `JY3/gt/m/it' undefined
(Font)              No change on input line 4425.
LaTeX Font Info:    Kanji font shape `JY3/gt/m/it' undefined
(Font)              No change on input line 4425.
LaTeX Font Info:    Kanji font shape `JY3/gt/m/it' undefined
(Font)              No change on input line 4425.
 [78]
LaTeX Font Info:    Kanji font shape `JY3/gt/m/it' undefined
(Font)              No change on input line 1.
LaTeX Font Info:    Kanji font shape `JY3/gt/m/it' undefined
(Font)              No change on input line 3.
LaTeX Font Info:    Kanji font shape `JY3/gt/m/it' undefined
(Font)              No change on input line 5.
LaTeX Font Info:    Kanji font shape `JY3/gt/m/it' undefined
(Font)              No change on input line 4457.
LaTeX Font Info:    Kanji font shape `JY3/gt/m/it' undefined
(Font)              No change on input line 4457.
LaTeX Font Info:    Kanji font shape `JY3/gt/m/it' undefined
(Font)              No change on input line 1.
LaTeX Font Info:    Kanji font shape `JY3/gt/m/it' undefined
(Font)              No change on input line 3.
LaTeX Font Info:    Kanji font shape `JY3/gt/m/it' undefined
(Font)              No change on input line 4485.
LaTeX Font Info:    Kanji font shape `JY3/gt/m/it' undefined
(Font)              No change on input line 4485.
LaTeX Font Info:    Kanji font shape `JY3/gt/m/it' undefined
(Font)              No change on input line 1.
LaTeX Font Info:    Kanji font shape `JY3/gt/m/it' undefined
(Font)              No change on input line 3.
 [79]
LaTeX Font Info:    Kanji font shape `JY3/gt/m/it' undefined
(Font)              No change on input line 4513.
LaTeX Font Info:    Kanji font shape `JY3/gt/m/it' undefined
(Font)              No change on input line 4513.
LaTeX Font Info:    Kanji font shape `JY3/gt/m/it' undefined
(Font)              No change on input line 4513.
LaTeX Font Info:    Kanji font shape `JY3/gt/m/it' undefined
(Font)              No change on input line 1.
LaTeX Font Info:    Kanji font shape `JY3/gt/m/it' undefined
(Font)              No change on input line 3.
LaTeX Font Info:    Kanji font shape `JY3/gt/m/it' undefined
(Font)              No change on input line 5.
LaTeX Font Info:    Kanji font shape `JY3/gt/m/it' undefined
(Font)              No change on input line 4562.
LaTeX Font Info:    Kanji font shape `JY3/gt/m/it' undefined
(Font)              No change on input line 4562.
LaTeX Font Info:    Kanji font shape `JY3/gt/m/it' undefined
(Font)              No change on input line 1.
LaTeX Font Info:    Kanji font shape `JY3/gt/m/it' undefined
(Font)              No change on input line 3.
 [80]
warning  (file squirrel3__squirrel__sqapiByGemini_8cpp_ad75982332056622578fe5368
f02e6d21_cgraph.pdf) (pdf inclusion): PDF inclusion: found PDF version '1.7', bu
t at most version '1.5' allowed
<squirrel3__squirrel__sqapiByGemini_8cpp_ad75982332056622578fe5368f02e6d21_cgra
ph.pdf, id=2552, 268.00125pt x 99.37125pt>
File: squirrel3__squirrel__sqapiByGemini_8cpp_ad75982332056622578fe5368f02e6d21
_cgraph.pdf Graphic file (type pdf)
<use squirrel3__squirrel__sqapiByGemini_8cpp_ad75982332056622578fe5368f02e6d21_
cgraph.pdf>
Package luatex.def Info: squirrel3__squirrel__sqapiByGemini_8cpp_ad759823320566
22578fe5368f02e6d21_cgraph.pdf  used on input line 4630.
(luatex.def)             Requested size: 267.0pt x 98.99951pt.
[81]
LaTeX Font Info:    Kanji font shape `JY3/gt/m/it' undefined
(Font)              No change on input line 4637.
LaTeX Font Info:    Kanji font shape `JY3/gt/m/it' undefined
(Font)              No change on input line 4637.
LaTeX Font Info:    Kanji font shape `JY3/gt/m/it' undefined
(Font)              No change on input line 4637.
LaTeX Font Info:    Kanji font shape `JY3/gt/m/it' undefined
(Font)              No change on input line 1.
LaTeX Font Info:    Kanji font shape `JY3/gt/m/it' undefined
(Font)              No change on input line 3.
LaTeX Font Info:    Kanji font shape `JY3/gt/m/it' undefined
(Font)              No change on input line 5.

warning  (file squirrel3__squirrel__sqapiByGemini_8cpp_a1a3a09b11318980f9e8bad52
9750096e_cgraph.pdf) (pdf inclusion): PDF inclusion: found PDF version '1.7', bu
t at most version '1.5' allowed
<squirrel3__squirrel__sqapiByGemini_8cpp_a1a3a09b11318980f9e8bad529750096e_cgra
ph.pdf, id=2565, 314.17375pt x 99.37125pt>
File: squirrel3__squirrel__sqapiByGemini_8cpp_a1a3a09b11318980f9e8bad529750096e
_cgraph.pdf Graphic file (type pdf)
<use squirrel3__squirrel__sqapiByGemini_8cpp_a1a3a09b11318980f9e8bad529750096e_
cgraph.pdf>
Package luatex.def Info: squirrel3__squirrel__sqapiByGemini_8cpp_a1a3a09b113189
80f9e8bad529750096e_cgraph.pdf  used on input line 4684.
(luatex.def)             Requested size: 313.0pt x 99.00406pt.
[82<./squirrel3__squirrel__sqapiByGemini_8cpp_ad75982332056622578fe5368f02e6d21_
cgraph.pdf>]
LaTeX Font Info:    Kanji font shape `JY3/gt/m/it' undefined
(Font)              No change on input line 4691.
LaTeX Font Info:    Kanji font shape `JY3/gt/m/it' undefined
(Font)              No change on input line 4691.
LaTeX Font Info:    Kanji font shape `JY3/gt/m/it' undefined
(Font)              No change on input line 1.
LaTeX Font Info:    Kanji font shape `JY3/gt/m/it' undefined
(Font)              No change on input line 3.
 [83<./squirrel3__squirrel__sqapiByGemini_8cpp_a1a3a09b11318980f9e8bad529750096e
_cgraph.pdf>]
warning  (file squirrel3__squirrel__sqapiByGemini_8cpp_ab9fee9d3d3c61bffa3a22ea3
f220bc97_cgraph.pdf) (pdf inclusion): PDF inclusion: found PDF version '1.7', bu
t at most version '1.5' allowed
<squirrel3__squirrel__sqapiByGemini_8cpp_ab9fee9d3d3c61bffa3a22ea3f220bc97_cgra
ph.pdf, id=2600, 266.9975pt x 99.37125pt>
File: squirrel3__squirrel__sqapiByGemini_8cpp_ab9fee9d3d3c61bffa3a22ea3f220bc97
_cgraph.pdf Graphic file (type pdf)
<use squirrel3__squirrel__sqapiByGemini_8cpp_ab9fee9d3d3c61bffa3a22ea3f220bc97_
cgraph.pdf>
Package luatex.def Info: squirrel3__squirrel__sqapiByGemini_8cpp_ab9fee9d3d3c61
bffa3a22ea3f220bc97_cgraph.pdf  used on input line 4760.
(luatex.def)             Requested size: 266.0pt x 99.01012pt.
LaTeX Font Info:    Kanji font shape `JY3/gt/m/it' undefined
(Font)              No change on input line 4767.
LaTeX Font Info:    Kanji font shape `JY3/gt/m/it' undefined
(Font)              No change on input line 4767.
LaTeX Font Info:    Kanji font shape `JY3/gt/m/it' undefined
(Font)              No change on input line 4767.
LaTeX Font Info:    Kanji font shape `JY3/gt/m/it' undefined
(Font)              No change on input line 1.
LaTeX Font Info:    Kanji font shape `JY3/gt/m/it' undefined
(Font)              No change on input line 3.
LaTeX Font Info:    Kanji font shape `JY3/gt/m/it' undefined
(Font)              No change on input line 5.
[84<./squirrel3__squirrel__sqapiByGemini_8cpp_ab9fee9d3d3c61bffa3a22ea3f220bc97_
cgraph.pdf>]
warning  (file squirrel3__squirrel__sqapiByGemini_8cpp_adb622f39d055c483baefda11
04a57e94_cgraph.pdf) (pdf inclusion): PDF inclusion: found PDF version '1.7', bu
t at most version '1.5' allowed
<squirrel3__squirrel__sqapiByGemini_8cpp_adb622f39d055c483baefda1104a57e94_cgra
ph.pdf, id=2620, 291.0875pt x 99.37125pt>
File: squirrel3__squirrel__sqapiByGemini_8cpp_adb622f39d055c483baefda1104a57e94
_cgraph.pdf Graphic file (type pdf)
<use squirrel3__squirrel__sqapiByGemini_8cpp_adb622f39d055c483baefda1104a57e94_
cgraph.pdf>
Package luatex.def Info: squirrel3__squirrel__sqapiByGemini_8cpp_adb622f39d055c
483baefda1104a57e94_cgraph.pdf  used on input line 4815.
(luatex.def)             Requested size: 290.0pt x 99.00708pt.
LaTeX Font Info:    Kanji font shape `JY3/gt/m/it' undefined
(Font)              No change on input line 4822.
LaTeX Font Info:    Kanji font shape `JY3/gt/m/it' undefined
(Font)              No change on input line 4822.
LaTeX Font Info:    Kanji font shape `JY3/gt/m/it' undefined
(Font)              No change on input line 4822.
LaTeX Font Info:    Kanji font shape `JY3/gt/m/it' undefined
(Font)              No change on input line 1.
LaTeX Font Info:    Kanji font shape `JY3/gt/m/it' undefined
(Font)              No change on input line 3.
LaTeX Font Info:    Kanji font shape `JY3/gt/m/it' undefined
(Font)              No change on input line 5.
LaTeX Font Info:    Kanji font shape `JY3/gt/m/it' undefined
(Font)              No change on input line 4855.
LaTeX Font Info:    Kanji font shape `JY3/gt/m/it' undefined
(Font)              No change on input line 4855.
LaTeX Font Info:    Kanji font shape `JY3/gt/m/it' undefined
(Font)              No change on input line 1.
LaTeX Font Info:    Kanji font shape `JY3/gt/m/it' undefined
(Font)              No change on input line 3.
[85<./squirrel3__squirrel__sqapiByGemini_8cpp_adb622f39d055c483baefda1104a57e94_
cgraph.pdf>]
LaTeX Font Info:    Kanji font shape `JY3/gt/m/it' undefined
(Font)              No change on input line 4893.
LaTeX Font Info:    Kanji font shape `JY3/gt/m/it' undefined
(Font)              No change on input line 4893.
LaTeX Font Info:    Kanji font shape `JY3/gt/m/it' undefined
(Font)              No change on input line 1.
LaTeX Font Info:    Kanji font shape `JY3/gt/m/it' undefined
(Font)              No change on input line 3.
LaTeX Font Info:    Kanji font shape `JY3/gt/m/it' undefined
(Font)              No change on input line 4921.
LaTeX Font Info:    Kanji font shape `JY3/gt/m/it' undefined
(Font)              No change on input line 4921.
LaTeX Font Info:    Kanji font shape `JY3/gt/m/it' undefined
(Font)              No change on input line 1.
LaTeX Font Info:    Kanji font shape `JY3/gt/m/it' undefined
(Font)              No change on input line 3.
 [86]
warning  (file squirrel3__squirrel__sqapiByGemini_8cpp_a7a3b2b88cf62476eeae8fb33
2316ed65_cgraph.pdf) (pdf inclusion): PDF inclusion: found PDF version '1.7', bu
t at most version '1.5' allowed
<squirrel3__squirrel__sqapiByGemini_8cpp_a7a3b2b88cf62476eeae8fb332316ed65_cgra
ph.pdf, id=2655, 297.11pt x 99.37125pt>
File: squirrel3__squirrel__sqapiByGemini_8cpp_a7a3b2b88cf62476eeae8fb332316ed65
_cgraph.pdf Graphic file (type pdf)
<use squirrel3__squirrel__sqapiByGemini_8cpp_a7a3b2b88cf62476eeae8fb332316ed65_
cgraph.pdf>
Package luatex.def Info: squirrel3__squirrel__sqapiByGemini_8cpp_a7a3b2b88cf624
76eeae8fb332316ed65_cgraph.pdf  used on input line 4963.
(luatex.def)             Requested size: 296.0pt x 99.00406pt.
LaTeX Font Info:    Kanji font shape `JY3/gt/m/it' undefined
(Font)              No change on input line 4970.
LaTeX Font Info:    Kanji font shape `JY3/gt/m/it' undefined
(Font)              No change on input line 1.
[87<./squirrel3__squirrel__sqapiByGemini_8cpp_a7a3b2b88cf62476eeae8fb332316ed65_
cgraph.pdf>]
LaTeX Font Info:    Kanji font shape `JY3/gt/m/it' undefined
(Font)              No change on input line 4996.
LaTeX Font Info:    Kanji font shape `JY3/gt/m/it' undefined
(Font)              No change on input line 1.
LaTeX Font Info:    Kanji font shape `JY3/gt/m/it' undefined
(Font)              No change on input line 5022.
LaTeX Font Info:    Kanji font shape `JY3/gt/m/it' undefined
(Font)              No change on input line 5022.
LaTeX Font Info:    Kanji font shape `JY3/gt/m/it' undefined
(Font)              No change on input line 5022.
LaTeX Font Info:    Kanji font shape `JY3/gt/m/it' undefined
(Font)              No change on input line 1.
LaTeX Font Info:    Kanji font shape `JY3/gt/m/it' undefined
(Font)              No change on input line 3.
LaTeX Font Info:    Kanji font shape `JY3/gt/m/it' undefined
(Font)              No change on input line 5.
 [88]
warning  (file squirrel3__squirrel__sqapiByGemini_8cpp_af830ee5922e07e04fc9c610b
e14f4e3f_cgraph.pdf) (pdf inclusion): PDF inclusion: found PDF version '1.7', bu
t at most version '1.5' allowed
<squirrel3__squirrel__sqapiByGemini_8cpp_af830ee5922e07e04fc9c610be14f4e3f_cgra
ph.pdf, id=2689, 271.0125pt x 99.37125pt>
File: squirrel3__squirrel__sqapiByGemini_8cpp_af830ee5922e07e04fc9c610be14f4e3f
_cgraph.pdf Graphic file (type pdf)
<use squirrel3__squirrel__sqapiByGemini_8cpp_af830ee5922e07e04fc9c610be14f4e3f_
cgraph.pdf>
Package luatex.def Info: squirrel3__squirrel__sqapiByGemini_8cpp_af830ee5922e07
e04fc9c610be14f4e3f_cgraph.pdf  used on input line 5069.
(luatex.def)             Requested size: 270.0pt x 99.00406pt.
LaTeX Font Info:    Kanji font shape `JY3/gt/m/it' undefined
(Font)              No change on input line 5076.
LaTeX Font Info:    Kanji font shape `JY3/gt/m/it' undefined
(Font)              No change on input line 1.

warning  (file squirrel3__squirrel__sqapiByGemini_8cpp_a922e90df5cb3d8f6c2c50897
2ec01479_cgraph.pdf) (pdf inclusion): PDF inclusion: found PDF version '1.7', bu
t at most version '1.5' allowed
<squirrel3__squirrel__sqapiByGemini_8cpp_a922e90df5cb3d8f6c2c508972ec01479_cgra
ph.pdf, id=2694, 338.26375pt x 99.37125pt>
File: squirrel3__squirrel__sqapiByGemini_8cpp_a922e90df5cb3d8f6c2c508972ec01479
_cgraph.pdf Graphic file (type pdf)
<use squirrel3__squirrel__sqapiByGemini_8cpp_a922e90df5cb3d8f6c2c508972ec01479_
cgraph.pdf>
Package luatex.def Info: squirrel3__squirrel__sqapiByGemini_8cpp_a922e90df5cb3d
8f6c2c508972ec01479_cgraph.pdf  used on input line 5115.
(luatex.def)             Requested size: 337.0pt x 99.00253pt.
[89<./squirrel3__squirrel__sqapiByGemini_8cpp_af830ee5922e07e04fc9c610be14f4e3f_
cgraph.pdf>]
LaTeX Font Info:    Kanji font shape `JY3/gt/m/it' undefined
(Font)              No change on input line 5122.
LaTeX Font Info:    Kanji font shape `JY3/gt/m/it' undefined
(Font)              No change on input line 5122.
LaTeX Font Info:    Kanji font shape `JY3/gt/m/it' undefined
(Font)              No change on input line 1.
LaTeX Font Info:    Kanji font shape `JY3/gt/m/it' undefined
(Font)              No change on input line 3.
LaTeX Font Info:    Kanji font shape `JY3/gt/m/it' undefined
(Font)              No change on input line 5158.
LaTeX Font Info:    Kanji font shape `JY3/gt/m/it' undefined
(Font)              No change on input line 5158.
LaTeX Font Info:    Kanji font shape `JY3/gt/m/it' undefined
(Font)              No change on input line 1.
LaTeX Font Info:    Kanji font shape `JY3/gt/m/it' undefined
(Font)              No change on input line 3.
 [90<./squirrel3__squirrel__sqapiByGemini_8cpp_a922e90df5cb3d8f6c2c508972ec01479
_cgraph.pdf>]
warning  (file squirrel3__squirrel__sqapiByGemini_8cpp_ae2d7456fcc4ac8fec96ba9e0
37ba7ea2_cgraph.pdf) (pdf inclusion): PDF inclusion: found PDF version '1.7', bu
t at most version '1.5' allowed
<squirrel3__squirrel__sqapiByGemini_8cpp_ae2d7456fcc4ac8fec96ba9e037ba7ea2_cgra
ph.pdf, id=2731, 296.10625pt x 99.37125pt>
File: squirrel3__squirrel__sqapiByGemini_8cpp_ae2d7456fcc4ac8fec96ba9e037ba7ea2
_cgraph.pdf Graphic file (type pdf)
<use squirrel3__squirrel__sqapiByGemini_8cpp_ae2d7456fcc4ac8fec96ba9e037ba7ea2_
cgraph.pdf>
Package luatex.def Info: squirrel3__squirrel__sqapiByGemini_8cpp_ae2d7456fcc4ac
8fec96ba9e037ba7ea2_cgraph.pdf  used on input line 5211.
(luatex.def)             Requested size: 295.0pt x 99.00253pt.
LaTeX Font Info:    Kanji font shape `JY3/gt/m/it' undefined
(Font)              No change on input line 5218.
LaTeX Font Info:    Kanji font shape `JY3/gt/m/it' undefined
(Font)              No change on input line 5218.
LaTeX Font Info:    Kanji font shape `JY3/gt/m/it' undefined
(Font)              No change on input line 5218.
LaTeX Font Info:    Kanji font shape `JY3/gt/m/it' undefined
(Font)              No change on input line 1.
LaTeX Font Info:    Kanji font shape `JY3/gt/m/it' undefined
(Font)              No change on input line 3.
LaTeX Font Info:    Kanji font shape `JY3/gt/m/it' undefined
(Font)              No change on input line 5.
[91<./squirrel3__squirrel__sqapiByGemini_8cpp_ae2d7456fcc4ac8fec96ba9e037ba7ea2_
cgraph.pdf>]
warning  (file squirrel3__squirrel__sqapiByGemini_8cpp_aa9563b0be2a82c09bc5be4ed
bb0d272f_cgraph.pdf) (pdf inclusion): PDF inclusion: found PDF version '1.7', bu
t at most version '1.5' allowed
<squirrel3__squirrel__sqapiByGemini_8cpp_aa9563b0be2a82c09bc5be4edbb0d272f_cgra
ph.pdf, id=2750, 454.69875pt x 99.37125pt>
File: squirrel3__squirrel__sqapiByGemini_8cpp_aa9563b0be2a82c09bc5be4edbb0d272f
_cgraph.pdf Graphic file (type pdf)
<use squirrel3__squirrel__sqapiByGemini_8cpp_aa9563b0be2a82c09bc5be4edbb0d272f_
cgraph.pdf>
Package luatex.def Info: squirrel3__squirrel__sqapiByGemini_8cpp_aa9563b0be2a82
c09bc5be4edbb0d272f_cgraph.pdf  used on input line 5264.
(luatex.def)             Requested size: 350.0pt x 76.49031pt.
LaTeX Font Info:    Kanji font shape `JY3/gt/m/it' undefined
(Font)              No change on input line 5271.
LaTeX Font Info:    Kanji font shape `JY3/gt/m/it' undefined
(Font)              No change on input line 5271.
LaTeX Font Info:    Kanji font shape `JY3/gt/m/it' undefined
(Font)              No change on input line 5271.
LaTeX Font Info:    Kanji font shape `JY3/gt/m/it' undefined
(Font)              No change on input line 1.
LaTeX Font Info:    Kanji font shape `JY3/gt/m/it' undefined
(Font)              No change on input line 3.
LaTeX Font Info:    Kanji font shape `JY3/gt/m/it' undefined
(Font)              No change on input line 5.
[92<./squirrel3__squirrel__sqapiByGemini_8cpp_aa9563b0be2a82c09bc5be4edbb0d272f_
cgraph.pdf>]
warning  (file squirrel3__squirrel__sqapiByGemini_8cpp_a46b987905eee855ee421d10b
5c5ac879_cgraph.pdf) (pdf inclusion): PDF inclusion: found PDF version '1.7', bu
t at most version '1.5' allowed
<squirrel3__squirrel__sqapiByGemini_8cpp_a46b987905eee855ee421d10b5c5ac879_cgra
ph.pdf, id=2771, 305.14pt x 99.37125pt>
File: squirrel3__squirrel__sqapiByGemini_8cpp_a46b987905eee855ee421d10b5c5ac879
_cgraph.pdf Graphic file (type pdf)
<use squirrel3__squirrel__sqapiByGemini_8cpp_a46b987905eee855ee421d10b5c5ac879_
cgraph.pdf>
Package luatex.def Info: squirrel3__squirrel__sqapiByGemini_8cpp_a46b987905eee8
55ee421d10b5c5ac879_cgraph.pdf  used on input line 5313.
(luatex.def)             Requested size: 304.0pt x 99.00406pt.
LaTeX Font Info:    Kanji font shape `JY3/gt/m/it' undefined
(Font)              No change on input line 5320.
LaTeX Font Info:    Kanji font shape `JY3/gt/m/it' undefined
(Font)              No change on input line 5320.
LaTeX Font Info:    Kanji font shape `JY3/gt/m/it' undefined
(Font)              No change on input line 1.
LaTeX Font Info:    Kanji font shape `JY3/gt/m/it' undefined
(Font)              No change on input line 3.
[93<./squirrel3__squirrel__sqapiByGemini_8cpp_a46b987905eee855ee421d10b5c5ac879_
cgraph.pdf>]
warning  (file squirrel3__squirrel__sqapiByGemini_8cpp_a4575e156937567a826865387
745110ef_cgraph.pdf) (pdf inclusion): PDF inclusion: found PDF version '1.7', bu
t at most version '1.5' allowed
<squirrel3__squirrel__sqapiByGemini_8cpp_a4575e156937567a826865387745110ef_cgra
ph.pdf, id=2793, 304.13625pt x 99.37125pt>
File: squirrel3__squirrel__sqapiByGemini_8cpp_a4575e156937567a826865387745110ef
_cgraph.pdf Graphic file (type pdf)
<use squirrel3__squirrel__sqapiByGemini_8cpp_a4575e156937567a826865387745110ef_
cgraph.pdf>
Package luatex.def Info: squirrel3__squirrel__sqapiByGemini_8cpp_a4575e15693756
7a826865387745110ef_cgraph.pdf  used on input line 5364.
(luatex.def)             Requested size: 303.0pt x 99.00253pt.
LaTeX Font Info:    Kanji font shape `JY3/gt/m/it' undefined
(Font)              No change on input line 5371.
LaTeX Font Info:    Kanji font shape `JY3/gt/m/it' undefined
(Font)              No change on input line 5371.
LaTeX Font Info:    Kanji font shape `JY3/gt/m/it' undefined
(Font)              No change on input line 1.
LaTeX Font Info:    Kanji font shape `JY3/gt/m/it' undefined
(Font)              No change on input line 3.
LaTeX Font Info:    Kanji font shape `JY3/gt/m/it' undefined
(Font)              No change on input line 5399.
LaTeX Font Info:    Kanji font shape `JY3/gt/m/it' undefined
(Font)              No change on input line 1.
[94<./squirrel3__squirrel__sqapiByGemini_8cpp_a4575e156937567a826865387745110ef_
cgraph.pdf>]
warning  (file squirrel3__squirrel__sqapiByGemini_8cpp_ae51990719a4a931f3e4b0719
30f158a3_cgraph.pdf) (pdf inclusion): PDF inclusion: found PDF version '1.7', bu
t at most version '1.5' allowed
<squirrel3__squirrel__sqapiByGemini_8cpp_ae51990719a4a931f3e4b071930f158a3_cgra
ph.pdf, id=2814, 300.12125pt x 99.37125pt>
File: squirrel3__squirrel__sqapiByGemini_8cpp_ae51990719a4a931f3e4b071930f158a3
_cgraph.pdf Graphic file (type pdf)
<use squirrel3__squirrel__sqapiByGemini_8cpp_ae51990719a4a931f3e4b071930f158a3_
cgraph.pdf>
Package luatex.def Info: squirrel3__squirrel__sqapiByGemini_8cpp_ae51990719a4a9
31f3e4b071930f158a3_cgraph.pdf  used on input line 5439.
(luatex.def)             Requested size: 299.0pt x 99.0086pt.
LaTeX Font Info:    Kanji font shape `JY3/gt/m/it' undefined
(Font)              No change on input line 5446.
LaTeX Font Info:    Kanji font shape `JY3/gt/m/it' undefined
(Font)              No change on input line 1.
[95<./squirrel3__squirrel__sqapiByGemini_8cpp_ae51990719a4a931f3e4b071930f158a3_
cgraph.pdf>]
LaTeX Font Info:    Kanji font shape `JY3/gt/m/it' undefined
(Font)              No change on input line 5478.
LaTeX Font Info:    Kanji font shape `JY3/gt/m/it' undefined
(Font)              No change on input line 5478.
LaTeX Font Info:    Kanji font shape `JY3/gt/m/it' undefined
(Font)              No change on input line 1.
LaTeX Font Info:    Kanji font shape `JY3/gt/m/it' undefined
(Font)              No change on input line 3.

warning  (file squirrel3__squirrel__sqapiByGemini_8cpp_adfd43ecffc7bba7fa00b1f3a
a01c8446_cgraph.pdf) (pdf inclusion): PDF inclusion: found PDF version '1.7', bu
t at most version '1.5' allowed
<squirrel3__squirrel__sqapiByGemini_8cpp_adfd43ecffc7bba7fa00b1f3aa01c8446_cgra
ph.pdf, id=2841, 439.6425pt x 118.4425pt>
File: squirrel3__squirrel__sqapiByGemini_8cpp_adfd43ecffc7bba7fa00b1f3aa01c8446
_cgraph.pdf Graphic file (type pdf)
<use squirrel3__squirrel__sqapiByGemini_8cpp_adfd43ecffc7bba7fa00b1f3aa01c8446_
cgraph.pdf>
Package luatex.def Info: squirrel3__squirrel__sqapiByGemini_8cpp_adfd43ecffc7bb
a7fa00b1f3aa01c8446_cgraph.pdf  used on input line 5540.
(luatex.def)             Requested size: 350.0pt x 94.29506pt.
[96]
LaTeX Font Info:    Kanji font shape `JY3/gt/m/it' undefined
(Font)              No change on input line 5547.
LaTeX Font Info:    Kanji font shape `JY3/gt/m/it' undefined
(Font)              No change on input line 1.
LaTeX Font Info:    Kanji font shape `JY3/gt/m/it' undefined
(Font)              No change on input line 5577.
LaTeX Font Info:    Kanji font shape `JY3/gt/m/it' undefined
(Font)              No change on input line 5577.
LaTeX Font Info:    Kanji font shape `JY3/gt/m/it' undefined
(Font)              No change on input line 1.
LaTeX Font Info:    Kanji font shape `JY3/gt/m/it' undefined
(Font)              No change on input line 3.
 [97<./squirrel3__squirrel__sqapiByGemini_8cpp_adfd43ecffc7bba7fa00b1f3aa01c8446
_cgraph.pdf>]
LaTeX Font Info:    Kanji font shape `JY3/gt/m/it' undefined
(Font)              No change on input line 5605.
LaTeX Font Info:    Kanji font shape `JY3/gt/m/it' undefined
(Font)              No change on input line 5605.
LaTeX Font Info:    Kanji font shape `JY3/gt/m/it' undefined
(Font)              No change on input line 5605.
LaTeX Font Info:    Kanji font shape `JY3/gt/m/it' undefined
(Font)              No change on input line 1.
LaTeX Font Info:    Kanji font shape `JY3/gt/m/it' undefined
(Font)              No change on input line 3.
LaTeX Font Info:    Kanji font shape `JY3/gt/m/it' undefined
(Font)              No change on input line 5.

warning  (file squirrel3__squirrel__sqapiByGemini_8cpp_a301468f6ca3289e281897b4c
bfaaa960_cgraph.pdf) (pdf inclusion): PDF inclusion: found PDF version '1.7', bu
t at most version '1.5' allowed
<squirrel3__squirrel__sqapiByGemini_8cpp_a301468f6ca3289e281897b4cbfaaa960_cgra
ph.pdf, id=2875, 455.7025pt x 118.4425pt>
File: squirrel3__squirrel__sqapiByGemini_8cpp_a301468f6ca3289e281897b4cbfaaa960
_cgraph.pdf Graphic file (type pdf)
<use squirrel3__squirrel__sqapiByGemini_8cpp_a301468f6ca3289e281897b4cbfaaa960_
cgraph.pdf>
Package luatex.def Info: squirrel3__squirrel__sqapiByGemini_8cpp_a301468f6ca328
9e281897b4cbfaaa960_cgraph.pdf  used on input line 5664.
(luatex.def)             Requested size: 350.0pt x 90.97147pt.
[98<./squirrel3__squirrel__sqapiByGemini_8cpp_a301468f6ca3289e281897b4cbfaaa960_
cgraph.pdf>]
LaTeX Font Info:    Kanji font shape `JY3/gt/m/it' undefined
(Font)              No change on input line 5671.
LaTeX Font Info:    Kanji font shape `JY3/gt/m/it' undefined
(Font)              No change on input line 5671.
LaTeX Font Info:    Kanji font shape `JY3/gt/m/it' undefined
(Font)              No change on input line 5671.
LaTeX Font Info:    Kanji font shape `JY3/gt/m/it' undefined
(Font)              No change on input line 1.
LaTeX Font Info:    Kanji font shape `JY3/gt/m/it' undefined
(Font)              No change on input line 3.
LaTeX Font Info:    Kanji font shape `JY3/gt/m/it' undefined
(Font)              No change on input line 5.

warning  (file squirrel3__squirrel__sqapiByGemini_8cpp_a66619fc703deaa0f7ef8ce70
96934a92_cgraph.pdf) (pdf inclusion): PDF inclusion: found PDF version '1.7', bu
t at most version '1.5' allowed
<squirrel3__squirrel__sqapiByGemini_8cpp_a66619fc703deaa0f7ef8ce7096934a92_cgra
ph.pdf, id=2894, 302.12875pt x 99.37125pt>
File: squirrel3__squirrel__sqapiByGemini_8cpp_a66619fc703deaa0f7ef8ce7096934a92
_cgraph.pdf Graphic file (type pdf)
<use squirrel3__squirrel__sqapiByGemini_8cpp_a66619fc703deaa0f7ef8ce7096934a92_
cgraph.pdf>
Package luatex.def Info: squirrel3__squirrel__sqapiByGemini_8cpp_a66619fc703dea
a0f7ef8ce7096934a92_cgraph.pdf  used on input line 5712.
(luatex.def)             Requested size: 301.0pt x 98.99951pt.
LaTeX Font Info:    Kanji font shape `JY3/gt/m/it' undefined
(Font)              No change on input line 5719.
LaTeX Font Info:    Kanji font shape `JY3/gt/m/it' undefined
(Font)              No change on input line 5719.
LaTeX Font Info:    Kanji font shape `JY3/gt/m/it' undefined
(Font)              No change on input line 5719.
LaTeX Font Info:    Kanji font shape `JY3/gt/m/it' undefined
(Font)              No change on input line 1.
LaTeX Font Info:    Kanji font shape `JY3/gt/m/it' undefined
(Font)              No change on input line 3.
LaTeX Font Info:    Kanji font shape `JY3/gt/m/it' undefined
(Font)              No change on input line 5.
[99<./squirrel3__squirrel__sqapiByGemini_8cpp_a66619fc703deaa0f7ef8ce7096934a92_
cgraph.pdf>]
warning  (file squirrel3__squirrel__sqapiByGemini_8cpp_ab704c3fb47658bd36b89adb0
60f015aa_cgraph.pdf) (pdf inclusion): PDF inclusion: found PDF version '1.7', bu
t at most version '1.5' allowed
<squirrel3__squirrel__sqapiByGemini_8cpp_ab704c3fb47658bd36b89adb060f015aa_cgra
ph.pdf, id=2913, 343.2825pt x 99.37125pt>
File: squirrel3__squirrel__sqapiByGemini_8cpp_ab704c3fb47658bd36b89adb060f015aa
_cgraph.pdf Graphic file (type pdf)
<use squirrel3__squirrel__sqapiByGemini_8cpp_ab704c3fb47658bd36b89adb060f015aa_
cgraph.pdf>
Package luatex.def Info: squirrel3__squirrel__sqapiByGemini_8cpp_ab704c3fb47658
bd36b89adb060f015aa_cgraph.pdf  used on input line 5763.
(luatex.def)             Requested size: 342.0pt x 98.99951pt.
LaTeX Font Info:    Kanji font shape `JY3/gt/m/it' undefined
(Font)              No change on input line 5770.
LaTeX Font Info:    Kanji font shape `JY3/gt/m/it' undefined
(Font)              No change on input line 5770.
LaTeX Font Info:    Kanji font shape `JY3/gt/m/it' undefined
(Font)              No change on input line 1.
LaTeX Font Info:    Kanji font shape `JY3/gt/m/it' undefined
(Font)              No change on input line 3.
[100<./squirrel3__squirrel__sqapiByGemini_8cpp_ab704c3fb47658bd36b89adb060f015aa
_cgraph.pdf>]
LaTeX Font Info:    Kanji font shape `JY3/gt/m/it' undefined
(Font)              No change on input line 5800.
LaTeX Font Info:    Kanji font shape `JY3/gt/m/it' undefined
(Font)              No change on input line 5800.
LaTeX Font Info:    Kanji font shape `JY3/gt/m/it' undefined
(Font)              No change on input line 5800.
LaTeX Font Info:    Kanji font shape `JY3/gt/m/it' undefined
(Font)              No change on input line 1.
LaTeX Font Info:    Kanji font shape `JY3/gt/m/it' undefined
(Font)              No change on input line 3.
LaTeX Font Info:    Kanji font shape `JY3/gt/m/it' undefined
(Font)              No change on input line 5.

warning  (file squirrel3__squirrel__sqapiByGemini_8cpp_a0bc370f9e91bcd00624d007b
9d9424f9_cgraph.pdf) (pdf inclusion): PDF inclusion: found PDF version '1.7', bu
t at most version '1.5' allowed
<squirrel3__squirrel__sqapiByGemini_8cpp_a0bc370f9e91bcd00624d007b9d9424f9_cgra
ph.pdf, id=2936, 314.17375pt x 99.37125pt>
File: squirrel3__squirrel__sqapiByGemini_8cpp_a0bc370f9e91bcd00624d007b9d9424f9
_cgraph.pdf Graphic file (type pdf)
<use squirrel3__squirrel__sqapiByGemini_8cpp_a0bc370f9e91bcd00624d007b9d9424f9_
cgraph.pdf>
Package luatex.def Info: squirrel3__squirrel__sqapiByGemini_8cpp_a0bc370f9e91bc
d00624d007b9d9424f9_cgraph.pdf  used on input line 5855.
(luatex.def)             Requested size: 313.0pt x 99.00406pt.
[101]
LaTeX Font Info:    Kanji font shape `JY3/gt/m/it' undefined
(Font)              No change on input line 5862.
LaTeX Font Info:    Kanji font shape `JY3/gt/m/it' undefined
(Font)              No change on input line 5862.
LaTeX Font Info:    Kanji font shape `JY3/gt/m/it' undefined
(Font)              No change on input line 5862.
LaTeX Font Info:    Kanji font shape `JY3/gt/m/it' undefined
(Font)              No change on input line 1.
LaTeX Font Info:    Kanji font shape `JY3/gt/m/it' undefined
(Font)              No change on input line 3.
LaTeX Font Info:    Kanji font shape `JY3/gt/m/it' undefined
(Font)              No change on input line 5.
LaTeX Font Info:    Kanji font shape `JY3/gt/m/it' undefined
(Font)              No change on input line 5893.
LaTeX Font Info:    Kanji font shape `JY3/gt/m/it' undefined
(Font)              No change on input line 5893.
LaTeX Font Info:    Kanji font shape `JY3/gt/m/it' undefined
(Font)              No change on input line 5893.
LaTeX Font Info:    Kanji font shape `JY3/gt/m/it' undefined
(Font)              No change on input line 1.
LaTeX Font Info:    Kanji font shape `JY3/gt/m/it' undefined
(Font)              No change on input line 3.
LaTeX Font Info:    Kanji font shape `JY3/gt/m/it' undefined
(Font)              No change on input line 5.
 [102<./squirrel3__squirrel__sqapiByGemini_8cpp_a0bc370f9e91bcd00624d007b9d9424f
9_cgraph.pdf>]
LaTeX Font Info:    Kanji font shape `JY3/gt/m/it' undefined
(Font)              No change on input line 5929.
LaTeX Font Info:    Kanji font shape `JY3/gt/m/it' undefined
(Font)              No change on input line 1.

warning  (file squirrel3__squirrel__sqapiByGemini_8cpp_ab0b5aa5485d9253abf139a51
fc32ba75_cgraph.pdf) (pdf inclusion): PDF inclusion: found PDF version '1.7', bu
t at most version '1.5' allowed
<squirrel3__squirrel__sqapiByGemini_8cpp_ab0b5aa5485d9253abf139a51fc32ba75_cgra
ph.pdf, id=2968, 293.095pt x 99.37125pt>
File: squirrel3__squirrel__sqapiByGemini_8cpp_ab0b5aa5485d9253abf139a51fc32ba75
_cgraph.pdf Graphic file (type pdf)
<use squirrel3__squirrel__sqapiByGemini_8cpp_ab0b5aa5485d9253abf139a51fc32ba75_
cgraph.pdf>
Package luatex.def Info: squirrel3__squirrel__sqapiByGemini_8cpp_ab0b5aa5485d92
53abf139a51fc32ba75_cgraph.pdf  used on input line 5969.
(luatex.def)             Requested size: 292.0pt x 98.99951pt.
LaTeX Font Info:    Kanji font shape `JY3/gt/m/it' undefined
(Font)              No change on input line 5976.
LaTeX Font Info:    Kanji font shape `JY3/gt/m/it' undefined
(Font)              No change on input line 5976.
[103<./squirrel3__squirrel__sqapiByGemini_8cpp_ab0b5aa5485d9253abf139a51fc32ba75
_cgraph.pdf>]
LaTeX Font Info:    Kanji font shape `JY3/gt/m/it' undefined
(Font)              No change on input line 1.
LaTeX Font Info:    Kanji font shape `JY3/gt/m/it' undefined
(Font)              No change on input line 3.
LaTeX Font Info:    Kanji font shape `JY3/gt/m/it' undefined
(Font)              No change on input line 6004.
LaTeX Font Info:    Kanji font shape `JY3/gt/m/it' undefined
(Font)              No change on input line 6004.
LaTeX Font Info:    Kanji font shape `JY3/gt/m/it' undefined
(Font)              No change on input line 1.
LaTeX Font Info:    Kanji font shape `JY3/gt/m/it' undefined
(Font)              No change on input line 3.
LaTeX Font Info:    Kanji font shape `JY3/gt/m/it' undefined
(Font)              No change on input line 6032.
LaTeX Font Info:    Kanji font shape `JY3/gt/m/it' undefined
(Font)              No change on input line 6032.
LaTeX Font Info:    Kanji font shape `JY3/gt/m/it' undefined
(Font)              No change on input line 1.
LaTeX Font Info:    Kanji font shape `JY3/gt/m/it' undefined
(Font)              No change on input line 3.
 [104]
warning  (file squirrel3__squirrel__sqapiByGemini_8cpp_a8c96d68880eac465d517d314
f21e78a6_cgraph.pdf) (pdf inclusion): PDF inclusion: found PDF version '1.7', bu
t at most version '1.5' allowed
<squirrel3__squirrel__sqapiByGemini_8cpp_a8c96d68880eac465d517d314f21e78a6_cgra
ph.pdf, id=3007, 254.9525pt x 173.64874pt>
File: squirrel3__squirrel__sqapiByGemini_8cpp_a8c96d68880eac465d517d314f21e78a6
_cgraph.pdf Graphic file (type pdf)
<use squirrel3__squirrel__sqapiByGemini_8cpp_a8c96d68880eac465d517d314f21e78a6_
cgraph.pdf>
Package luatex.def Info: squirrel3__squirrel__sqapiByGemini_8cpp_a8c96d68880eac
465d517d314f21e78a6_cgraph.pdf  used on input line 6069.
(luatex.def)             Requested size: 254.0pt x 173.0071pt.
LaTeX Font Info:    Kanji font shape `JY3/gt/m/it' undefined
(Font)              No change on input line 6076.
LaTeX Font Info:    Kanji font shape `JY3/gt/m/it' undefined
(Font)              No change on input line 6076.
LaTeX Font Info:    Kanji font shape `JY3/gt/m/it' undefined
(Font)              No change on input line 6076.
LaTeX Font Info:    Kanji font shape `JY3/gt/m/it' undefined
(Font)              No change on input line 1.
LaTeX Font Info:    Kanji font shape `JY3/gt/m/it' undefined
(Font)              No change on input line 3.
LaTeX Font Info:    Kanji font shape `JY3/gt/m/it' undefined
(Font)              No change on input line 5.
[105<./squirrel3__squirrel__sqapiByGemini_8cpp_a8c96d68880eac465d517d314f21e78a6
_cgraph.pdf>]
warning  (file squirrel3__squirrel__sqapiByGemini_8cpp_a5055037550de2b286c64de20
433a60b5_cgraph.pdf) (pdf inclusion): PDF inclusion: found PDF version '1.7', bu
t at most version '1.5' allowed
<squirrel3__squirrel__sqapiByGemini_8cpp_a5055037550de2b286c64de20433a60b5_cgra
ph.pdf, id=3026, 287.0725pt x 99.37125pt>
File: squirrel3__squirrel__sqapiByGemini_8cpp_a5055037550de2b286c64de20433a60b5
_cgraph.pdf Graphic file (type pdf)
<use squirrel3__squirrel__sqapiByGemini_8cpp_a5055037550de2b286c64de20433a60b5_
cgraph.pdf>
Package luatex.def Info: squirrel3__squirrel__sqapiByGemini_8cpp_a5055037550de2
b286c64de20433a60b5_cgraph.pdf  used on input line 6120.
(luatex.def)             Requested size: 286.0pt x 99.00253pt.
LaTeX Font Info:    Kanji font shape `JY3/gt/m/it' undefined
(Font)              No change on input line 6127.
LaTeX Font Info:    Kanji font shape `JY3/gt/m/it' undefined
(Font)              No change on input line 6127.
LaTeX Font Info:    Kanji font shape `JY3/gt/m/it' undefined
(Font)              No change on input line 1.
LaTeX Font Info:    Kanji font shape `JY3/gt/m/it' undefined
(Font)              No change on input line 3.
LaTeX Font Info:    Kanji font shape `JY3/gt/m/it' undefined
(Font)              No change on input line 6155.
[106<./squirrel3__squirrel__sqapiByGemini_8cpp_a5055037550de2b286c64de20433a60b5
_cgraph.pdf>]
LaTeX Font Info:    Kanji font shape `JY3/gt/m/it' undefined
(Font)              No change on input line 1.
LaTeX Font Info:    Kanji font shape `JY3/gt/m/it' undefined
(Font)              No change on input line 6184.
LaTeX Font Info:    Kanji font shape `JY3/gt/m/it' undefined
(Font)              No change on input line 6184.
LaTeX Font Info:    Kanji font shape `JY3/gt/m/it' undefined
(Font)              No change on input line 1.
LaTeX Font Info:    Kanji font shape `JY3/gt/m/it' undefined
(Font)              No change on input line 3.
 [107]
warning  (file squirrel3__squirrel__sqapiByGemini_8cpp_a3ee87b6f11f5b3b45c024245
fee251b3_cgraph.pdf) (pdf inclusion): PDF inclusion: found PDF version '1.7', bu
t at most version '1.5' allowed
<squirrel3__squirrel__sqapiByGemini_8cpp_a3ee87b6f11f5b3b45c024245fee251b3_cgra
ph.pdf, id=3060, 266.9975pt x 99.37125pt>
File: squirrel3__squirrel__sqapiByGemini_8cpp_a3ee87b6f11f5b3b45c024245fee251b3
_cgraph.pdf Graphic file (type pdf)
<use squirrel3__squirrel__sqapiByGemini_8cpp_a3ee87b6f11f5b3b45c024245fee251b3_
cgraph.pdf>
Package luatex.def Info: squirrel3__squirrel__sqapiByGemini_8cpp_a3ee87b6f11f5b
3b45c024245fee251b3_cgraph.pdf  used on input line 6234.
(luatex.def)             Requested size: 266.0pt x 99.01012pt.
LaTeX Font Info:    Kanji font shape `JY3/gt/m/it' undefined
(Font)              No change on input line 6241.
LaTeX Font Info:    Kanji font shape `JY3/gt/m/it' undefined
(Font)              No change on input line 6241.
LaTeX Font Info:    Kanji font shape `JY3/gt/m/it' undefined
(Font)              No change on input line 1.
LaTeX Font Info:    Kanji font shape `JY3/gt/m/it' undefined
(Font)              No change on input line 3.

Overfull \hbox (24.49203pt too wide) in paragraph at lines 6271--6272
[]\T1/phv/m/n/10 , [], [], [], [], [],
 []

[108<./squirrel3__squirrel__sqapiByGemini_8cpp_a3ee87b6f11f5b3b45c024245fee251b3
_cgraph.pdf>]
warning  (file squirrel3__squirrel__sqapiByGemini_8cpp_a1120339f46d18eddf68f7a73
23937ddb_icgraph.pdf) (pdf inclusion): PDF inclusion: found PDF version '1.7', b
ut at most version '1.5' allowed
<squirrel3__squirrel__sqapiByGemini_8cpp_a1120339f46d18eddf68f7a7323937ddb_icgr
aph.pdf, id=3123, 486.81876pt x 1792.6975pt>
File: squirrel3__squirrel__sqapiByGemini_8cpp_a1120339f46d18eddf68f7a7323937ddb
_icgraph.pdf Graphic file (type pdf)
<use squirrel3__squirrel__sqapiByGemini_8cpp_a1120339f46d18eddf68f7a7323937ddb_
icgraph.pdf>
Package luatex.def Info: squirrel3__squirrel__sqapiByGemini_8cpp_a1120339f46d18
eddf68f7a7323937ddb_icgraph.pdf  used on input line 6278.
(luatex.def)             Requested size: 149.35231pt x 550.0pt.
LaTeX Font Info:    Kanji font shape `JY3/gt/m/it' undefined
(Font)              No change on input line 6285.
[109<./squirrel3__squirrel__sqapiByGemini_8cpp_a1120339f46d18eddf68f7a7323937ddb
_icgraph.pdf>]
LaTeX Font Info:    Kanji font shape `JY3/gt/m/it' undefined
(Font)              No change on input line 1.
LaTeX Font Info:    Kanji font shape `JY3/gt/m/it' undefined
(Font)              No change on input line 6316.
LaTeX Font Info:    Kanji font shape `JY3/gt/m/it' undefined
(Font)              No change on input line 6316.
LaTeX Font Info:    Kanji font shape `JY3/gt/m/it' undefined
(Font)              No change on input line 6316.
LaTeX Font Info:    Kanji font shape `JY3/gt/m/it' undefined
(Font)              No change on input line 1.
LaTeX Font Info:    Kanji font shape `JY3/gt/m/it' undefined
(Font)              No change on input line 3.
LaTeX Font Info:    Kanji font shape `JY3/gt/m/it' undefined
(Font)              No change on input line 5.
LaTeX Font Info:    Kanji font shape `JY3/gt/m/it' undefined
(Font)              No change on input line 6347.
LaTeX Font Info:    Kanji font shape `JY3/gt/m/it' undefined
(Font)              No change on input line 6347.
LaTeX Font Info:    Kanji font shape `JY3/gt/m/it' undefined
(Font)              No change on input line 1.
LaTeX Font Info:    Kanji font shape `JY3/gt/m/it' undefined
(Font)              No change on input line 3.
 [110]
LaTeX Font Info:    Kanji font shape `JY3/gt/m/it' undefined
(Font)              No change on input line 6384.
LaTeX Font Info:    Kanji font shape `JY3/gt/m/it' undefined
(Font)              No change on input line 6384.
LaTeX Font Info:    Kanji font shape `JY3/gt/m/it' undefined
(Font)              No change on input line 1.
LaTeX Font Info:    Kanji font shape `JY3/gt/m/it' undefined
(Font)              No change on input line 3.
LaTeX Font Info:    Kanji font shape `JY3/gt/m/it' undefined
(Font)              No change on input line 6421.
LaTeX Font Info:    Kanji font shape `JY3/gt/m/it' undefined
(Font)              No change on input line 6421.
LaTeX Font Info:    Kanji font shape `JY3/gt/m/it' undefined
(Font)              No change on input line 6421.
LaTeX Font Info:    Kanji font shape `JY3/gt/m/it' undefined
(Font)              No change on input line 6421.
LaTeX Font Info:    Kanji font shape `JY3/gt/m/it' undefined
(Font)              No change on input line 6421.
 [111]
LaTeX Font Info:    Kanji font shape `JY3/gt/m/it' undefined
(Font)              No change on input line 1.
LaTeX Font Info:    Kanji font shape `JY3/gt/m/it' undefined
(Font)              No change on input line 3.
LaTeX Font Info:    Kanji font shape `JY3/gt/m/it' undefined
(Font)              No change on input line 5.
LaTeX Font Info:    Kanji font shape `JY3/gt/m/it' undefined
(Font)              No change on input line 7.
LaTeX Font Info:    Kanji font shape `JY3/gt/m/it' undefined
(Font)              No change on input line 9.

warning  (file squirrel3__squirrel__sqapiByGemini_8cpp_af53cf2bbbe6b9c50d014142b
b208a093_cgraph.pdf) (pdf inclusion): PDF inclusion: found PDF version '1.7', bu
t at most version '1.5' allowed
<squirrel3__squirrel__sqapiByGemini_8cpp_af53cf2bbbe6b9c50d014142bb208a093_cgra
ph.pdf, id=3175, 287.0725pt x 99.37125pt>
File: squirrel3__squirrel__sqapiByGemini_8cpp_af53cf2bbbe6b9c50d014142bb208a093
_cgraph.pdf Graphic file (type pdf)
<use squirrel3__squirrel__sqapiByGemini_8cpp_af53cf2bbbe6b9c50d014142bb208a093_
cgraph.pdf>
Package luatex.def Info: squirrel3__squirrel__sqapiByGemini_8cpp_af53cf2bbbe6b9
c50d014142bb208a093_cgraph.pdf  used on input line 6479.
(luatex.def)             Requested size: 286.0pt x 99.00253pt.
LaTeX Font Info:    Kanji font shape `JY3/gt/m/it' undefined
(Font)              No change on input line 6486.
LaTeX Font Info:    Kanji font shape `JY3/gt/m/it' undefined
(Font)              No change on input line 6486.
[112<./squirrel3__squirrel__sqapiByGemini_8cpp_af53cf2bbbe6b9c50d014142bb208a093
_cgraph.pdf>]
LaTeX Font Info:    Kanji font shape `JY3/gt/m/it' undefined
(Font)              No change on input line 1.
LaTeX Font Info:    Kanji font shape `JY3/gt/m/it' undefined
(Font)              No change on input line 3.
LaTeX Font Info:    Kanji font shape `JY3/gt/m/it' undefined
(Font)              No change on input line 6519.
LaTeX Font Info:    Kanji font shape `JY3/gt/m/it' undefined
(Font)              No change on input line 6519.
LaTeX Font Info:    Kanji font shape `JY3/gt/m/it' undefined
(Font)              No change on input line 6519.
LaTeX Font Info:    Kanji font shape `JY3/gt/m/it' undefined
(Font)              No change on input line 1.
LaTeX Font Info:    Kanji font shape `JY3/gt/m/it' undefined
(Font)              No change on input line 3.
LaTeX Font Info:    Kanji font shape `JY3/gt/m/it' undefined
(Font)              No change on input line 5.
 [113]
warning  (file squirrel3__squirrel__sqapiByGemini_8cpp_af99ae6b21dc59b0649fbf05c
ab04aa6d_cgraph.pdf) (pdf inclusion): PDF inclusion: found PDF version '1.7', bu
t at most version '1.5' allowed
<squirrel3__squirrel__sqapiByGemini_8cpp_af99ae6b21dc59b0649fbf05cab04aa6d_cgra
ph.pdf, id=3208, 294.09875pt x 99.37125pt>
File: squirrel3__squirrel__sqapiByGemini_8cpp_af99ae6b21dc59b0649fbf05cab04aa6d
_cgraph.pdf Graphic file (type pdf)
<use squirrel3__squirrel__sqapiByGemini_8cpp_af99ae6b21dc59b0649fbf05cab04aa6d_
cgraph.pdf>
Package luatex.def Info: squirrel3__squirrel__sqapiByGemini_8cpp_af99ae6b21dc59
b0649fbf05cab04aa6d_cgraph.pdf  used on input line 6566.
(luatex.def)             Requested size: 293.0pt x 99.00102pt.
) (./squirrel3__squirrel__sqapiByGemini_8cpp_source.tex [114<./squirrel3__squirr
el__sqapiByGemini_8cpp_af99ae6b21dc59b0649fbf05cab04aa6d_cgraph.pdf>] [115]
[116] [117] [118] [119] [120] [121] [122] [123] [124] [125] [126] [127]
[128] [129] [130] [131] [132]) [133] [134

]
No file refman.ind.
(./refman.aux)
 ***********
LaTeX2e <2023-11-01> patch level 1
L3 programming layer <2024-01-22>
 ***********


LaTeX Font Warning: Some font shapes were not available, defaults substituted.

Package rerunfilecheck Info: File `refman.out' has not changed.
(rerunfilecheck)             Checksum: 1BA6560C7B2773F624666F2C8DE88E4A;34774.
)

Here is how much of LuaTeX's memory you used:
 30647 strings out of 476553
 382314,1977958 words of node,token memory allocated
 1338 words of node memory still in use:
   8 hlist, 1 vlist, 5 rule, 2 glue, 3 kern, 1 glyph, 219 attribute, 110 glue_sp
ec, 29 attribute_list, 5 write, 10 user_defined, 1 pdf_dest nodes
   avail lists: 1:46,2:80192,3:1762,4:1105,5:738,6:591,7:8790,8:9,9:2472,10:40,1
1:391,12:9
 49339 multiletter control sequences out of 65536+600000
 117 fonts using 71231671 bytes
 124i,16n,118p,4589b,829s stack positions out of 10000i,1000n,20000p,200000b,200000s
{/usr/share/texlive/texmf-dist/fonts/enc/dvips/base/8r.enc}</usr/share/texlive/t
exmf-dist/fonts/opentype/public/haranoaji/HaranoAjiGothic-Medium.otf></usr/share
/texlive/texmf-dist/fonts/opentype/public/haranoaji/HaranoAjiMincho-Regular.otf>
</usr/share/texlive/texmf-dist/fonts/type1/public/amsfonts/cm/cmmi10.pfb></usr/s
hare/texlive/texmf-dist/fonts/type1/public/amsfonts/cm/cmmi7.pfb></usr/share/tex
live/texmf-dist/fonts/type1/public/amsfonts/cm/cmsy10.pfb></usr/share/texlive/te
xmf-dist/fonts/type1/public/amsfonts/cm/cmsy7.pfb></usr/share/texlive/texmf-dist
/fonts/type1/public/amsfonts/cm/cmsy8.pfb></usr/share/texlive/texmf-dist/fonts/t
ype1/urw/courier/ucrr8a.pfb></usr/share/texlive/texmf-dist/fonts/type1/urw/couri
er/ucrro8a.pfb></usr/share/texlive/texmf-dist/fonts/type1/urw/helvetic/uhvb8a.pf
b></usr/share/texlive/texmf-dist/fonts/type1/urw/helvetic/uhvb8ac.pfb></usr/shar
e/texlive/texmf-dist/fonts/type1/urw/helvetic/uhvr8a.pfb></usr/share/texlive/tex
mf-dist/fonts/type1/urw/helvetic/uhvro8a.pfb>
Output written on refman.pdf (142 pages, 1073368 bytes).

PDF statistics: 5374 PDF objects out of 6186 (max. 8388607)
 4969 compressed objects within 50 object streams
 2306 named destinations out of 2487 (max. 131072)
 1352 words of extra memory for PDF output out of 10000 (max. 100000000)

