This is e-upTeX, Version 3.141592653-p4.1.0-u1.29-230214-2.6 (utf8.euc) (TeX Live 2023/Debian) (preloaded format=platex 2025.6.6)  28 JUN 2025 20:53
entering extended mode
 restricted \write18 enabled.
 %&-line parsing enabled.
**refman.tex
(./refman.tex
pLaTeX2e <2023-02-14>+1, based on
LaTeX2e <2023-11-01> patch level 1
L3 programming layer <2024-01-22>
(/usr/share/texlive/texmf-dist/tex/latex/base/book.cls
Document Class: book 2023/05/17 v1.4n Standard LaTeX document class
(/usr/share/texlive/texmf-dist/tex/latex/base/bk10.clo
File: bk10.clo 2023/05/17 v1.4n Standard LaTeX file (size option)
)
\c@part=\count186
\c@chapter=\count187
\c@section=\count188
\c@subsection=\count189
\c@subsubsection=\count190
\c@paragraph=\count191
\c@subparagraph=\count192
\c@figure=\count193
\c@table=\count194
\abovecaptionskip=\skip48
\belowcaptionskip=\skip49
\bibindent=\dimen156
)
(/usr/share/texlive/texmf-dist/tex/latex/base/ifthen.sty
Package: ifthen 2022/04/13 v1.1d Standard LaTeX ifthen package (DPC)
)
(/usr/share/texlive/texmf-dist/tex/latex/tools/array.sty
Rollback for package 'array' requested -> date 2016-10-06.
         Best approximation is the release introduced on 2016-10-06.

(/usr/share/texlive/texmf-dist/tex/latex/tools/array-2016-10-06.sty
Package: array 2016/10/06 v2.4d Tabular extension package (FMi)
\col@sep=\dimen157
\extrarowheight=\dimen158
\NC@list=\toks18
\extratabsurround=\skip50
\backup@length=\skip51
))
(/usr/share/texlive/texmf-dist/tex/generic/infwarerr/infwarerr.sty
package info suppressed
)
(./doxygen.sty
Package: doxygen 
 (/usr/share/texlive/texmf-dist/tex/latex/base/alltt.sty
Package: alltt 2021/01/29 v2.0g defines alltt environment
)
(/usr/share/texlive/texmf-dist/tex/latex/tools/calc.sty
Package: calc 2023/07/08 v4.3 Infix arithmetic (KKT,FJ)
\calc@Acount=\count195
\calc@Bcount=\count196
\calc@Adimen=\dimen159
\calc@Bdimen=\dimen160
\calc@Askip=\skip52
\calc@Bskip=\skip53
LaTeX Info: Redefining \setlength on input line 80.
LaTeX Info: Redefining \addtolength on input line 81.
\calc@Ccount=\count197
\calc@Cskip=\skip54
)
(/usr/share/texlive/texmf-dist/tex/latex/float/float.sty
Package: float 2001/11/08 v1.3d Float enhancements (AL)
\c@float@type=\count198
\float@exts=\toks19
\float@box=\box68
\@float@everytoks=\toks20
\@floatcapt=\box69
)
(/usr/share/texlive/texmf-dist/tex/latex/tools/verbatim.sty
Package: verbatim 2023-11-06 v1.5v LaTeX2e package for verbatim enhancements
\every@verbatim=\toks21
\verbatim@line=\toks22
\verbatim@in@stream=\read2
)
(/usr/share/texlive/texmf-dist/tex/latex/xcolor/xcolor.sty
Package: xcolor 2023/11/15 v3.01 LaTeX color extensions (UK)

(/usr/share/texlive/texmf-dist/tex/latex/graphics-cfg/color.cfg
File: color.cfg 2016/01/02 v1.6 sample color configuration
)
Package xcolor Info: Driver file: dvips.def on input line 274.

(/usr/share/texlive/texmf-dist/tex/latex/graphics-def/dvips.def
File: dvips.def 2022/09/22 v3.1e Graphics/color driver for dvips
)
(/usr/share/texlive/texmf-dist/tex/latex/graphics/mathcolor.ltx)
Package xcolor Info: Model `cmy' substituted by `cmy0' on input line 1350.
Package xcolor Info: Model `RGB' extended on input line 1366.
Package xcolor Info: Model `HTML' substituted by `rgb' on input line 1368.
Package xcolor Info: Model `Hsb' substituted by `hsb' on input line 1369.
Package xcolor Info: Model `tHsb' substituted by `hsb' on input line 1370.
Package xcolor Info: Model `HSB' substituted by `hsb' on input line 1371.
Package xcolor Info: Model `Gray' substituted by `gray' on input line 1372.
Package xcolor Info: Model `wave' substituted by `hsb' on input line 1373.
)
(/usr/share/texlive/texmf-dist/tex/latex/colortbl/colortbl.sty
Package: colortbl 2022/06/20 v1.0f Color table columns (DPC)
\everycr=\toks23
\minrowclearance=\skip55
\rownum=\count199
)
(./longtable_doxygen.sty
Package: longtable_doxygen 2014/10/28 v4.11 Multi-page Table package (DPC) - fr
ozen version for doxygen
\LTleft=\skip56
\LTright=\skip57
\LTpre=\skip58
\LTpost=\skip59
\LTchunksize=\count266
\LTcapwidth=\dimen161
\LT@head=\box70
\LT@firsthead=\box71
\LT@foot=\box72
\LT@lastfoot=\box73
\LT@cols=\count267
\LT@rows=\count268
\c@LT@tables=\count269
\c@LT@chunks=\count270
\LT@p@ftn=\toks24
) (./tabu_doxygen.sty
Package: tabu_doxygen 2011/02/26 v2.8 - flexible LaTeX tabulars (FC), frozen ve
rsion for doxygen

(/usr/share/texlive/texmf-dist/tex/latex/varwidth/varwidth.sty
Package: varwidth 2009/03/30 ver 0.92;  Variable-width minipages
\@vwid@box=\box74
\sift@deathcycles=\count271
\@vwid@loff=\dimen162
\@vwid@roff=\dimen163
)
\c@taburow=\count272
\tabu@nbcols=\count273
\tabu@cnt=\count274
\tabu@Xcol=\count275
\tabu@alloc=\count276
\tabu@nested=\count277
\tabu@target=\dimen164
\tabu@spreadtarget=\dimen165
\tabu@naturalX=\dimen166
\tabucolX=\dimen167
\tabu@Xsum=\dimen168
\extrarowdepth=\dimen169
\abovetabulinesep=\dimen170
\belowtabulinesep=\dimen171
\tabustrutrule=\dimen172
\tabu@thebody=\toks25
\tabu@footnotes=\toks26
\tabu@box=\box75
\tabu@arstrutbox=\box76
\tabu@hleads=\box77
\tabu@vleads=\box78
\tabu@cellskip=\skip60
)
(/usr/share/texlive/texmf-dist/tex/latex/fancyvrb/fancyvrb.sty
Package: fancyvrb 2024/01/20 4.5c verbatim text (tvz,hv)

(/usr/share/texlive/texmf-dist/tex/latex/graphics/keyval.sty
Package: keyval 2022/05/29 v1.15 key=value parser (DPC)
\KV@toks@=\toks27
)
\FV@CodeLineNo=\count278
\FV@InFile=\read3
\FV@TabBox=\box79
\c@FancyVerbLine=\count279
\FV@StepNumber=\count280
\FV@OutFile=\write3
)
(/usr/share/texlive/texmf-dist/tex/latex/tools/tabularx.sty
Package: tabularx 2023/07/08 v2.11c `tabularx' package (DPC)
\TX@col@width=\dimen173
\TX@old@table=\dimen174
\TX@old@col=\dimen175
\TX@target=\dimen176
\TX@delta=\dimen177
\TX@cols=\count281
\TX@ftn=\toks28
)
(/usr/share/texlive/texmf-dist/tex/latex/tools/multicol.sty
Package: multicol 2023/03/30 v1.9f multicolumn formatting (FMi)
\c@tracingmulticols=\count282
\mult@box=\box80
\multicol@leftmargin=\dimen178
\c@unbalance=\count283
\c@collectmore=\count284
\doublecol@number=\count285
\multicoltolerance=\count286
\multicolpretolerance=\count287
\full@width=\dimen179
\page@free=\dimen180
\premulticols=\dimen181
\postmulticols=\dimen182
\multicolsep=\skip61
\multicolbaselineskip=\skip62
\partial@page=\box81
\last@line=\box82
\mc@boxedresult=\box83
\maxbalancingoverflow=\dimen183
\mult@rightbox=\box84
\mult@grightbox=\box85
\mult@firstbox=\box86
\mult@gfirstbox=\box87
\@tempa=\box88
\@tempa=\box89
\@tempa=\box90
\@tempa=\box91
\@tempa=\box92
\@tempa=\box93
\@tempa=\box94
\@tempa=\box95
\@tempa=\box96
\@tempa=\box97
\@tempa=\box98
\@tempa=\box99
\@tempa=\box100
\@tempa=\box101
\@tempa=\box102
\@tempa=\box103
\@tempa=\box104
\@tempa=\box105
\@tempa=\box106
\@tempa=\box107
\@tempa=\box108
\@tempa=\box109
\@tempa=\box110
\@tempa=\box111
\@tempa=\box112
\@tempa=\box113
\@tempa=\box114
\@tempa=\box115
\@tempa=\box116
\@tempa=\box117
\@tempa=\box118
\@tempa=\box119
\@tempa=\box120
\@tempa=\box121
\@tempa=\box122
\@tempa=\box123
\c@minrows=\count288
\c@columnbadness=\count289
\c@finalcolumnbadness=\count290
\last@try=\dimen184
\multicolovershoot=\dimen185
\multicolundershoot=\dimen186
\mult@nat@firstbox=\box124
\colbreak@box=\box125
\mc@col@check@num=\count291
)
(/usr/share/texlive/texmf-dist/tex/latex/multirow/multirow.sty
Package: multirow 2021/03/15 v2.8 Span multiple rows of a table
\multirow@colwidth=\skip63
\multirow@cntb=\count292
\multirow@dima=\skip64
\bigstrutjot=\dimen187
)
(/usr/share/texlive/texmf-dist/tex/latex/hanging/hanging.sty
Package: hanging 2009/09/02 v1.2b hanging paragraphs and punctuation
\h@ngcommawd=\skip65
\h@ngfstopwd=\skip66
\h@ngquotewd=\skip67
\h@ngdquotewd=\skip68
\h@ngquerywd=\skip69
\h@ngexclwd=\skip70
\h@ngcolonwd=\skip71
\h@ngscolonwd=\skip72
)
(/usr/share/texlive/texmf-dist/tex/generic/iftex/ifpdf.sty
Package: ifpdf 2019/10/25 v3.4 ifpdf legacy package. Use iftex instead.

(/usr/share/texlive/texmf-dist/tex/generic/iftex/iftex.sty
Package: iftex 2022/02/03 v1.0f TeX engine tests
))
(/usr/share/texlive/texmf-dist/tex/latex/adjustbox/adjustbox.sty
Package: adjustbox 2022/10/17 v1.3a Adjusting TeX boxes (trim, clip, ...)

(/usr/share/texlive/texmf-dist/tex/latex/xkeyval/xkeyval.sty
Package: xkeyval 2022/06/16 v2.9 package option processing (HA)

(/usr/share/texlive/texmf-dist/tex/generic/xkeyval/xkeyval.tex
(/usr/share/texlive/texmf-dist/tex/generic/xkeyval/xkvutils.tex
\XKV@toks=\toks29
\XKV@tempa@toks=\toks30
)
\XKV@depth=\count293
File: xkeyval.tex 2014/12/03 v2.7a key=value parser (HA)
))
(/usr/share/texlive/texmf-dist/tex/latex/adjustbox/adjcalc.sty
Package: adjcalc 2012/05/16 v1.1 Provides advanced setlength with multiple back
-ends (calc, etex, pgfmath)
)
(/usr/share/texlive/texmf-dist/tex/latex/adjustbox/trimclip.sty
Package: trimclip 2020/08/19 v1.2 Trim and clip general TeX material

(/usr/share/texlive/texmf-dist/tex/latex/graphics/graphicx.sty
Package: graphicx 2021/09/16 v1.2d Enhanced LaTeX Graphics (DPC,SPQR)

(/usr/share/texlive/texmf-dist/tex/latex/graphics/graphics.sty
Package: graphics 2022/03/10 v1.4e Standard LaTeX Graphics (DPC,SPQR)

(/usr/share/texlive/texmf-dist/tex/latex/graphics/trig.sty
Package: trig 2021/08/11 v1.11 sin cos tan (DPC)
)
(/usr/share/texlive/texmf-dist/tex/latex/graphics-cfg/graphics.cfg
File: graphics.cfg 2016/06/04 v1.11 sample graphics configuration
)
Package graphics Info: Driver file: dvipdfmx.def on input line 107.

(/usr/share/texlive/texmf-dist/tex/latex/graphics-def/dvipdfmx.def
File: dvipdfmx.def 2022/09/22 v5.0m Graphics/color driver for dvipdfmx
))
\Gin@req@height=\dimen188
\Gin@req@width=\dimen189
)
(/usr/share/texlive/texmf-dist/tex/latex/collectbox/collectbox.sty
Package: collectbox 2022/10/17 v0.4c Collect macro arguments as boxes
\collectedbox=\box126
)
\tc@llx=\dimen190
\tc@lly=\dimen191
\tc@urx=\dimen192
\tc@ury=\dimen193

(/usr/share/texlive/texmf-dist/tex/latex/adjustbox/tc-pgf.def
File: tc-pgf.def 2019/01/04 v2.2 trimclip fall-back clipping driver using PGF

(/usr/share/texlive/texmf-dist/tex/latex/pgf/basiclayer/pgf.sty
(/usr/share/texlive/texmf-dist/tex/latex/pgf/utilities/pgfrcs.sty
(/usr/share/texlive/texmf-dist/tex/generic/pgf/utilities/pgfutil-common.tex
\pgfutil@everybye=\toks31
\pgfutil@tempdima=\dimen194
\pgfutil@tempdimb=\dimen195
)
(/usr/share/texlive/texmf-dist/tex/generic/pgf/utilities/pgfutil-latex.def
\pgfutil@abb=\box127
)
(/usr/share/texlive/texmf-dist/tex/generic/pgf/utilities/pgfrcs.code.tex
(/usr/share/texlive/texmf-dist/tex/generic/pgf/pgf.revision.tex)
Package: pgfrcs 2023-01-15 v3.1.10 (3.1.10)
))
Package: pgf 2023-01-15 v3.1.10 (3.1.10)

(/usr/share/texlive/texmf-dist/tex/latex/pgf/basiclayer/pgfcore.sty
(/usr/share/texlive/texmf-dist/tex/latex/pgf/systemlayer/pgfsys.sty
(/usr/share/texlive/texmf-dist/tex/generic/pgf/systemlayer/pgfsys.code.tex
Package: pgfsys 2023-01-15 v3.1.10 (3.1.10)

(/usr/share/texlive/texmf-dist/tex/generic/pgf/utilities/pgfkeys.code.tex
\pgfkeys@pathtoks=\toks32
\pgfkeys@temptoks=\toks33

(/usr/share/texlive/texmf-dist/tex/generic/pgf/utilities/pgfkeyslibraryfiltered
.code.tex
\pgfkeys@tmptoks=\toks34
))
\pgf@x=\dimen196
\pgf@y=\dimen197
\pgf@xa=\dimen198
\pgf@ya=\dimen199
\pgf@xb=\dimen256
\pgf@yb=\dimen257
\pgf@xc=\dimen258
\pgf@yc=\dimen259
\pgf@xd=\dimen260
\pgf@yd=\dimen261
\w@pgf@writea=\write4
\r@pgf@reada=\read4
\c@pgf@counta=\count294
\c@pgf@countb=\count295
\c@pgf@countc=\count296
\c@pgf@countd=\count297
\t@pgf@toka=\toks35
\t@pgf@tokb=\toks36
\t@pgf@tokc=\toks37
\pgf@sys@id@count=\count298
 (/usr/share/texlive/texmf-dist/tex/generic/pgf/systemlayer/pgf.cfg
File: pgf.cfg 2023-01-15 v3.1.10 (3.1.10)
)
Driver file for pgf: pgfsys-dvipdfmx.def
(/usr/share/texlive/texmf-dist/tex/generic/pgf/systemlayer/pgfsys-dvipdfmx.def
File: pgfsys-dvipdfmx.def 2023-01-15 v3.1.10 (3.1.10)

(/usr/share/texlive/texmf-dist/tex/generic/pgf/systemlayer/pgfsys-common-pdf.de
f
File: pgfsys-common-pdf.def 2023-01-15 v3.1.10 (3.1.10)
)
\pgfsys@objnum=\count299
))
(/usr/share/texlive/texmf-dist/tex/generic/pgf/systemlayer/pgfsyssoftpath.code.
tex
File: pgfsyssoftpath.code.tex 2023-01-15 v3.1.10 (3.1.10)
\pgfsyssoftpath@smallbuffer@items=\count300
\pgfsyssoftpath@bigbuffer@items=\count301
)
(/usr/share/texlive/texmf-dist/tex/generic/pgf/systemlayer/pgfsysprotocol.code.
tex
File: pgfsysprotocol.code.tex 2023-01-15 v3.1.10 (3.1.10)
))
(/usr/share/texlive/texmf-dist/tex/generic/pgf/basiclayer/pgfcore.code.tex
Package: pgfcore 2023-01-15 v3.1.10 (3.1.10)

(/usr/share/texlive/texmf-dist/tex/generic/pgf/math/pgfmath.code.tex
(/usr/share/texlive/texmf-dist/tex/generic/pgf/math/pgfmathutil.code.tex)
(/usr/share/texlive/texmf-dist/tex/generic/pgf/math/pgfmathparser.code.tex
\pgfmath@dimen=\dimen262
\pgfmath@count=\count302
\pgfmath@box=\box128
\pgfmath@toks=\toks38
\pgfmath@stack@operand=\toks39
\pgfmath@stack@operation=\toks40
)
(/usr/share/texlive/texmf-dist/tex/generic/pgf/math/pgfmathfunctions.code.tex)
(/usr/share/texlive/texmf-dist/tex/generic/pgf/math/pgfmathfunctions.basic.code
.tex)
(/usr/share/texlive/texmf-dist/tex/generic/pgf/math/pgfmathfunctions.trigonomet
ric.code.tex)
(/usr/share/texlive/texmf-dist/tex/generic/pgf/math/pgfmathfunctions.random.cod
e.tex)
(/usr/share/texlive/texmf-dist/tex/generic/pgf/math/pgfmathfunctions.comparison
.code.tex)
(/usr/share/texlive/texmf-dist/tex/generic/pgf/math/pgfmathfunctions.base.code.
tex)
(/usr/share/texlive/texmf-dist/tex/generic/pgf/math/pgfmathfunctions.round.code
.tex)
(/usr/share/texlive/texmf-dist/tex/generic/pgf/math/pgfmathfunctions.misc.code.
tex)
(/usr/share/texlive/texmf-dist/tex/generic/pgf/math/pgfmathfunctions.integerari
thmetics.code.tex)
(/usr/share/texlive/texmf-dist/tex/generic/pgf/math/pgfmathcalc.code.tex)
(/usr/share/texlive/texmf-dist/tex/generic/pgf/math/pgfmathfloat.code.tex
\c@pgfmathroundto@lastzeros=\count303
))
(/usr/share/texlive/texmf-dist/tex/generic/pgf/math/pgfint.code.tex)
(/usr/share/texlive/texmf-dist/tex/generic/pgf/basiclayer/pgfcorepoints.code.te
x
File: pgfcorepoints.code.tex 2023-01-15 v3.1.10 (3.1.10)
\pgf@picminx=\dimen263
\pgf@picmaxx=\dimen264
\pgf@picminy=\dimen265
\pgf@picmaxy=\dimen266
\pgf@pathminx=\dimen267
\pgf@pathmaxx=\dimen268
\pgf@pathminy=\dimen269
\pgf@pathmaxy=\dimen270
\pgf@xx=\dimen271
\pgf@xy=\dimen272
\pgf@yx=\dimen273
\pgf@yy=\dimen274
\pgf@zx=\dimen275
\pgf@zy=\dimen276
)
(/usr/share/texlive/texmf-dist/tex/generic/pgf/basiclayer/pgfcorepathconstruct.
code.tex
File: pgfcorepathconstruct.code.tex 2023-01-15 v3.1.10 (3.1.10)
\pgf@path@lastx=\dimen277
\pgf@path@lasty=\dimen278
)
(/usr/share/texlive/texmf-dist/tex/generic/pgf/basiclayer/pgfcorepathusage.code
.tex
File: pgfcorepathusage.code.tex 2023-01-15 v3.1.10 (3.1.10)
\pgf@shorten@end@additional=\dimen279
\pgf@shorten@start@additional=\dimen280
)
(/usr/share/texlive/texmf-dist/tex/generic/pgf/basiclayer/pgfcorescopes.code.te
x
File: pgfcorescopes.code.tex 2023-01-15 v3.1.10 (3.1.10)
\pgfpic=\box129
\pgf@hbox=\box130
\pgf@layerbox@main=\box131
\pgf@picture@serial@count=\count304
)
(/usr/share/texlive/texmf-dist/tex/generic/pgf/basiclayer/pgfcoregraphicstate.c
ode.tex
File: pgfcoregraphicstate.code.tex 2023-01-15 v3.1.10 (3.1.10)
\pgflinewidth=\dimen281
)
(/usr/share/texlive/texmf-dist/tex/generic/pgf/basiclayer/pgfcoretransformation
s.code.tex
File: pgfcoretransformations.code.tex 2023-01-15 v3.1.10 (3.1.10)
\pgf@pt@x=\dimen282
\pgf@pt@y=\dimen283
\pgf@pt@temp=\dimen284
)
(/usr/share/texlive/texmf-dist/tex/generic/pgf/basiclayer/pgfcorequick.code.tex
File: pgfcorequick.code.tex 2023-01-15 v3.1.10 (3.1.10)
)
(/usr/share/texlive/texmf-dist/tex/generic/pgf/basiclayer/pgfcoreobjects.code.t
ex
File: pgfcoreobjects.code.tex 2023-01-15 v3.1.10 (3.1.10)
)
(/usr/share/texlive/texmf-dist/tex/generic/pgf/basiclayer/pgfcorepathprocessing
.code.tex
File: pgfcorepathprocessing.code.tex 2023-01-15 v3.1.10 (3.1.10)
)
(/usr/share/texlive/texmf-dist/tex/generic/pgf/basiclayer/pgfcorearrows.code.te
x
File: pgfcorearrows.code.tex 2023-01-15 v3.1.10 (3.1.10)
\pgfarrowsep=\dimen285
)
(/usr/share/texlive/texmf-dist/tex/generic/pgf/basiclayer/pgfcoreshade.code.tex
File: pgfcoreshade.code.tex 2023-01-15 v3.1.10 (3.1.10)
\pgf@max=\dimen286
\pgf@sys@shading@range@num=\count305
\pgf@shadingcount=\count306
)
(/usr/share/texlive/texmf-dist/tex/generic/pgf/basiclayer/pgfcoreimage.code.tex
File: pgfcoreimage.code.tex 2023-01-15 v3.1.10 (3.1.10)
)
(/usr/share/texlive/texmf-dist/tex/generic/pgf/basiclayer/pgfcoreexternal.code.
tex
File: pgfcoreexternal.code.tex 2023-01-15 v3.1.10 (3.1.10)
\pgfexternal@startupbox=\box132
)
(/usr/share/texlive/texmf-dist/tex/generic/pgf/basiclayer/pgfcorelayers.code.te
x
File: pgfcorelayers.code.tex 2023-01-15 v3.1.10 (3.1.10)
)
(/usr/share/texlive/texmf-dist/tex/generic/pgf/basiclayer/pgfcoretransparency.c
ode.tex
File: pgfcoretransparency.code.tex 2023-01-15 v3.1.10 (3.1.10)
)
(/usr/share/texlive/texmf-dist/tex/generic/pgf/basiclayer/pgfcorepatterns.code.
tex
File: pgfcorepatterns.code.tex 2023-01-15 v3.1.10 (3.1.10)
)
(/usr/share/texlive/texmf-dist/tex/generic/pgf/basiclayer/pgfcorerdf.code.tex
File: pgfcorerdf.code.tex 2023-01-15 v3.1.10 (3.1.10)
)))
(/usr/share/texlive/texmf-dist/tex/generic/pgf/modules/pgfmoduleshapes.code.tex
File: pgfmoduleshapes.code.tex 2023-01-15 v3.1.10 (3.1.10)
\pgfnodeparttextbox=\box133
) (/usr/share/texlive/texmf-dist/tex/generic/pgf/modules/pgfmoduleplot.code.tex
File: pgfmoduleplot.code.tex 2023-01-15 v3.1.10 (3.1.10)
)
(/usr/share/texlive/texmf-dist/tex/latex/pgf/compatibility/pgfcomp-version-0-65
.sty
Package: pgfcomp-version-0-65 2023-01-15 v3.1.10 (3.1.10)
\pgf@nodesepstart=\dimen287
\pgf@nodesepend=\dimen288
)
(/usr/share/texlive/texmf-dist/tex/latex/pgf/compatibility/pgfcomp-version-1-18
.sty
Package: pgfcomp-version-1-18 2023-01-15 v3.1.10 (3.1.10)
)))
Package trimclip Info: No clipping driver 'tc-dvipdfmx.def' available.
(trimclip)             Using fall-back PGF driver.
)
\adjbox@Width=\dimen289
\adjbox@Height=\dimen290
\adjbox@Depth=\dimen291
\adjbox@Totalheight=\dimen292
\adjbox@pwidth=\dimen293
\adjbox@pheight=\dimen294
\adjbox@pdepth=\dimen295
\adjbox@ptotalheight=\dimen296
 (/usr/share/texlive/texmf-dist/tex/latex/ifoddpage/ifoddpage.sty
Package: ifoddpage 2022/10/18 v1.2 Conditionals for odd/even page detection
\c@checkoddpage=\count307
))
(/usr/share/texlive/texmf-dist/tex/latex/amsfonts/amssymb.sty
Package: amssymb 2013/01/14 v3.01 AMS font symbols

(/usr/share/texlive/texmf-dist/tex/latex/amsfonts/amsfonts.sty
Package: amsfonts 2013/01/14 v3.01 Basic AMSFonts support
\@emptytoks=\toks41
\symAMSa=\mathgroup4
\symAMSb=\mathgroup5
LaTeX Font Info:    Redeclaring math symbol \hbar on input line 98.
LaTeX Font Info:    Overwriting math alphabet `\mathfrak' in version `bold'
(Font)                  U/euf/m/n --> U/euf/b/n on input line 106.
))
(/usr/share/texlive/texmf-dist/tex/latex/stackengine/stackengine.sty
Package: stackengine 2021/07/22 v4.11\ Stacking text and objects in convenient 
ways

(/usr/share/texlive/texmf-dist/tex/latex/etoolbox/etoolbox.sty
Package: etoolbox 2020/10/05 v2.5k e-TeX tools for LaTeX (JAW)
\etb@tempcnta=\count308
)
(/usr/share/texlive/texmf-dist/tex/generic/listofitems/listofitems.sty
(/usr/share/texlive/texmf-dist/tex/generic/listofitems/listofitems.tex
\loi_cnt_foreach_nest=\count309
\loi_nestcnt=\count310
)
Package: listofitems 2019/08/21 v1.63 Grab items in lists using user-specified 
sep char (CT)
)
\c@@stackindex=\count311
\@boxshift=\skip73
\stack@tmplength=\skip74
\temp@stkl=\skip75
\@stackedboxwidth=\skip76
\@addedbox=\box134
\@anchorbox=\box135
\@insetbox=\box136
\se@backgroundbox=\box137
\stackedbox=\box138
\@centerbox=\box139
\c@ROWcellindex@=\count312
)
(/usr/share/texlive/texmf-dist/tex/latex/enumitem/enumitem.sty
Package: enumitem 2019/06/20 v3.9 Customized lists
\labelindent=\skip77
\enit@outerparindent=\dimen297
\enit@toks=\toks42
\enit@inbox=\box140
\enit@count@id=\count313
\enitdp@description=\count314
)
(/usr/share/texlive/texmf-dist/tex/generic/alphalph/alphalph.sty
Package: alphalph 2019/12/09 v2.6 Convert numbers to letters (HO)

(/usr/share/texlive/texmf-dist/tex/generic/intcalc/intcalc.sty
Package: intcalc 2019/12/15 v1.3 Expandable calculations with integers (HO)
))
(/usr/share/texlive/texmf-dist/tex/generic/ulem/ulem.sty
\UL@box=\box141
\UL@hyphenbox=\box142
\UL@skip=\skip78
\UL@hook=\toks43
\UL@height=\dimen298
\UL@pe=\count315
\UL@pixel=\dimen299
\ULC@box=\box143
Package: ulem 2019/11/18
\ULdepth=\dimen300
)
\xrefbox=\box144
\xreflength=\skip79
\CodeWidthChar=\skip80
\CodeHeightChar=\skip81
\DoxyCodeWidth=\skip82
\c@DoxyEnumeratei=\count316
\c@DoxyEnumerateii=\count317
\c@DoxyEnumerateiii=\count318
\c@DoxyEnumerateiv=\count319
\c@DoxyEnumeratev=\count320
\c@DoxyEnumeratevi=\count321
\c@DoxyEnumeratevii=\count322
\c@DoxyEnumerateviii=\count323
\c@DoxyEnumerateix=\count324
\c@DoxyEnumeratex=\count325
\c@DoxyEnumeratexi=\count326
\c@DoxyEnumeratexii=\count327
\enitdp@DoxyEnumerate=\count328
\enitdp@DoxyItemize=\count329
\c@subsubsubsection=\count330
\c@subsubsubsubsection=\count331
\c@subsubsubsubsubsection=\count332
\c@subsubsubsubsubsubsection=\count333
)
(/usr/share/texlive/texmf-dist/tex/latex/base/inputenc.sty
Package: inputenc 2021/02/14 v1.3d Input encoding file
\inpenc@prehook=\toks44
\inpenc@posthook=\toks45
)
(/usr/share/texlive/texmf-dist/tex/latex/base/makeidx.sty
Package: makeidx 2021/10/04 v1.0m Standard LaTeX package
)
(/usr/share/texlive/texmf-dist/tex/latex/base/textcomp.sty
Package: textcomp 2020/02/02 v2.0n Standard LaTeX package
)
(/usr/share/texlive/texmf-dist/tex/latex/wasysym/wasysym.sty
Package: wasysym 2020/01/19 v2.4 Wasy-2 symbol support package
\symwasy=\mathgroup6
LaTeX Font Info:    Overwriting symbol font `wasy' in version `bold'
(Font)                  U/wasy/m/n --> U/wasy/b/n on input line 93.
)
(/usr/share/texlive/texmf-dist/tex/generic/iftex/ifxetex.sty
Package: ifxetex 2019/10/25 v0.7 ifxetex legacy package. Use iftex instead.
)
(/usr/share/texlive/texmf-dist/tex/latex/base/fontenc.sty
Package: fontenc 2021/04/29 v2.0v Standard LaTeX package
)
(/usr/share/texlive/texmf-dist/tex/latex/psnfss/helvet.sty
Package: helvet 2020/03/25 PSNFSS-v9.3 (WaS) 
)
(/usr/share/texlive/texmf-dist/tex/latex/psnfss/courier.sty
Package: courier 2020/03/25 PSNFSS-v9.3 (WaS) 
)
(/usr/share/texlive/texmf-dist/tex/latex/geometry/geometry.sty
Package: geometry 2020/01/02 v5.9 Page Geometry

(/usr/share/texlive/texmf-dist/tex/generic/iftex/ifvtex.sty
Package: ifvtex 2019/10/25 v1.7 ifvtex legacy package. Use iftex instead.
)
\Gm@cnth=\count334
\Gm@cntv=\count335
\c@Gm@tempcnt=\count336
\Gm@bindingoffset=\dimen301
\Gm@wd@mp=\dimen302
\Gm@odd@mp=\dimen303
\Gm@even@mp=\dimen304
\Gm@layoutwidth=\dimen305
\Gm@layoutheight=\dimen306
\Gm@layouthoffset=\dimen307
\Gm@layoutvoffset=\dimen308
\Gm@dimlist=\toks46
)
(/usr/share/texlive/texmf-dist/tex/latex/changepage/changepage.sty
Package: changepage 2009/10/20 v1.0c check page and change page layout
\c@cp@cntr=\count337
\cp@tempcnt=\count338
LaTeX Info: Redefining \checkoddpage on input line 59.
)
(/usr/share/texlive/texmf-dist/tex/latex/fancyhdr/fancyhdr.sty
Package: fancyhdr 2022/11/09 v4.1 Extensive control of page headers and footers

\f@nch@headwidth=\skip83
\f@nch@O@elh=\skip84
\f@nch@O@erh=\skip85
\f@nch@O@olh=\skip86
\f@nch@O@orh=\skip87
\f@nch@O@elf=\skip88
\f@nch@O@erf=\skip89
\f@nch@O@olf=\skip90
\f@nch@O@orf=\skip91
)
(/usr/share/texlive/texmf-dist/tex/latex/natbib/natbib.sty
Package: natbib 2010/09/13 8.31b (PWD, AO)
\bibhang=\skip92
\bibsep=\skip93
LaTeX Info: Redefining \cite on input line 694.
\c@NAT@ctr=\count339
)
(/usr/share/texlive/texmf-dist/tex/latex/tocloft/tocloft.sty
Package: tocloft 2017/08/31 v2.3i parameterised ToC, etc., typesetting
Package tocloft Info: The document has chapter divisions on input line 51.
\cftparskip=\skip94
\cftbeforetoctitleskip=\skip95
\cftaftertoctitleskip=\skip96
\cftbeforepartskip=\skip97
\cftpartnumwidth=\skip98
\cftpartindent=\skip99
\cftbeforechapskip=\skip100
\cftchapindent=\skip101
\cftchapnumwidth=\skip102
\cftbeforesecskip=\skip103
\cftsecindent=\skip104
\cftsecnumwidth=\skip105
\cftbeforesubsecskip=\skip106
\cftsubsecindent=\skip107
\cftsubsecnumwidth=\skip108
\cftbeforesubsubsecskip=\skip109
\cftsubsubsecindent=\skip110
\cftsubsubsecnumwidth=\skip111
\cftbeforeparaskip=\skip112
\cftparaindent=\skip113
\cftparanumwidth=\skip114
\cftbeforesubparaskip=\skip115
\cftsubparaindent=\skip116
\cftsubparanumwidth=\skip117
\cftbeforeloftitleskip=\skip118
\cftafterloftitleskip=\skip119
\cftbeforefigskip=\skip120
\cftfigindent=\skip121
\cftfignumwidth=\skip122
\c@lofdepth=\count340
\c@lotdepth=\count341
\cftbeforelottitleskip=\skip123
\cftafterlottitleskip=\skip124
\cftbeforetabskip=\skip125
\cfttabindent=\skip126
\cfttabnumwidth=\skip127
)
\@indexfile=\write5
\openout5 = `refman.idx'.


Writing index file refman.idx
(/usr/share/texlive/texmf-dist/tex/latex/newunicodechar/newunicodechar.sty
Package: newunicodechar 2018/04/08 v1.2 Defining Unicode characters
)
(/usr/share/texlive/texmf-dist/tex/latex/hyperref/hyperref.sty
Package: hyperref 2024-01-20 v7.01h Hypertext links for LaTeX

(/usr/share/texlive/texmf-dist/tex/latex/kvsetkeys/kvsetkeys.sty
Package: kvsetkeys 2022-10-05 v1.19 Key value parser (HO)
)
(/usr/share/texlive/texmf-dist/tex/generic/kvdefinekeys/kvdefinekeys.sty
Package: kvdefinekeys 2019-12-19 v1.6 Define keys (HO)
)
(/usr/share/texlive/texmf-dist/tex/generic/pdfescape/pdfescape.sty
Package: pdfescape 2019/12/09 v1.15 Implements pdfTeX's escape features (HO)

(/usr/share/texlive/texmf-dist/tex/generic/ltxcmds/ltxcmds.sty
Package: ltxcmds 2023-12-04 v1.26 LaTeX kernel commands for general use (HO)
)
(/usr/share/texlive/texmf-dist/tex/generic/pdftexcmds/pdftexcmds.sty
Package: pdftexcmds 2020-06-27 v0.33 Utility functions of pdfTeX for LuaTeX (HO
)
Package pdftexcmds Info: \pdf@primitive is available.
Package pdftexcmds Info: \pdf@ifprimitive is available.
Package pdftexcmds Info: \pdfdraftmode not found.
))
(/usr/share/texlive/texmf-dist/tex/latex/hycolor/hycolor.sty
Package: hycolor 2020-01-27 v1.10 Color options for hyperref/bookmark (HO)
)
(/usr/share/texlive/texmf-dist/tex/latex/auxhook/auxhook.sty
Package: auxhook 2019-12-17 v1.6 Hooks for auxiliary files (HO)
)
(/usr/share/texlive/texmf-dist/tex/latex/hyperref/nameref.sty
Package: nameref 2023-11-26 v2.56 Cross-referencing by name of section

(/usr/share/texlive/texmf-dist/tex/latex/refcount/refcount.sty
Package: refcount 2019/12/15 v3.6 Data extraction from label references (HO)
)
(/usr/share/texlive/texmf-dist/tex/generic/gettitlestring/gettitlestring.sty
Package: gettitlestring 2019/12/15 v1.6 Cleanup title references (HO)

(/usr/share/texlive/texmf-dist/tex/latex/kvoptions/kvoptions.sty
Package: kvoptions 2022-06-15 v3.15 Key value format for package options (HO)
))
\c@section@level=\count342
)
\@linkdim=\dimen309
\Hy@linkcounter=\count343
\Hy@pagecounter=\count344

(/usr/share/texlive/texmf-dist/tex/latex/hyperref/pd1enc.def
File: pd1enc.def 2024-01-20 v7.01h Hyperref: PDFDocEncoding definition (HO)
Now handling font encoding PD1 ...
... no UTF-8 mapping file for font encoding PD1
)
\Hy@SavedSpaceFactor=\count345

(/usr/share/texlive/texmf-dist/tex/latex/hyperref/puenc.def
File: puenc.def 2024-01-20 v7.01h Hyperref: PDF Unicode definition (HO)
Now handling font encoding PU ...
... no UTF-8 mapping file for font encoding PU
)
Package hyperref Info: Hyper figures OFF on input line 4179.
Package hyperref Info: Link nesting OFF on input line 4184.
Package hyperref Info: Hyper index ON on input line 4187.
Package hyperref Info: Plain pages OFF on input line 4194.
Package hyperref Info: Backreferencing OFF on input line 4199.
Package hyperref Info: Implicit mode ON; LaTeX internals redefined.
Package hyperref Info: Bookmarks ON on input line 4446.
\c@Hy@tempcnt=\count346

(/usr/share/texlive/texmf-dist/tex/latex/url/url.sty
\Urlmuskip=\muskip16
Package: url 2013/09/16  ver 3.4  Verb mode for urls, etc.
)
LaTeX Info: Redefining \url on input line 4784.
\XeTeXLinkMargin=\dimen310

(/usr/share/texlive/texmf-dist/tex/generic/bitset/bitset.sty
Package: bitset 2019/12/09 v1.3 Handle bit-vector datatype (HO)

(/usr/share/texlive/texmf-dist/tex/generic/bigintcalc/bigintcalc.sty
Package: bigintcalc 2019/12/15 v1.5 Expandable calculations on big integers (HO
)
))
\Fld@menulength=\count347
\Field@Width=\dimen311
\Fld@charsize=\dimen312
Package hyperref Info: Hyper figures OFF on input line 6063.
Package hyperref Info: Link nesting OFF on input line 6068.
Package hyperref Info: Hyper index ON on input line 6071.
Package hyperref Info: backreferencing OFF on input line 6078.
Package hyperref Info: Link coloring OFF on input line 6083.
Package hyperref Info: Link coloring with OCG OFF on input line 6088.
Package hyperref Info: PDF/A mode OFF on input line 6093.

(/usr/share/texlive/texmf-dist/tex/latex/base/atbegshi-ltx.sty
Package: atbegshi-ltx 2021/01/10 v1.0c Emulation of the original atbegshi
package with kernel methods
)
\Hy@abspage=\count348
\c@Item=\count349
\c@Hfootnote=\count350
)
Package hyperref Info: Driver: hdvipdfm.

(/usr/share/texlive/texmf-dist/tex/latex/hyperref/hdvipdfm.def
File: hdvipdfm.def 2024-01-20 v7.01h Hyperref driver for dvipdfm
\pdfm@box=\box145
\c@Hy@AnnotLevel=\count351
\HyField@AnnotCount=\count352
\Fld@listcount=\count353
\c@bookmark@seq@number=\count354

(/usr/share/texlive/texmf-dist/tex/latex/rerunfilecheck/rerunfilecheck.sty
Package: rerunfilecheck 2022-07-10 v1.10 Rerun checks for auxiliary files (HO)

(/usr/share/texlive/texmf-dist/tex/latex/base/atveryend-ltx.sty
Package: atveryend-ltx 2020/08/19 v1.0a Emulation of the original atveryend pac
kage
with kernel methods
)
(/usr/share/texlive/texmf-dist/tex/generic/uniquecounter/uniquecounter.sty
Package: uniquecounter 2019/12/15 v1.4 Provide unlimited unique counter (HO)
)
Package uniquecounter Info: New unique counter `rerunfilecheck' on input line 2
85.
)
\Hy@SectionHShift=\skip128
)
Package hyperref Info: Option `colorlinks' set `true' on input line 157.
Package hyperref Info: Option `unicode' set `true' on input line 157.

(/usr/share/texlive/texmf-dist/tex/latex/caption/caption.sty
Package: caption 2023/08/05 v3.6o Customizing captions (AR)

(/usr/share/texlive/texmf-dist/tex/latex/caption/caption3.sty
Package: caption3 2023/07/31 v2.4d caption3 kernel (AR)
\caption@tempdima=\dimen313
\captionmargin=\dimen314
\caption@leftmargin=\dimen315
\caption@rightmargin=\dimen316
\caption@width=\dimen317
\caption@indent=\dimen318
\caption@parindent=\dimen319
\caption@hangindent=\dimen320
Package caption Info: Standard document class detected.
)
\c@caption@flags=\count355
\c@continuedfloat=\count356
Package caption Info: changepage package is loaded.
\caption@adjustwidth@hsize=\dimen321
\caption@adjustwidth@linewidth=\dimen322
Package caption Info: float package is loaded.
Package caption Info: hyperref package is loaded.
Package caption Info: longtable package is loaded.

(/usr/share/texlive/texmf-dist/tex/latex/caption/ltcaption.sty
Package: ltcaption 2021/01/08 v1.4c longtable captions (AR)
))
(/usr/share/texlive/texmf-dist/tex/latex/etoc/etoc.sty
Package: etoc 2023/10/29 v1.2d Completely customisable TOCs (JFB)
\Etoc@toctoks=\toks47
\c@etoc@tocid=\count357
\etoc@framed@titlebox=\box146
\etoc@framed@contentsbox=\box147
)
LaTeX Font Info:    Trying to load font information for T1+phv on input line 17
9.

(/usr/share/texlive/texmf-dist/tex/latex/psnfss/t1phv.fd
File: t1phv.fd 2020/03/25 scalable font definitions for T1/phv.
)
LaTeX Font Info:    Font shape `T1/phv/m/n' will be
(Font)              scaled to size 8.99994pt on input line 179.

(/usr/share/texlive/texmf-dist/tex/latex/l3backend/l3backend-dvips.def
File: l3backend-dvips.def 2024-01-04 L3 backend support: dvips
\l__pdf_internal_box=\box148
\g__pdf_backend_object_int=\count358
\l__pdf_backend_content_box=\box149
\l__pdf_backend_model_box=\box150
\g__pdf_backend_annotation_int=\count359
\g__pdf_backend_link_int=\count360
\g__pdf_backend_link_sf_int=\count361
)
(./refman.aux)
\openout1 = `refman.aux'.

LaTeX Font Info:    Checking defaults for OML/cmm/m/it on input line 179.
LaTeX Font Info:    ... okay on input line 179.
LaTeX Font Info:    Checking defaults for OMS/cmsy/m/n on input line 179.
LaTeX Font Info:    ... okay on input line 179.
LaTeX Font Info:    Checking defaults for OT1/cmr/m/n on input line 179.
LaTeX Font Info:    ... okay on input line 179.
LaTeX Font Info:    Checking defaults for T1/cmr/m/n on input line 179.
LaTeX Font Info:    ... okay on input line 179.
LaTeX Font Info:    Checking defaults for TS1/cmr/m/n on input line 179.
LaTeX Font Info:    ... okay on input line 179.
LaTeX Font Info:    Checking defaults for OMX/cmex/m/n on input line 179.
LaTeX Font Info:    ... okay on input line 179.
LaTeX Font Info:    Checking defaults for U/cmr/m/n on input line 179.
LaTeX Font Info:    ... okay on input line 179.
LaTeX Font Info:    Checking defaults for JY1/mc/m/n on input line 179.
LaTeX Font Info:    ... okay on input line 179.
LaTeX Font Info:    Checking defaults for JT1/mc/m/n on input line 179.
LaTeX Font Info:    ... okay on input line 179.
LaTeX Font Info:    Checking defaults for PD1/pdf/m/n on input line 179.
LaTeX Font Info:    ... okay on input line 179.
LaTeX Font Info:    Checking defaults for PU/pdf/m/n on input line 179.
LaTeX Font Info:    ... okay on input line 179.

*geometry* driver: auto-detecting
*geometry* detected driver: dvips
*geometry* verbose mode - [ preamble ] result:
* driver: dvips
* paper: a4paper
* layout: <same size as paper>
* layoutoffset:(h,v)=(0.0pt,0.0pt)
* modes: twoside 
* h-part:(L,W,R)=(71.13188pt, 455.24411pt, 71.13188pt)
* v-part:(T,H,B)=(71.13188pt, 702.78308pt, 71.13188pt)
* \paperwidth=597.50787pt
* \paperheight=845.04684pt
* \textwidth=455.24411pt
* \textheight=702.78308pt
* \oddsidemargin=-1.1381pt
* \evensidemargin=-1.1381pt
* \topmargin=-31.2056pt
* \headheight=12.0pt
* \headsep=18.06749pt
* \topskip=10.0pt
* \footskip=25.29494pt
* \marginparwidth=125.0pt
* \marginparsep=7.0pt
* \columnsep=10.0pt
* \skip\footins=9.0pt plus 4.0pt minus 2.0pt
* \hoffset=0.0pt
* \voffset=0.0pt
* \mag=1000
* \@twocolumnfalse
* \@twosidetrue
* \@mparswitchtrue
* \@reversemarginfalse
* (1in=72.27pt=25.4mm, 1cm=28.453pt)

Package hyperref Info: Link coloring ON on input line 179.
(./refman.out) (./refman.out)
\@outlinefile=\write6
\openout6 = `refman.out'.

Package caption Info: Begin \AtBeginDocument code.
Package caption Info: End \AtBeginDocument code.
\Etoc@tf=\read5
Package hyperref Info: Option `pageanchor' set `false' on input line 187.
Package hyperref Info: Option `bookmarksnumbered' set `true' on input line 187.

Package hyperref Info: Option `unicode' set `true' on input line 187.
LaTeX Font Info:    Font shape `T1/phv/m/n' will be
(Font)              scaled to size 12.9599pt on input line 192.
LaTeX Font Info:    Font shape `T1/phv/m/n' will be
(Font)              scaled to size 10.79993pt on input line 194.
 [1


] [2

]
\tf@toc=\write7
\openout7 = `refman.toc'.

LaTeX Font Info:    Font shape `JT1/mc/b/n' in size <10> not available
(Font)              Font shape `JT1/mc/bx/n' tried instead on input line 200.
LaTeX Font Info:    Font shape `JT1/mc/bx/n' in size <10> not available
(Font)              Font shape `JT1/gt/m/n' tried instead on input line 200.
LaTeX Font Info:    Font shape `JY1/mc/b/n' in size <10> not available
(Font)              Font shape `JY1/mc/bx/n' tried instead on input line 200.
LaTeX Font Info:    Font shape `JY1/mc/bx/n' in size <10> not available
(Font)              Font shape `JY1/gt/m/n' tried instead on input line 200.
LaTeX Font Info:    Font shape `T1/phv/b/n' will be
(Font)              scaled to size 8.99994pt on input line 200.
LaTeX Font Info:    Trying to load font information for U+msa on input line 200
.

(/usr/share/texlive/texmf-dist/tex/latex/amsfonts/umsa.fd
File: umsa.fd 2013/01/14 v3.01 AMS symbols A
)
LaTeX Font Info:    Trying to load font information for U+msb on input line 200
.

(/usr/share/texlive/texmf-dist/tex/latex/amsfonts/umsb.fd
File: umsb.fd 2013/01/14 v3.01 AMS symbols B
)
LaTeX Font Info:    Trying to load font information for U+wasy on input line 20
0.

(/usr/share/texlive/texmf-dist/tex/latex/wasysym/uwasy.fd
File: uwasy.fd 2020/01/19 v2.4 Wasy-2 symbol font definitions
)
LaTeX Font Info:    Font shape `T1/phv/m/n' will be
(Font)              scaled to size 6.29996pt on input line 200.
LaTeX Font Info:    Font shape `JT1/mc/b/n' in size <7> not available
(Font)              Font shape `JT1/mc/bx/n' tried instead on input line 200.
LaTeX Font Info:    Font shape `JT1/mc/bx/n' in size <7> not available
(Font)              Font shape `JT1/gt/m/n' tried instead on input line 200.
LaTeX Font Info:    Font shape `JY1/mc/b/n' in size <7> not available
(Font)              Font shape `JY1/mc/bx/n' tried instead on input line 200.
LaTeX Font Info:    Font shape `JY1/mc/bx/n' in size <7> not available
(Font)              Font shape `JY1/gt/m/n' tried instead on input line 200.
LaTeX Font Info:    Font shape `T1/phv/b/n' will be
(Font)              scaled to size 6.29996pt on input line 200.
 [1] [2] [3] [4]
[5] [6

]
Package hyperref Info: Option `pageanchor' set `true' on input line 203.

Chapter 1.
LaTeX Font Info:    Font shape `T1/phv/m/n' will be
(Font)              scaled to size 18.66588pt on input line 205.
LaTeX Font Info:    Font shape `JT1/mc/b/n' in size <20.74> not available
(Font)              Font shape `JT1/mc/bx/n' tried instead on input line 205.
LaTeX Font Info:    Font shape `JT1/mc/bx/n' in size <20.74> not available
(Font)              Font shape `JT1/gt/m/n' tried instead on input line 205.
LaTeX Font Info:    Font shape `JY1/mc/b/n' in size <20.74> not available
(Font)              Font shape `JY1/mc/bx/n' tried instead on input line 205.
LaTeX Font Info:    Font shape `JY1/mc/bx/n' in size <20.74> not available
(Font)              Font shape `JY1/gt/m/n' tried instead on input line 205.
LaTeX Font Info:    Font shape `T1/phv/b/n' will be
(Font)              scaled to size 18.66588pt on input line 205.
LaTeX Font Info:    Font shape `JT1/mc/b/n' in size <24.88> not available
(Font)              Font shape `JT1/mc/bx/n' tried instead on input line 205.
LaTeX Font Info:    Font shape `JT1/mc/bx/n' in size <24.88> not available
(Font)              Font shape `JT1/gt/m/n' tried instead on input line 205.
LaTeX Font Info:    Font shape `JY1/mc/b/n' in size <24.88> not available
(Font)              Font shape `JY1/mc/bx/n' tried instead on input line 205.
LaTeX Font Info:    Font shape `JY1/mc/bx/n' in size <24.88> not available
(Font)              Font shape `JY1/gt/m/n' tried instead on input line 205.
LaTeX Font Info:    Font shape `T1/phv/b/n' will be
(Font)              scaled to size 22.39185pt on input line 205.
(./annotated.tex
LaTeX Font Info:    Font shape `JT1/mc/b/n' in size <14.4> not available
(Font)              Font shape `JT1/mc/bx/n' tried instead on input line 1.
LaTeX Font Info:    Font shape `JT1/mc/bx/n' in size <14.4> not available
(Font)              Font shape `JT1/gt/m/n' tried instead on input line 1.
LaTeX Font Info:    Font shape `JY1/mc/b/n' in size <14.4> not available
(Font)              Font shape `JY1/mc/bx/n' tried instead on input line 1.
LaTeX Font Info:    Font shape `JY1/mc/bx/n' in size <14.4> not available
(Font)              Font shape `JY1/gt/m/n' tried instead on input line 1.
LaTeX Font Info:    Font shape `T1/phv/b/n' will be
(Font)              scaled to size 12.9599pt on input line 1.
) [1

] [2

]
Chapter 2.
(./files.tex) [3] [4

]
Chapter 3.
(./structBufState.tex
LaTeX Font Info:    Trying to load font information for TS1+phv on input line 1
1.
 (/usr/share/texlive/texmf-dist/tex/latex/psnfss/ts1phv.fd
File: ts1phv.fd 2020/03/25 scalable font definitions for TS1/phv.
)
LaTeX Font Info:    Font shape `TS1/phv/m/n' will be
(Font)              scaled to size 8.99994pt on input line 11.
LaTeX Font Info:    Font shape `JT1/mc/b/n' in size <12> not available
(Font)              Font shape `JT1/mc/bx/n' tried instead on input line 19.
LaTeX Font Info:    Font shape `JT1/mc/bx/n' in size <12> not available
(Font)              Font shape `JT1/gt/m/n' tried instead on input line 19.
LaTeX Font Info:    Font shape `JY1/mc/b/n' in size <12> not available
(Font)              Font shape `JY1/mc/bx/n' tried instead on input line 19.
LaTeX Font Info:    Font shape `JY1/mc/bx/n' in size <12> not available
(Font)              Font shape `JY1/gt/m/n' tried instead on input line 19.
LaTeX Font Info:    Font shape `T1/phv/b/n' will be
(Font)              scaled to size 10.79993pt on input line 19.
LaTeX Font Info:    Trying to load font information for T1+pcr on input line 22
.
 (/usr/share/texlive/texmf-dist/tex/latex/psnfss/t1pcr.fd
File: t1pcr.fd 2001/06/04 font definitions for T1/pcr.
)
LaTeX Font Info:    Font shape `T1/phv/m/n' will be
(Font)              scaled to size 7.19995pt on input line 33.
 [5]) [6]
Chapter 4.
(./squirrel3__squirrel__sqapiByOpenAI_8cpp.tex
File: squirrel3__squirrel__sqapiByOpenAI_8cpp__incl.pdf Graphic file (type pdf)

<squirrel3__squirrel__sqapiByOpenAI_8cpp__incl.pdf>
LaTeX Font Info:    Font shape `T1/phv/m/n' will be
(Font)              scaled to size 8.09995pt on input line 26.
LaTeX Font Info:    Kanji font shape `JY1/gt/m/it' undefined
(Font)              No change on input line 26.
LaTeX Font Info:    Font shape `T1/phv/m/it' in size <9> not available
(Font)              Font shape `T1/phv/m/sl' tried instead on input line 26.
LaTeX Font Info:    Font shape `T1/phv/m/sl' will be
(Font)              scaled to size 8.09995pt on input line 26.
LaTeX Font Info:    Kanji font shape `JY1/gt/m/it' undefined
(Font)              No change on input line 31.
LaTeX Font Info:    Kanji font shape `JY1/gt/m/it' undefined
(Font)              No change on input line 33.
LaTeX Font Info:    Kanji font shape `JY1/gt/m/it' undefined
(Font)              No change on input line 38.
LaTeX Font Info:    Kanji font shape `JY1/gt/m/it' undefined
(Font)              No change on input line 40.
LaTeX Font Info:    Kanji font shape `JY1/gt/m/it' undefined
(Font)              No change on input line 42.
LaTeX Font Info:    Font shape `T1/phv/m/it' in size <7> not available
(Font)              Font shape `T1/phv/m/sl' tried instead on input line 42.
LaTeX Font Info:    Font shape `T1/phv/m/sl' will be
(Font)              scaled to size 6.29996pt on input line 42.
 [7

]
LaTeX Font Info:    Kanji font shape `JY1/gt/m/it' undefined
(Font)              No change on input line 44.
LaTeX Font Info:    Kanji font shape `JY1/gt/m/it' undefined
(Font)              No change on input line 46.
LaTeX Font Info:    Kanji font shape `JY1/gt/m/it' undefined
(Font)              No change on input line 48.
LaTeX Font Info:    Kanji font shape `JY1/gt/m/it' undefined
(Font)              No change on input line 50.
LaTeX Font Info:    Kanji font shape `JY1/gt/m/it' undefined
(Font)              No change on input line 52.
LaTeX Font Info:    Kanji font shape `JY1/gt/m/it' undefined
(Font)              No change on input line 54.
LaTeX Font Info:    Kanji font shape `JY1/gt/m/it' undefined
(Font)              No change on input line 56.
LaTeX Font Info:    Kanji font shape `JY1/gt/m/it' undefined
(Font)              No change on input line 58.
LaTeX Font Info:    Kanji font shape `JY1/gt/m/it' undefined
(Font)              No change on input line 60.
LaTeX Font Info:    Kanji font shape `JY1/gt/m/it' undefined
(Font)              No change on input line 62.
LaTeX Font Info:    Kanji font shape `JY1/gt/m/it' undefined
(Font)              No change on input line 64.
LaTeX Font Info:    Kanji font shape `JY1/gt/m/it' undefined
(Font)              No change on input line 66.
LaTeX Font Info:    Kanji font shape `JY1/gt/m/it' undefined
(Font)              No change on input line 68.
LaTeX Font Info:    Kanji font shape `JY1/gt/m/it' undefined
(Font)              No change on input line 70.
LaTeX Font Info:    Kanji font shape `JY1/gt/m/it' undefined
(Font)              No change on input line 72.
LaTeX Font Info:    Kanji font shape `JY1/gt/m/it' undefined
(Font)              No change on input line 74.
LaTeX Font Info:    Font shape `T1/pcr/m/it' in size <9> not available
(Font)              Font shape `T1/pcr/m/sl' tried instead on input line 74.
LaTeX Font Info:    Kanji font shape `JY1/gt/m/it' undefined
(Font)              No change on input line 76.
LaTeX Font Info:    Kanji font shape `JY1/gt/m/it' undefined
(Font)              No change on input line 78.
LaTeX Font Info:    Kanji font shape `JY1/gt/m/it' undefined
(Font)              No change on input line 80.
LaTeX Font Info:    Kanji font shape `JY1/gt/m/it' undefined
(Font)              No change on input line 82.
LaTeX Font Info:    Kanji font shape `JY1/gt/m/it' undefined
(Font)              No change on input line 84.
LaTeX Font Info:    Kanji font shape `JY1/gt/m/it' undefined
(Font)              No change on input line 86.
LaTeX Font Info:    Kanji font shape `JY1/gt/m/it' undefined
(Font)              No change on input line 88.
 [8]
LaTeX Font Info:    Kanji font shape `JY1/gt/m/it' undefined
(Font)              No change on input line 90.
LaTeX Font Info:    Kanji font shape `JY1/gt/m/it' undefined
(Font)              No change on input line 92.
LaTeX Font Info:    Kanji font shape `JY1/gt/m/it' undefined
(Font)              No change on input line 94.
LaTeX Font Info:    Kanji font shape `JY1/gt/m/it' undefined
(Font)              No change on input line 96.
LaTeX Font Info:    Kanji font shape `JY1/gt/m/it' undefined
(Font)              No change on input line 98.
LaTeX Font Info:    Kanji font shape `JY1/gt/m/it' undefined
(Font)              No change on input line 100.
LaTeX Font Info:    Kanji font shape `JY1/gt/m/it' undefined
(Font)              No change on input line 102.
LaTeX Font Info:    Kanji font shape `JY1/gt/m/it' undefined
(Font)              No change on input line 104.
LaTeX Font Info:    Kanji font shape `JY1/gt/m/it' undefined
(Font)              No change on input line 106.
LaTeX Font Info:    Kanji font shape `JY1/gt/m/it' undefined
(Font)              No change on input line 108.
LaTeX Font Info:    Kanji font shape `JY1/gt/m/it' undefined
(Font)              No change on input line 110.
LaTeX Font Info:    Kanji font shape `JY1/gt/m/it' undefined
(Font)              No change on input line 112.
LaTeX Font Info:    Kanji font shape `JY1/gt/m/it' undefined
(Font)              No change on input line 114.
LaTeX Font Info:    Kanji font shape `JY1/gt/m/it' undefined
(Font)              No change on input line 116.
LaTeX Font Info:    Kanji font shape `JY1/gt/m/it' undefined
(Font)              No change on input line 118.
LaTeX Font Info:    Kanji font shape `JY1/gt/m/it' undefined
(Font)              No change on input line 120.

Underfull \hbox (badness 2626) in paragraph at lines 121--122
[]\T1/phv/m/n/10 SQRESULT [] (HSQUIR-RELVM v, SQIn-te-ger idx, SQIn-te-ger $\OM
S/cmsy/m/n/10 ^^C$\T1/phv/m/n/10 nparams, SQIn-te-ger
 []

LaTeX Font Info:    Kanji font shape `JY1/gt/m/it' undefined
(Font)              No change on input line 122.
LaTeX Font Info:    Kanji font shape `JY1/gt/m/it' undefined
(Font)              No change on input line 124.
LaTeX Font Info:    Kanji font shape `JY1/gt/m/it' undefined
(Font)              No change on input line 126.
LaTeX Font Info:    Kanji font shape `JY1/gt/m/it' undefined
(Font)              No change on input line 128.
LaTeX Font Info:    Kanji font shape `JY1/gt/m/it' undefined
(Font)              No change on input line 130.
LaTeX Font Info:    Kanji font shape `JY1/gt/m/it' undefined
(Font)              No change on input line 132.
LaTeX Font Info:    Kanji font shape `JY1/gt/m/it' undefined
(Font)              No change on input line 134.
LaTeX Font Info:    Kanji font shape `JY1/gt/m/it' undefined
(Font)              No change on input line 136.
LaTeX Font Info:    Kanji font shape `JY1/gt/m/it' undefined
(Font)              No change on input line 138.
[9]
LaTeX Font Info:    Kanji font shape `JY1/gt/m/it' undefined
(Font)              No change on input line 140.
LaTeX Font Info:    Kanji font shape `JY1/gt/m/it' undefined
(Font)              No change on input line 142.
LaTeX Font Info:    Kanji font shape `JY1/gt/m/it' undefined
(Font)              No change on input line 144.
LaTeX Font Info:    Kanji font shape `JY1/gt/m/it' undefined
(Font)              No change on input line 146.
LaTeX Font Info:    Kanji font shape `JY1/gt/m/it' undefined
(Font)              No change on input line 148.
LaTeX Font Info:    Kanji font shape `JY1/gt/m/it' undefined
(Font)              No change on input line 150.
LaTeX Font Info:    Kanji font shape `JY1/gt/m/it' undefined
(Font)              No change on input line 152.
LaTeX Font Info:    Kanji font shape `JY1/gt/m/it' undefined
(Font)              No change on input line 154.
LaTeX Font Info:    Kanji font shape `JY1/gt/m/it' undefined
(Font)              No change on input line 156.
LaTeX Font Info:    Kanji font shape `JY1/gt/m/it' undefined
(Font)              No change on input line 158.
LaTeX Font Info:    Kanji font shape `JY1/gt/m/it' undefined
(Font)              No change on input line 160.
LaTeX Font Info:    Kanji font shape `JY1/gt/m/it' undefined
(Font)              No change on input line 162.
LaTeX Font Info:    Kanji font shape `JY1/gt/m/it' undefined
(Font)              No change on input line 164.
LaTeX Font Info:    Kanji font shape `JY1/gt/m/it' undefined
(Font)              No change on input line 166.
LaTeX Font Info:    Kanji font shape `JY1/gt/m/it' undefined
(Font)              No change on input line 168.
LaTeX Font Info:    Kanji font shape `JY1/gt/m/it' undefined
(Font)              No change on input line 170.
LaTeX Font Info:    Kanji font shape `JY1/gt/m/it' undefined
(Font)              No change on input line 172.
LaTeX Font Info:    Kanji font shape `JY1/gt/m/it' undefined
(Font)              No change on input line 174.
LaTeX Font Info:    Kanji font shape `JY1/gt/m/it' undefined
(Font)              No change on input line 176.
LaTeX Font Info:    Kanji font shape `JY1/gt/m/it' undefined
(Font)              No change on input line 178.
LaTeX Font Info:    Kanji font shape `JY1/gt/m/it' undefined
(Font)              No change on input line 180.
LaTeX Font Info:    Kanji font shape `JY1/gt/m/it' undefined
(Font)              No change on input line 182.
LaTeX Font Info:    Kanji font shape `JY1/gt/m/it' undefined
(Font)              No change on input line 184.
LaTeX Font Info:    Kanji font shape `JY1/gt/m/it' undefined
(Font)              No change on input line 186.
LaTeX Font Info:    Kanji font shape `JY1/gt/m/it' undefined
(Font)              No change on input line 188.
 [10]
LaTeX Font Info:    Kanji font shape `JY1/gt/m/it' undefined
(Font)              No change on input line 190.
LaTeX Font Info:    Kanji font shape `JY1/gt/m/it' undefined
(Font)              No change on input line 192.
LaTeX Font Info:    Kanji font shape `JY1/gt/m/it' undefined
(Font)              No change on input line 194.
LaTeX Font Info:    Kanji font shape `JY1/gt/m/it' undefined
(Font)              No change on input line 196.
LaTeX Font Info:    Kanji font shape `JY1/gt/m/it' undefined
(Font)              No change on input line 198.
LaTeX Font Info:    Kanji font shape `JY1/gt/m/it' undefined
(Font)              No change on input line 200.
LaTeX Font Info:    Kanji font shape `JY1/gt/m/it' undefined
(Font)              No change on input line 202.
LaTeX Font Info:    Kanji font shape `JY1/gt/m/it' undefined
(Font)              No change on input line 204.
LaTeX Font Info:    Kanji font shape `JY1/gt/m/it' undefined
(Font)              No change on input line 206.
LaTeX Font Info:    Kanji font shape `JY1/gt/m/it' undefined
(Font)              No change on input line 208.
LaTeX Font Info:    Kanji font shape `JY1/gt/m/it' undefined
(Font)              No change on input line 210.
LaTeX Font Info:    Kanji font shape `JY1/gt/m/it' undefined
(Font)              No change on input line 212.
LaTeX Font Info:    Kanji font shape `JY1/gt/m/it' undefined
(Font)              No change on input line 214.
LaTeX Font Info:    Kanji font shape `JY1/gt/m/it' undefined
(Font)              No change on input line 216.
LaTeX Font Info:    Kanji font shape `JY1/gt/m/it' undefined
(Font)              No change on input line 218.
LaTeX Font Info:    Kanji font shape `JY1/gt/m/it' undefined
(Font)              No change on input line 220.
LaTeX Font Info:    Kanji font shape `JY1/gt/m/it' undefined
(Font)              No change on input line 222.
LaTeX Font Info:    Kanji font shape `JY1/gt/m/it' undefined
(Font)              No change on input line 224.
LaTeX Font Info:    Kanji font shape `JY1/gt/m/it' undefined
(Font)              No change on input line 226.
LaTeX Font Info:    Kanji font shape `JY1/gt/m/it' undefined
(Font)              No change on input line 228.
LaTeX Font Info:    Kanji font shape `JY1/gt/m/it' undefined
(Font)              No change on input line 230.
LaTeX Font Info:    Kanji font shape `JY1/gt/m/it' undefined
(Font)              No change on input line 232.
LaTeX Font Info:    Kanji font shape `JY1/gt/m/it' undefined
(Font)              No change on input line 234.
LaTeX Font Info:    Kanji font shape `JY1/gt/m/it' undefined
(Font)              No change on input line 236.
LaTeX Font Info:    Kanji font shape `JY1/gt/m/it' undefined
(Font)              No change on input line 238.
 [11]
LaTeX Font Info:    Kanji font shape `JY1/gt/m/it' undefined
(Font)              No change on input line 240.
LaTeX Font Info:    Kanji font shape `JY1/gt/m/it' undefined
(Font)              No change on input line 242.
LaTeX Font Info:    Kanji font shape `JY1/gt/m/it' undefined
(Font)              No change on input line 244.
LaTeX Font Info:    Kanji font shape `JY1/gt/m/it' undefined
(Font)              No change on input line 246.
LaTeX Font Info:    Kanji font shape `JY1/gt/m/it' undefined
(Font)              No change on input line 248.
LaTeX Font Info:    Kanji font shape `JY1/gt/m/it' undefined
(Font)              No change on input line 250.
LaTeX Font Info:    Kanji font shape `JY1/gt/m/it' undefined
(Font)              No change on input line 252.
LaTeX Font Info:    Kanji font shape `JY1/gt/m/it' undefined
(Font)              No change on input line 254.
LaTeX Font Info:    Kanji font shape `JY1/gt/m/it' undefined
(Font)              No change on input line 256.
LaTeX Font Info:    Kanji font shape `JY1/gt/m/it' undefined
(Font)              No change on input line 258.
LaTeX Font Info:    Kanji font shape `JY1/gt/m/it' undefined
(Font)              No change on input line 260.
LaTeX Font Info:    Kanji font shape `JY1/gt/m/it' undefined
(Font)              No change on input line 262.
LaTeX Font Info:    Kanji font shape `JY1/gt/m/it' undefined
(Font)              No change on input line 264.
LaTeX Font Info:    Kanji font shape `JY1/gt/m/it' undefined
(Font)              No change on input line 266.
LaTeX Font Info:    Kanji font shape `JY1/gt/m/it' undefined
(Font)              No change on input line 268.
LaTeX Font Info:    Kanji font shape `JY1/gt/m/it' undefined
(Font)              No change on input line 270.
LaTeX Font Info:    Kanji font shape `JY1/gt/m/it' undefined
(Font)              No change on input line 272.
LaTeX Font Info:    Kanji font shape `JY1/gt/m/it' undefined
(Font)              No change on input line 274.
LaTeX Font Info:    Kanji font shape `JY1/gt/m/it' undefined
(Font)              No change on input line 276.
LaTeX Font Info:    Kanji font shape `JY1/gt/m/it' undefined
(Font)              No change on input line 278.
LaTeX Font Info:    Kanji font shape `JY1/gt/m/it' undefined
(Font)              No change on input line 280.
LaTeX Font Info:    Kanji font shape `JY1/gt/m/it' undefined
(Font)              No change on input line 282.
LaTeX Font Info:    Kanji font shape `JY1/gt/m/it' undefined
(Font)              No change on input line 284.
LaTeX Font Info:    Kanji font shape `JY1/gt/m/it' undefined
(Font)              No change on input line 286.
LaTeX Font Info:    Kanji font shape `JY1/gt/m/it' undefined
(Font)              No change on input line 288.
 [12]
LaTeX Font Info:    Kanji font shape `JY1/gt/m/it' undefined
(Font)              No change on input line 290.
LaTeX Font Info:    Kanji font shape `JY1/gt/m/it' undefined
(Font)              No change on input line 292.
LaTeX Font Info:    Kanji font shape `JY1/gt/m/it' undefined
(Font)              No change on input line 294.
LaTeX Font Info:    Kanji font shape `JY1/gt/m/it' undefined
(Font)              No change on input line 296.
LaTeX Font Info:    Kanji font shape `JY1/gt/m/it' undefined
(Font)              No change on input line 298.
LaTeX Font Info:    Kanji font shape `JY1/gt/m/it' undefined
(Font)              No change on input line 300.
LaTeX Font Info:    Kanji font shape `JY1/gt/m/it' undefined
(Font)              No change on input line 302.
LaTeX Font Info:    Kanji font shape `JY1/gt/m/it' undefined
(Font)              No change on input line 304.
LaTeX Font Info:    Kanji font shape `JY1/gt/m/it' undefined
(Font)              No change on input line 306.
LaTeX Font Info:    Kanji font shape `JY1/gt/m/it' undefined
(Font)              No change on input line 308.
LaTeX Font Info:    Kanji font shape `JY1/gt/m/it' undefined
(Font)              No change on input line 310.
LaTeX Font Info:    Kanji font shape `JY1/gt/m/it' undefined
(Font)              No change on input line 312.
LaTeX Font Info:    Kanji font shape `JY1/gt/m/it' undefined
(Font)              No change on input line 314.
LaTeX Font Info:    Kanji font shape `JY1/gt/m/it' undefined
(Font)              No change on input line 316.
LaTeX Font Info:    Kanji font shape `JY1/gt/m/it' undefined
(Font)              No change on input line 318.

Underfull \hbox (badness 1147) in paragraph at lines 319--320
[]\T1/phv/m/n/10 SQRESULT [] (HSQUIR-RELVM v, const SQChar $\OMS/cmsy/m/n/10 ^^
C$\T1/phv/m/n/10 s, SQIn-te-ger size, const SQChar
 []

LaTeX Font Info:    Kanji font shape `JY1/gt/m/it' undefined
(Font)              No change on input line 320.
LaTeX Font Info:    Kanji font shape `JY1/gt/m/it' undefined
(Font)              No change on input line 322.
LaTeX Font Info:    Kanji font shape `JY1/gt/m/it' undefined
(Font)              No change on input line 324.
LaTeX Font Info:    Kanji font shape `JY1/gt/m/it' undefined
(Font)              No change on input line 326.
LaTeX Font Info:    Kanji font shape `JY1/gt/m/it' undefined
(Font)              No change on input line 328.
LaTeX Font Info:    Kanji font shape `JY1/gt/m/it' undefined
(Font)              No change on input line 330.
LaTeX Font Info:    Kanji font shape `JY1/gt/m/it' undefined
(Font)              No change on input line 332.
LaTeX Font Info:    Kanji font shape `JY1/gt/m/it' undefined
(Font)              No change on input line 334.
LaTeX Font Info:    Kanji font shape `JY1/gt/m/it' undefined
(Font)              No change on input line 342.
LaTeX Font Info:    Font shape `T1/pcr/m/it' in size <8> not available
(Font)              Font shape `T1/pcr/m/sl' tried instead on input line 342.
LaTeX Font Info:    Kanji font shape `JY1/gt/m/it' undefined
(Font)              No change on input line 342.
LaTeX Font Info:    Kanji font shape `JY1/gt/m/it' undefined
(Font)              No change on input line 342.
LaTeX Font Info:    Kanji font shape `JY1/gt/m/it' undefined
(Font)              No change on input line 342.
[13]
LaTeX Font Info:    Kanji font shape `JY1/gt/m/it' undefined
(Font)              No change on input line 1.
LaTeX Font Info:    Kanji font shape `JY1/gt/m/it' undefined
(Font)              No change on input line 3.
LaTeX Font Info:    Kanji font shape `JY1/gt/m/it' undefined
(Font)              No change on input line 5.
LaTeX Font Info:    Kanji font shape `JY1/gt/m/it' undefined
(Font)              No change on input line 7.

Underfull \hbox (badness 10000) detected at line 361
[][][]
 []

LaTeX Font Info:    Kanji font shape `JY1/gt/m/it' undefined
(Font)              No change on input line 1.
LaTeX Font Info:    Kanji font shape `JY1/gt/m/it' undefined
(Font)              No change on input line 377.
LaTeX Font Info:    Kanji font shape `JY1/gt/m/it' undefined
(Font)              No change on input line 377.
LaTeX Font Info:    Kanji font shape `JY1/gt/m/it' undefined
(Font)              No change on input line 1.
LaTeX Font Info:    Kanji font shape `JY1/gt/m/it' undefined
(Font)              No change on input line 3.

Overfull \vbox (8.60857pt too high) has occurred while \output is active []


[14]
LaTeX Font Info:    Kanji font shape `JY1/gt/m/it' undefined
(Font)              No change on input line 1.
LaTeX Font Info:    Kanji font shape `JY1/gt/m/it' undefined
(Font)              No change on input line 422.
LaTeX Font Info:    Kanji font shape `JY1/gt/m/it' undefined
(Font)              No change on input line 422.
LaTeX Font Info:    Kanji font shape `JY1/gt/m/it' undefined
(Font)              No change on input line 422.
LaTeX Font Info:    Kanji font shape `JY1/gt/m/it' undefined
(Font)              No change on input line 422.
LaTeX Font Info:    Kanji font shape `JY1/gt/m/it' undefined
(Font)              No change on input line 1.
LaTeX Font Info:    Kanji font shape `JY1/gt/m/it' undefined
(Font)              No change on input line 3.
LaTeX Font Info:    Kanji font shape `JY1/gt/m/it' undefined
(Font)              No change on input line 5.
LaTeX Font Info:    Kanji font shape `JY1/gt/m/it' undefined
(Font)              No change on input line 7.


Package longtable Warning: Column widths have changed
(longtable)                in table 4.5 on input line 440.

LaTeX Font Info:    Kanji font shape `JY1/gt/m/it' undefined
(Font)              No change on input line 1.
LaTeX Font Info:    Kanji font shape `JY1/gt/m/it' undefined
(Font)              No change on input line 3.
[15]
File: squirrel3__squirrel__sqapiByOpenAI_8cpp_a46133ed63b8890a535fde2f0608da01b
_cgraph.pdf Graphic file (type pdf)
<squirrel3__squirrel__sqapiByOpenAI_8cpp_a46133ed63b8890a535fde2f0608da01b_cgra
ph.pdf>
File: squirrel3__squirrel__sqapiByOpenAI_8cpp_a46133ed63b8890a535fde2f0608da01b
_icgraph.pdf Graphic file (type pdf)
<squirrel3__squirrel__sqapiByOpenAI_8cpp_a46133ed63b8890a535fde2f0608da01b_icgr
aph.pdf>
LaTeX Font Info:    Kanji font shape `JY1/gt/m/it' undefined
(Font)              No change on input line 513.
LaTeX Font Info:    Kanji font shape `JY1/gt/m/it' undefined
(Font)              No change on input line 1.
 [16]
Underfull \hbox (badness 10000) detected at line 526
[][][]
 []

File: squirrel3__squirrel__sqapiByOpenAI_8cpp_aaf03c4ce8d9da70a003c81e1eb443b01
_icgraph.pdf Graphic file (type pdf)
<squirrel3__squirrel__sqapiByOpenAI_8cpp_aaf03c4ce8d9da70a003c81e1eb443b01_icgr
aph.pdf>
LaTeX Font Info:    Kanji font shape `JY1/gt/m/it' undefined
(Font)              No change on input line 563.
LaTeX Font Info:    Kanji font shape `JY1/gt/m/it' undefined
(Font)              No change on input line 563.
LaTeX Font Info:    Kanji font shape `JY1/gt/m/it' undefined
(Font)              No change on input line 1.
LaTeX Font Info:    Kanji font shape `JY1/gt/m/it' undefined
(Font)              No change on input line 3.
LaTeX Font Info:    Kanji font shape `JY1/gt/m/it' undefined
(Font)              No change on input line 600.
LaTeX Font Info:    Kanji font shape `JY1/gt/m/it' undefined
(Font)              No change on input line 600.
[17]
LaTeX Font Info:    Kanji font shape `JY1/gt/m/it' undefined
(Font)              No change on input line 1.
LaTeX Font Info:    Kanji font shape `JY1/gt/m/it' undefined
(Font)              No change on input line 3.
LaTeX Font Info:    Kanji font shape `JY1/gt/m/it' undefined
(Font)              No change on input line 1.
LaTeX Font Info:    Kanji font shape `JY1/gt/m/it' undefined
(Font)              No change on input line 3.
LaTeX Font Info:    Kanji font shape `JY1/gt/m/it' undefined
(Font)              No change on input line 646.
LaTeX Font Info:    Kanji font shape `JY1/gt/m/it' undefined
(Font)              No change on input line 646.
LaTeX Font Info:    Kanji font shape `JY1/gt/m/it' undefined
(Font)              No change on input line 646.
LaTeX Font Info:    Kanji font shape `JY1/gt/m/it' undefined
(Font)              No change on input line 1.
LaTeX Font Info:    Kanji font shape `JY1/gt/m/it' undefined
(Font)              No change on input line 3.
LaTeX Font Info:    Kanji font shape `JY1/gt/m/it' undefined
(Font)              No change on input line 5.
LaTeX Font Info:    Kanji font shape `JY1/gt/m/it' undefined
(Font)              No change on input line 1.
LaTeX Font Info:    Kanji font shape `JY1/gt/m/it' undefined
(Font)              No change on input line 3.
 [18]
File: squirrel3__squirrel__sqapiByOpenAI_8cpp_a07ba7fe1abf78bf6809273d3686185f0
_cgraph.pdf Graphic file (type pdf)
<squirrel3__squirrel__sqapiByOpenAI_8cpp_a07ba7fe1abf78bf6809273d3686185f0_cgra
ph.pdf>
LaTeX Font Info:    Kanji font shape `JY1/gt/m/it' undefined
(Font)              No change on input line 702.
LaTeX Font Info:    Kanji font shape `JY1/gt/m/it' undefined
(Font)              No change on input line 702.
LaTeX Font Info:    Kanji font shape `JY1/gt/m/it' undefined
(Font)              No change on input line 702.
LaTeX Font Info:    Kanji font shape `JY1/gt/m/it' undefined
(Font)              No change on input line 1.
LaTeX Font Info:    Kanji font shape `JY1/gt/m/it' undefined
(Font)              No change on input line 3.
LaTeX Font Info:    Kanji font shape `JY1/gt/m/it' undefined
(Font)              No change on input line 5.
LaTeX Font Info:    Kanji font shape `JY1/gt/m/it' undefined
(Font)              No change on input line 1.
LaTeX Font Info:    Kanji font shape `JY1/gt/m/it' undefined
(Font)              No change on input line 3.
 [19]
File: squirrel3__squirrel__sqapiByOpenAI_8cpp_af5e43d277d711d58afefb58a58a88bfa
_cgraph.pdf Graphic file (type pdf)
<squirrel3__squirrel__sqapiByOpenAI_8cpp_af5e43d277d711d58afefb58a58a88bfa_cgra
ph.pdf>
LaTeX Font Info:    Kanji font shape `JY1/gt/m/it' undefined
(Font)              No change on input line 761.
LaTeX Font Info:    Kanji font shape `JY1/gt/m/it' undefined
(Font)              No change on input line 761.
LaTeX Font Info:    Kanji font shape `JY1/gt/m/it' undefined
(Font)              No change on input line 761.
LaTeX Font Info:    Kanji font shape `JY1/gt/m/it' undefined
(Font)              No change on input line 1.
LaTeX Font Info:    Kanji font shape `JY1/gt/m/it' undefined
(Font)              No change on input line 3.
LaTeX Font Info:    Kanji font shape `JY1/gt/m/it' undefined
(Font)              No change on input line 5.
LaTeX Font Info:    Kanji font shape `JY1/gt/m/it' undefined
(Font)              No change on input line 1.
LaTeX Font Info:    Kanji font shape `JY1/gt/m/it' undefined
(Font)              No change on input line 3.
File: squirrel3__squirrel__sqapiByOpenAI_8cpp_a9ed3724b7d6a37cba262ddeb7863ea93
_cgraph.pdf Graphic file (type pdf)
<squirrel3__squirrel__sqapiByOpenAI_8cpp_a9ed3724b7d6a37cba262ddeb7863ea93_cgra
ph.pdf>
 [20]
LaTeX Font Info:    Kanji font shape `JY1/gt/m/it' undefined
(Font)              No change on input line 815.
LaTeX Font Info:    Kanji font shape `JY1/gt/m/it' undefined
(Font)              No change on input line 815.
LaTeX Font Info:    Kanji font shape `JY1/gt/m/it' undefined
(Font)              No change on input line 815.
LaTeX Font Info:    Kanji font shape `JY1/gt/m/it' undefined
(Font)              No change on input line 1.
LaTeX Font Info:    Kanji font shape `JY1/gt/m/it' undefined
(Font)              No change on input line 3.
LaTeX Font Info:    Kanji font shape `JY1/gt/m/it' undefined
(Font)              No change on input line 5.
LaTeX Font Info:    Kanji font shape `JY1/gt/m/it' undefined
(Font)              No change on input line 1.
LaTeX Font Info:    Kanji font shape `JY1/gt/m/it' undefined
(Font)              No change on input line 3.
File: squirrel3__squirrel__sqapiByOpenAI_8cpp_a8ec2ade0e8f0c3c4d31a46139c12b5ed
_cgraph.pdf Graphic file (type pdf)
<squirrel3__squirrel__sqapiByOpenAI_8cpp_a8ec2ade0e8f0c3c4d31a46139c12b5ed_cgra
ph.pdf>
 [21]
LaTeX Font Info:    Kanji font shape `JY1/gt/m/it' undefined
(Font)              No change on input line 873.
LaTeX Font Info:    Kanji font shape `JY1/gt/m/it' undefined
(Font)              No change on input line 873.
LaTeX Font Info:    Kanji font shape `JY1/gt/m/it' undefined
(Font)              No change on input line 1.
LaTeX Font Info:    Kanji font shape `JY1/gt/m/it' undefined
(Font)              No change on input line 3.
LaTeX Font Info:    Kanji font shape `JY1/gt/m/it' undefined
(Font)              No change on input line 1.
LaTeX Font Info:    Kanji font shape `JY1/gt/m/it' undefined
(Font)              No change on input line 3.
LaTeX Font Info:    Kanji font shape `JY1/gt/m/it' undefined
(Font)              No change on input line 929.
LaTeX Font Info:    Kanji font shape `JY1/gt/m/it' undefined
(Font)              No change on input line 929.
LaTeX Font Info:    Kanji font shape `JY1/gt/m/it' undefined
(Font)              No change on input line 929.
LaTeX Font Info:    Kanji font shape `JY1/gt/m/it' undefined
(Font)              No change on input line 929.
 [22]
LaTeX Font Info:    Kanji font shape `JY1/gt/m/it' undefined
(Font)              No change on input line 1.
LaTeX Font Info:    Kanji font shape `JY1/gt/m/it' undefined
(Font)              No change on input line 3.
LaTeX Font Info:    Kanji font shape `JY1/gt/m/it' undefined
(Font)              No change on input line 5.
LaTeX Font Info:    Kanji font shape `JY1/gt/m/it' undefined
(Font)              No change on input line 7.


Package longtable Warning: Column widths have changed
(longtable)                in table 4.21 on input line 947.

LaTeX Font Info:    Kanji font shape `JY1/gt/m/it' undefined
(Font)              No change on input line 1.
LaTeX Font Info:    Kanji font shape `JY1/gt/m/it' undefined
(Font)              No change on input line 3.
LaTeX Font Info:    Kanji font shape `JY1/gt/m/it' undefined
(Font)              No change on input line 976.
LaTeX Font Info:    Kanji font shape `JY1/gt/m/it' undefined
(Font)              No change on input line 976.
LaTeX Font Info:    Kanji font shape `JY1/gt/m/it' undefined
(Font)              No change on input line 1.
LaTeX Font Info:    Kanji font shape `JY1/gt/m/it' undefined
(Font)              No change on input line 3.

Underfull \hbox (badness 10000) detected at line 991
[][][]
 []

[23]
File: squirrel3__squirrel__sqapiByOpenAI_8cpp_a6009870696cef6b1bcda62d6afba1583
_cgraph.pdf Graphic file (type pdf)
<squirrel3__squirrel__sqapiByOpenAI_8cpp_a6009870696cef6b1bcda62d6afba1583_cgra
ph.pdf>
File: squirrel3__squirrel__sqapiByOpenAI_8cpp_a6009870696cef6b1bcda62d6afba1583
_icgraph.pdf Graphic file (type pdf)
<squirrel3__squirrel__sqapiByOpenAI_8cpp_a6009870696cef6b1bcda62d6afba1583_icgr
aph.pdf>
LaTeX Font Info:    Kanji font shape `JY1/gt/m/it' undefined
(Font)              No change on input line 1035.
LaTeX Font Info:    Kanji font shape `JY1/gt/m/it' undefined
(Font)              No change on input line 1035.
LaTeX Font Info:    Kanji font shape `JY1/gt/m/it' undefined
(Font)              No change on input line 1.
LaTeX Font Info:    Kanji font shape `JY1/gt/m/it' undefined
(Font)              No change on input line 3.
 [24]
LaTeX Font Info:    Kanji font shape `JY1/gt/m/it' undefined
(Font)              No change on input line 1.
LaTeX Font Info:    Kanji font shape `JY1/gt/m/it' undefined
(Font)              No change on input line 3.
File: squirrel3__squirrel__sqapiByOpenAI_8cpp_aa87507b1c5769a719ee3517d69dcd379
_cgraph.pdf Graphic file (type pdf)
<squirrel3__squirrel__sqapiByOpenAI_8cpp_aa87507b1c5769a719ee3517d69dcd379_cgra
ph.pdf>
LaTeX Font Info:    Kanji font shape `JY1/gt/m/it' undefined
(Font)              No change on input line 1118.
LaTeX Font Info:    Kanji font shape `JY1/gt/m/it' undefined
(Font)              No change on input line 1118.
LaTeX Font Info:    Kanji font shape `JY1/gt/m/it' undefined
(Font)              No change on input line 1118.
LaTeX Font Info:    Kanji font shape `JY1/gt/m/it' undefined
(Font)              No change on input line 1118.
 [25]
LaTeX Font Info:    Kanji font shape `JY1/gt/m/it' undefined
(Font)              No change on input line 1.
LaTeX Font Info:    Kanji font shape `JY1/gt/m/it' undefined
(Font)              No change on input line 3.
LaTeX Font Info:    Kanji font shape `JY1/gt/m/it' undefined
(Font)              No change on input line 5.
LaTeX Font Info:    Kanji font shape `JY1/gt/m/it' undefined
(Font)              No change on input line 7.
LaTeX Font Info:    Kanji font shape `JY1/gt/m/it' undefined
(Font)              No change on input line 1.
LaTeX Font Info:    Kanji font shape `JY1/gt/m/it' undefined
(Font)              No change on input line 3.
LaTeX Font Info:    Kanji font shape `JY1/gt/m/it' undefined
(Font)              No change on input line 1168.
LaTeX Font Info:    Kanji font shape `JY1/gt/m/it' undefined
(Font)              No change on input line 1168.
LaTeX Font Info:    Kanji font shape `JY1/gt/m/it' undefined
(Font)              No change on input line 1.
LaTeX Font Info:    Kanji font shape `JY1/gt/m/it' undefined
(Font)              No change on input line 3.
LaTeX Font Info:    Kanji font shape `JY1/gt/m/it' undefined
(Font)              No change on input line 1.
LaTeX Font Info:    Kanji font shape `JY1/gt/m/it' undefined
(Font)              No change on input line 3.
 [26]
File: squirrel3__squirrel__sqapiByOpenAI_8cpp_ad3d657e7b83f47efdbd238e7f1e9bd80
_cgraph.pdf Graphic file (type pdf)
<squirrel3__squirrel__sqapiByOpenAI_8cpp_ad3d657e7b83f47efdbd238e7f1e9bd80_cgra
ph.pdf>
LaTeX Font Info:    Kanji font shape `JY1/gt/m/it' undefined
(Font)              No change on input line 1226.
LaTeX Font Info:    Kanji font shape `JY1/gt/m/it' undefined
(Font)              No change on input line 1226.
LaTeX Font Info:    Kanji font shape `JY1/gt/m/it' undefined
(Font)              No change on input line 1.
LaTeX Font Info:    Kanji font shape `JY1/gt/m/it' undefined
(Font)              No change on input line 3.
LaTeX Font Info:    Kanji font shape `JY1/gt/m/it' undefined
(Font)              No change on input line 1.
LaTeX Font Info:    Kanji font shape `JY1/gt/m/it' undefined
(Font)              No change on input line 3.
 [27]
LaTeX Font Info:    Kanji font shape `JY1/gt/m/it' undefined
(Font)              No change on input line 1269.
LaTeX Font Info:    Kanji font shape `JY1/gt/m/it' undefined
(Font)              No change on input line 1.
LaTeX Font Info:    Kanji font shape `JY1/gt/m/it' undefined
(Font)              No change on input line 1299.
LaTeX Font Info:    Kanji font shape `JY1/gt/m/it' undefined
(Font)              No change on input line 1.

Underfull \hbox (badness 10000) detected at line 1312
[][][]
 []

LaTeX Font Info:    Kanji font shape `JY1/gt/m/it' undefined
(Font)              No change on input line 1332.
[28]
LaTeX Font Info:    Kanji font shape `JY1/gt/m/it' undefined
(Font)              No change on input line 1.

Underfull \hbox (badness 10000) detected at line 1345
[][][]
 []

LaTeX Font Info:    Kanji font shape `JY1/gt/m/it' undefined
(Font)              No change on input line 1367.
LaTeX Font Info:    Kanji font shape `JY1/gt/m/it' undefined
(Font)              No change on input line 1367.
LaTeX Font Info:    Kanji font shape `JY1/gt/m/it' undefined
(Font)              No change on input line 1367.
LaTeX Font Info:    Kanji font shape `JY1/gt/m/it' undefined
(Font)              No change on input line 1367.
LaTeX Font Info:    Kanji font shape `JY1/gt/m/it' undefined
(Font)              No change on input line 1367.
LaTeX Font Info:    Kanji font shape `JY1/gt/m/it' undefined
(Font)              No change on input line 1.
LaTeX Font Info:    Kanji font shape `JY1/gt/m/it' undefined
(Font)              No change on input line 3.
LaTeX Font Info:    Kanji font shape `JY1/gt/m/it' undefined
(Font)              No change on input line 5.
LaTeX Font Info:    Kanji font shape `JY1/gt/m/it' undefined
(Font)              No change on input line 7.
LaTeX Font Info:    Kanji font shape `JY1/gt/m/it' undefined
(Font)              No change on input line 9.
LaTeX Font Info:    Kanji font shape `JY1/gt/m/it' undefined
(Font)              No change on input line 1.
LaTeX Font Info:    Kanji font shape `JY1/gt/m/it' undefined
(Font)              No change on input line 3.
[29]
File: squirrel3__squirrel__sqapiByOpenAI_8cpp_a697c6454e607c2f74f306f34c93c1688
_cgraph.pdf Graphic file (type pdf)
<squirrel3__squirrel__sqapiByOpenAI_8cpp_a697c6454e607c2f74f306f34c93c1688_cgra
ph.pdf>
File: squirrel3__squirrel__sqapiByOpenAI_8cpp_a697c6454e607c2f74f306f34c93c1688
_icgraph.pdf Graphic file (type pdf)
<squirrel3__squirrel__sqapiByOpenAI_8cpp_a697c6454e607c2f74f306f34c93c1688_icgr
aph.pdf>
LaTeX Font Info:    Kanji font shape `JY1/gt/m/it' undefined
(Font)              No change on input line 1445.
LaTeX Font Info:    Kanji font shape `JY1/gt/m/it' undefined
(Font)              No change on input line 1445.
LaTeX Font Info:    Kanji font shape `JY1/gt/m/it' undefined
(Font)              No change on input line 1445.
LaTeX Font Info:    Kanji font shape `JY1/gt/m/it' undefined
(Font)              No change on input line 1445.
LaTeX Font Info:    Kanji font shape `JY1/gt/m/it' undefined
(Font)              No change on input line 1445.
LaTeX Font Info:    Kanji font shape `JY1/gt/m/it' undefined
(Font)              No change on input line 1.
LaTeX Font Info:    Kanji font shape `JY1/gt/m/it' undefined
(Font)              No change on input line 3.
LaTeX Font Info:    Kanji font shape `JY1/gt/m/it' undefined
(Font)              No change on input line 5.
LaTeX Font Info:    Kanji font shape `JY1/gt/m/it' undefined
(Font)              No change on input line 7.
LaTeX Font Info:    Kanji font shape `JY1/gt/m/it' undefined
(Font)              No change on input line 9.
 [30]
LaTeX Font Info:    Kanji font shape `JY1/gt/m/it' undefined
(Font)              No change on input line 1.
LaTeX Font Info:    Kanji font shape `JY1/gt/m/it' undefined
(Font)              No change on input line 3.


Package longtable Warning: Column widths have changed
(longtable)                in table 4.38 on input line 1472.

File: squirrel3__squirrel__sqapiByOpenAI_8cpp_ae01f22ac86b7d1d013d2edabce068ef1
_cgraph.pdf Graphic file (type pdf)
<squirrel3__squirrel__sqapiByOpenAI_8cpp_ae01f22ac86b7d1d013d2edabce068ef1_cgra
ph.pdf>
LaTeX Font Info:    Kanji font shape `JY1/gt/m/it' undefined
(Font)              No change on input line 1504.
LaTeX Font Info:    Kanji font shape `JY1/gt/m/it' undefined
(Font)              No change on input line 1504.
LaTeX Font Info:    Kanji font shape `JY1/gt/m/it' undefined
(Font)              No change on input line 1.
LaTeX Font Info:    Kanji font shape `JY1/gt/m/it' undefined
(Font)              No change on input line 3.
LaTeX Font Info:    Kanji font shape `JY1/gt/m/it' undefined
(Font)              No change on input line 1.
[31]

Package longtable Warning: Column widths have changed
(longtable)                in table 4.40 on input line 1523.

LaTeX Font Info:    Kanji font shape `JY1/gt/m/it' undefined
(Font)              No change on input line 1546.
LaTeX Font Info:    Kanji font shape `JY1/gt/m/it' undefined
(Font)              No change on input line 1546.
LaTeX Font Info:    Kanji font shape `JY1/gt/m/it' undefined
(Font)              No change on input line 1546.
LaTeX Font Info:    Kanji font shape `JY1/gt/m/it' undefined
(Font)              No change on input line 1.
LaTeX Font Info:    Kanji font shape `JY1/gt/m/it' undefined
(Font)              No change on input line 3.
LaTeX Font Info:    Kanji font shape `JY1/gt/m/it' undefined
(Font)              No change on input line 5.
LaTeX Font Info:    Kanji font shape `JY1/gt/m/it' undefined
(Font)              No change on input line 1.
LaTeX Font Info:    Kanji font shape `JY1/gt/m/it' undefined
(Font)              No change on input line 3.
File: squirrel3__squirrel__sqapiByOpenAI_8cpp_a7a2b220f80c89e982781f5ebc1a157db
_cgraph.pdf Graphic file (type pdf)
<squirrel3__squirrel__sqapiByOpenAI_8cpp_a7a2b220f80c89e982781f5ebc1a157db_cgra
ph.pdf>
[32]
LaTeX Font Info:    Kanji font shape `JY1/gt/m/it' undefined
(Font)              No change on input line 1609.
LaTeX Font Info:    Kanji font shape `JY1/gt/m/it' undefined
(Font)              No change on input line 1609.
LaTeX Font Info:    Kanji font shape `JY1/gt/m/it' undefined
(Font)              No change on input line 1.
LaTeX Font Info:    Kanji font shape `JY1/gt/m/it' undefined
(Font)              No change on input line 3.
LaTeX Font Info:    Kanji font shape `JY1/gt/m/it' undefined
(Font)              No change on input line 1639.
LaTeX Font Info:    Kanji font shape `JY1/gt/m/it' undefined
(Font)              No change on input line 1639.
LaTeX Font Info:    Kanji font shape `JY1/gt/m/it' undefined
(Font)              No change on input line 1.
LaTeX Font Info:    Kanji font shape `JY1/gt/m/it' undefined
(Font)              No change on input line 3.
LaTeX Font Info:    Kanji font shape `JY1/gt/m/it' undefined
(Font)              No change on input line 1669.
LaTeX Font Info:    Kanji font shape `JY1/gt/m/it' undefined
(Font)              No change on input line 1669.
 [33]
LaTeX Font Info:    Kanji font shape `JY1/gt/m/it' undefined
(Font)              No change on input line 1.
LaTeX Font Info:    Kanji font shape `JY1/gt/m/it' undefined
(Font)              No change on input line 3.
LaTeX Font Info:    Kanji font shape `JY1/gt/m/it' undefined
(Font)              No change on input line 1.
LaTeX Font Info:    Kanji font shape `JY1/gt/m/it' undefined
(Font)              No change on input line 3.
LaTeX Font Info:    Kanji font shape `JY1/gt/m/it' undefined
(Font)              No change on input line 1711.
LaTeX Font Info:    Kanji font shape `JY1/gt/m/it' undefined
(Font)              No change on input line 1711.
LaTeX Font Info:    Kanji font shape `JY1/gt/m/it' undefined
(Font)              No change on input line 1.
LaTeX Font Info:    Kanji font shape `JY1/gt/m/it' undefined
(Font)              No change on input line 3.
LaTeX Font Info:    Kanji font shape `JY1/gt/m/it' undefined
(Font)              No change on input line 1.
LaTeX Font Info:    Kanji font shape `JY1/gt/m/it' undefined
(Font)              No change on input line 3.
 [34]
File: squirrel3__squirrel__sqapiByOpenAI_8cpp_af8bfea10d6163ea947c695ac4dff6f0a
_cgraph.pdf Graphic file (type pdf)
<squirrel3__squirrel__sqapiByOpenAI_8cpp_af8bfea10d6163ea947c695ac4dff6f0a_cgra
ph.pdf>
LaTeX Font Info:    Kanji font shape `JY1/gt/m/it' undefined
(Font)              No change on input line 1775.
LaTeX Font Info:    Kanji font shape `JY1/gt/m/it' undefined
(Font)              No change on input line 1775.
LaTeX Font Info:    Kanji font shape `JY1/gt/m/it' undefined
(Font)              No change on input line 1.
LaTeX Font Info:    Kanji font shape `JY1/gt/m/it' undefined
(Font)              No change on input line 3.
LaTeX Font Info:    Kanji font shape `JY1/gt/m/it' undefined
(Font)              No change on input line 1.


Package longtable Warning: Column widths have changed
(longtable)                in table 4.50 on input line 1794.

[35]
LaTeX Font Info:    Kanji font shape `JY1/gt/m/it' undefined
(Font)              No change on input line 1820.
LaTeX Font Info:    Kanji font shape `JY1/gt/m/it' undefined
(Font)              No change on input line 1820.
LaTeX Font Info:    Kanji font shape `JY1/gt/m/it' undefined
(Font)              No change on input line 1820.
LaTeX Font Info:    Kanji font shape `JY1/gt/m/it' undefined
(Font)              No change on input line 1.
LaTeX Font Info:    Kanji font shape `JY1/gt/m/it' undefined
(Font)              No change on input line 3.
LaTeX Font Info:    Kanji font shape `JY1/gt/m/it' undefined
(Font)              No change on input line 5.


Package longtable Warning: Column widths have changed
(longtable)                in table 4.51 on input line 1836.

LaTeX Font Info:    Kanji font shape `JY1/gt/m/it' undefined
(Font)              No change on input line 1.
LaTeX Font Info:    Kanji font shape `JY1/gt/m/it' undefined
(Font)              No change on input line 3.
LaTeX Font Info:    Kanji font shape `JY1/gt/m/it' undefined
(Font)              No change on input line 1864.
LaTeX Font Info:    Kanji font shape `JY1/gt/m/it' undefined
(Font)              No change on input line 1864.
LaTeX Font Info:    Kanji font shape `JY1/gt/m/it' undefined
(Font)              No change on input line 1864.
LaTeX Font Info:    Kanji font shape `JY1/gt/m/it' undefined
(Font)              No change on input line 1.
LaTeX Font Info:    Kanji font shape `JY1/gt/m/it' undefined
(Font)              No change on input line 3.
LaTeX Font Info:    Kanji font shape `JY1/gt/m/it' undefined
(Font)              No change on input line 5.

Overfull \vbox (35.65701pt too high) has occurred while \output is active []


[36]
LaTeX Font Info:    Kanji font shape `JY1/gt/m/it' undefined
(Font)              No change on input line 1.
LaTeX Font Info:    Kanji font shape `JY1/gt/m/it' undefined
(Font)              No change on input line 3.
File: squirrel3__squirrel__sqapiByOpenAI_8cpp_a72b4c8f516e2d9cf5e65bc86182a3067
_cgraph.pdf Graphic file (type pdf)
<squirrel3__squirrel__sqapiByOpenAI_8cpp_a72b4c8f516e2d9cf5e65bc86182a3067_cgra
ph.pdf>
LaTeX Font Info:    Kanji font shape `JY1/gt/m/it' undefined
(Font)              No change on input line 1921.
LaTeX Font Info:    Kanji font shape `JY1/gt/m/it' undefined
(Font)              No change on input line 1.
LaTeX Font Info:    Kanji font shape `JY1/gt/m/it' undefined
(Font)              No change on input line 1.
LaTeX Font Info:    Kanji font shape `JY1/gt/m/it' undefined
(Font)              No change on input line 3.
 [37]
File: squirrel3__squirrel__sqapiByOpenAI_8cpp_a6fabb41fe194c01846b53c83a903e60b
_cgraph.pdf Graphic file (type pdf)
<squirrel3__squirrel__sqapiByOpenAI_8cpp_a6fabb41fe194c01846b53c83a903e60b_cgra
ph.pdf>
LaTeX Font Info:    Kanji font shape `JY1/gt/m/it' undefined
(Font)              No change on input line 1973.
LaTeX Font Info:    Kanji font shape `JY1/gt/m/it' undefined
(Font)              No change on input line 1973.
LaTeX Font Info:    Kanji font shape `JY1/gt/m/it' undefined
(Font)              No change on input line 1.
LaTeX Font Info:    Kanji font shape `JY1/gt/m/it' undefined
(Font)              No change on input line 3.
LaTeX Font Info:    Kanji font shape `JY1/gt/m/it' undefined
(Font)              No change on input line 1.


Package longtable Warning: Column widths have changed
(longtable)                in table 4.58 on input line 1992.

LaTeX Font Info:    Kanji font shape `JY1/gt/m/it' undefined
(Font)              No change on input line 2015.
LaTeX Font Info:    Kanji font shape `JY1/gt/m/it' undefined
(Font)              No change on input line 2015.
LaTeX Font Info:    Kanji font shape `JY1/gt/m/it' undefined
(Font)              No change on input line 2015.
LaTeX Font Info:    Kanji font shape `JY1/gt/m/it' undefined
(Font)              No change on input line 2015.
[38]
LaTeX Font Info:    Kanji font shape `JY1/gt/m/it' undefined
(Font)              No change on input line 1.
LaTeX Font Info:    Kanji font shape `JY1/gt/m/it' undefined
(Font)              No change on input line 3.
LaTeX Font Info:    Kanji font shape `JY1/gt/m/it' undefined
(Font)              No change on input line 5.
LaTeX Font Info:    Kanji font shape `JY1/gt/m/it' undefined
(Font)              No change on input line 7.
LaTeX Font Info:    Kanji font shape `JY1/gt/m/it' undefined
(Font)              No change on input line 1.
LaTeX Font Info:    Kanji font shape `JY1/gt/m/it' undefined
(Font)              No change on input line 3.
File: squirrel3__squirrel__sqapiByOpenAI_8cpp_a2e4135d0a606bca6deaab46b65cff9e5
_cgraph.pdf Graphic file (type pdf)
<squirrel3__squirrel__sqapiByOpenAI_8cpp_a2e4135d0a606bca6deaab46b65cff9e5_cgra
ph.pdf>
LaTeX Font Info:    Kanji font shape `JY1/gt/m/it' undefined
(Font)              No change on input line 2088.
LaTeX Font Info:    Kanji font shape `JY1/gt/m/it' undefined
(Font)              No change on input line 2088.
LaTeX Font Info:    Kanji font shape `JY1/gt/m/it' undefined
(Font)              No change on input line 1.
LaTeX Font Info:    Kanji font shape `JY1/gt/m/it' undefined
(Font)              No change on input line 3.
 [39]
LaTeX Font Info:    Kanji font shape `JY1/gt/m/it' undefined
(Font)              No change on input line 1.
LaTeX Font Info:    Kanji font shape `JY1/gt/m/it' undefined
(Font)              No change on input line 3.
File: squirrel3__squirrel__sqapiByOpenAI_8cpp_aadeaeec13a56032d1e8b99b792b8c24b
_cgraph.pdf Graphic file (type pdf)
<squirrel3__squirrel__sqapiByOpenAI_8cpp_aadeaeec13a56032d1e8b99b792b8c24b_cgra
ph.pdf>
LaTeX Font Info:    Kanji font shape `JY1/gt/m/it' undefined
(Font)              No change on input line 2148.
LaTeX Font Info:    Kanji font shape `JY1/gt/m/it' undefined
(Font)              No change on input line 2148.
LaTeX Font Info:    Kanji font shape `JY1/gt/m/it' undefined
(Font)              No change on input line 1.
LaTeX Font Info:    Kanji font shape `JY1/gt/m/it' undefined
(Font)              No change on input line 3.
LaTeX Font Info:    Kanji font shape `JY1/gt/m/it' undefined
(Font)              No change on input line 1.
LaTeX Font Info:    Kanji font shape `JY1/gt/m/it' undefined
(Font)              No change on input line 3.
 [40]
File: squirrel3__squirrel__sqapiByOpenAI_8cpp_a689ce1accfb40d21a52b4f14ba171c81
_cgraph.pdf Graphic file (type pdf)
<squirrel3__squirrel__sqapiByOpenAI_8cpp_a689ce1accfb40d21a52b4f14ba171c81_cgra
ph.pdf>
LaTeX Font Info:    Kanji font shape `JY1/gt/m/it' undefined
(Font)              No change on input line 2200.
LaTeX Font Info:    Kanji font shape `JY1/gt/m/it' undefined
(Font)              No change on input line 2200.
LaTeX Font Info:    Kanji font shape `JY1/gt/m/it' undefined
(Font)              No change on input line 1.
LaTeX Font Info:    Kanji font shape `JY1/gt/m/it' undefined
(Font)              No change on input line 3.
LaTeX Font Info:    Kanji font shape `JY1/gt/m/it' undefined
(Font)              No change on input line 1.
LaTeX Font Info:    Kanji font shape `JY1/gt/m/it' undefined
(Font)              No change on input line 3.
 [41]
File: squirrel3__squirrel__sqapiByOpenAI_8cpp_a331bbd911bab3fcd2b3dcb7c2a6a5e76
_cgraph.pdf Graphic file (type pdf)
<squirrel3__squirrel__sqapiByOpenAI_8cpp_a331bbd911bab3fcd2b3dcb7c2a6a5e76_cgra
ph.pdf>
LaTeX Font Info:    Kanji font shape `JY1/gt/m/it' undefined
(Font)              No change on input line 2263.
LaTeX Font Info:    Kanji font shape `JY1/gt/m/it' undefined
(Font)              No change on input line 2263.
LaTeX Font Info:    Kanji font shape `JY1/gt/m/it' undefined
(Font)              No change on input line 1.
LaTeX Font Info:    Kanji font shape `JY1/gt/m/it' undefined
(Font)              No change on input line 3.
LaTeX Font Info:    Kanji font shape `JY1/gt/m/it' undefined
(Font)              No change on input line 1.
LaTeX Font Info:    Kanji font shape `JY1/gt/m/it' undefined
(Font)              No change on input line 3.
 [42]
File: squirrel3__squirrel__sqapiByOpenAI_8cpp_a7c123714a35f931470c776a4ed8cbc4e
_cgraph.pdf Graphic file (type pdf)
<squirrel3__squirrel__sqapiByOpenAI_8cpp_a7c123714a35f931470c776a4ed8cbc4e_cgra
ph.pdf>
LaTeX Font Info:    Kanji font shape `JY1/gt/m/it' undefined
(Font)              No change on input line 2325.
LaTeX Font Info:    Kanji font shape `JY1/gt/m/it' undefined
(Font)              No change on input line 1.

Underfull \hbox (badness 10000) detected at line 2338
[][][]
 []

LaTeX Font Info:    Kanji font shape `JY1/gt/m/it' undefined
(Font)              No change on input line 2356.
LaTeX Font Info:    Kanji font shape `JY1/gt/m/it' undefined
(Font)              No change on input line 2356.
LaTeX Font Info:    Kanji font shape `JY1/gt/m/it' undefined
(Font)              No change on input line 2356.
LaTeX Font Info:    Kanji font shape `JY1/gt/m/it' undefined
(Font)              No change on input line 1.
LaTeX Font Info:    Kanji font shape `JY1/gt/m/it' undefined
(Font)              No change on input line 3.
LaTeX Font Info:    Kanji font shape `JY1/gt/m/it' undefined
(Font)              No change on input line 5.
[43]

Package longtable Warning: Column widths have changed
(longtable)                in table 4.70 on input line 2372.

LaTeX Font Info:    Kanji font shape `JY1/gt/m/it' undefined
(Font)              No change on input line 1.
LaTeX Font Info:    Kanji font shape `JY1/gt/m/it' undefined
(Font)              No change on input line 3.
LaTeX Font Info:    Kanji font shape `JY1/gt/m/it' undefined
(Font)              No change on input line 2400.
LaTeX Font Info:    Kanji font shape `JY1/gt/m/it' undefined
(Font)              No change on input line 1.

Underfull \hbox (badness 10000) detected at line 2413
[][][]
 []

LaTeX Font Info:    Kanji font shape `JY1/gt/m/it' undefined
(Font)              No change on input line 2431.
LaTeX Font Info:    Kanji font shape `JY1/gt/m/it' undefined
(Font)              No change on input line 2431.
LaTeX Font Info:    Kanji font shape `JY1/gt/m/it' undefined
(Font)              No change on input line 2431.
LaTeX Font Info:    Kanji font shape `JY1/gt/m/it' undefined
(Font)              No change on input line 1.
LaTeX Font Info:    Kanji font shape `JY1/gt/m/it' undefined
(Font)              No change on input line 3.
LaTeX Font Info:    Kanji font shape `JY1/gt/m/it' undefined
(Font)              No change on input line 5.
[44]
Underfull \hbox (badness 10000) detected at line 2448
[][][]
 []

LaTeX Font Info:    Kanji font shape `JY1/gt/m/it' undefined
(Font)              No change on input line 2490.
LaTeX Font Info:    Kanji font shape `JY1/gt/m/it' undefined
(Font)              No change on input line 2490.
LaTeX Font Info:    Kanji font shape `JY1/gt/m/it' undefined
(Font)              No change on input line 1.
LaTeX Font Info:    Kanji font shape `JY1/gt/m/it' undefined
(Font)              No change on input line 3.

Underfull \hbox (badness 10000) detected at line 2505
[][][]
 []

[45]
LaTeX Font Info:    Kanji font shape `JY1/gt/m/it' undefined
(Font)              No change on input line 2524.
LaTeX Font Info:    Kanji font shape `JY1/gt/m/it' undefined
(Font)              No change on input line 2524.
LaTeX Font Info:    Kanji font shape `JY1/gt/m/it' undefined
(Font)              No change on input line 2524.
LaTeX Font Info:    Kanji font shape `JY1/gt/m/it' undefined
(Font)              No change on input line 2524.
LaTeX Font Info:    Kanji font shape `JY1/gt/m/it' undefined
(Font)              No change on input line 2524.
LaTeX Font Info:    Kanji font shape `JY1/gt/m/it' undefined
(Font)              No change on input line 1.
LaTeX Font Info:    Kanji font shape `JY1/gt/m/it' undefined
(Font)              No change on input line 3.
LaTeX Font Info:    Kanji font shape `JY1/gt/m/it' undefined
(Font)              No change on input line 5.
LaTeX Font Info:    Kanji font shape `JY1/gt/m/it' undefined
(Font)              No change on input line 7.
LaTeX Font Info:    Kanji font shape `JY1/gt/m/it' undefined
(Font)              No change on input line 9.
LaTeX Font Info:    Kanji font shape `JY1/gt/m/it' undefined
(Font)              No change on input line 1.
LaTeX Font Info:    Kanji font shape `JY1/gt/m/it' undefined
(Font)              No change on input line 3.


Package longtable Warning: Column widths have changed
(longtable)                in table 4.76 on input line 2551.

File: squirrel3__squirrel__sqapiByOpenAI_8cpp_a15663da643754e55270c67fdd0a88d1d
_cgraph.pdf Graphic file (type pdf)
<squirrel3__squirrel__sqapiByOpenAI_8cpp_a15663da643754e55270c67fdd0a88d1d_cgra
ph.pdf>
[46]
LaTeX Font Info:    Kanji font shape `JY1/gt/m/it' undefined
(Font)              No change on input line 2591.
LaTeX Font Info:    Kanji font shape `JY1/gt/m/it' undefined
(Font)              No change on input line 2591.
LaTeX Font Info:    Kanji font shape `JY1/gt/m/it' undefined
(Font)              No change on input line 2591.
LaTeX Font Info:    Kanji font shape `JY1/gt/m/it' undefined
(Font)              No change on input line 1.
LaTeX Font Info:    Kanji font shape `JY1/gt/m/it' undefined
(Font)              No change on input line 3.
LaTeX Font Info:    Kanji font shape `JY1/gt/m/it' undefined
(Font)              No change on input line 5.


Package longtable Warning: Column widths have changed
(longtable)                in table 4.77 on input line 2607.

LaTeX Font Info:    Kanji font shape `JY1/gt/m/it' undefined
(Font)              No change on input line 1.
LaTeX Font Info:    Kanji font shape `JY1/gt/m/it' undefined
(Font)              No change on input line 3.
LaTeX Font Info:    Kanji font shape `JY1/gt/m/it' undefined
(Font)              No change on input line 2639.
LaTeX Font Info:    Kanji font shape `JY1/gt/m/it' undefined
(Font)              No change on input line 1.
[47]
LaTeX Font Info:    Kanji font shape `JY1/gt/m/it' undefined
(Font)              No change on input line 2667.
LaTeX Font Info:    Kanji font shape `JY1/gt/m/it' undefined
(Font)              No change on input line 2667.
LaTeX Font Info:    Kanji font shape `JY1/gt/m/it' undefined
(Font)              No change on input line 2667.
LaTeX Font Info:    Kanji font shape `JY1/gt/m/it' undefined
(Font)              No change on input line 1.
LaTeX Font Info:    Kanji font shape `JY1/gt/m/it' undefined
(Font)              No change on input line 3.
LaTeX Font Info:    Kanji font shape `JY1/gt/m/it' undefined
(Font)              No change on input line 5.

Underfull \hbox (badness 10000) detected at line 2684
[][][]
 []

LaTeX Font Info:    Kanji font shape `JY1/gt/m/it' undefined
(Font)              No change on input line 2722.
LaTeX Font Info:    Kanji font shape `JY1/gt/m/it' undefined
(Font)              No change on input line 2722.
LaTeX Font Info:    Kanji font shape `JY1/gt/m/it' undefined
(Font)              No change on input line 2722.
[48]
LaTeX Font Info:    Kanji font shape `JY1/gt/m/it' undefined
(Font)              No change on input line 1.
LaTeX Font Info:    Kanji font shape `JY1/gt/m/it' undefined
(Font)              No change on input line 3.
LaTeX Font Info:    Kanji font shape `JY1/gt/m/it' undefined
(Font)              No change on input line 5.


Package longtable Warning: Column widths have changed
(longtable)                in table 4.81 on input line 2738.

LaTeX Font Info:    Kanji font shape `JY1/gt/m/it' undefined
(Font)              No change on input line 1.
LaTeX Font Info:    Kanji font shape `JY1/gt/m/it' undefined
(Font)              No change on input line 3.
File: squirrel3__squirrel__sqapiByOpenAI_8cpp_aa81e583c4f6843066b5de9731309e816
_cgraph.pdf Graphic file (type pdf)
<squirrel3__squirrel__sqapiByOpenAI_8cpp_aa81e583c4f6843066b5de9731309e816_cgra
ph.pdf>
LaTeX Font Info:    Kanji font shape `JY1/gt/m/it' undefined
(Font)              No change on input line 2784.
LaTeX Font Info:    Kanji font shape `JY1/gt/m/it' undefined
(Font)              No change on input line 2784.
[49]
LaTeX Font Info:    Kanji font shape `JY1/gt/m/it' undefined
(Font)              No change on input line 1.
LaTeX Font Info:    Kanji font shape `JY1/gt/m/it' undefined
(Font)              No change on input line 3.


Package longtable Warning: Column widths have changed
(longtable)                in table 4.83 on input line 2798.

LaTeX Font Info:    Kanji font shape `JY1/gt/m/it' undefined
(Font)              No change on input line 1.
LaTeX Font Info:    Kanji font shape `JY1/gt/m/it' undefined
(Font)              No change on input line 3.
File: squirrel3__squirrel__sqapiByOpenAI_8cpp_a664c0b45a611c71ed7d65828ef462218
_icgraph.pdf Graphic file (type pdf)
<squirrel3__squirrel__sqapiByOpenAI_8cpp_a664c0b45a611c71ed7d65828ef462218_icgr
aph.pdf>
LaTeX Font Info:    Kanji font shape `JY1/gt/m/it' undefined
(Font)              No change on input line 2839.
LaTeX Font Info:    Kanji font shape `JY1/gt/m/it' undefined
(Font)              No change on input line 1.
[50]
Underfull \hbox (badness 10000) detected at line 2852
[][][]
 []

LaTeX Font Info:    Kanji font shape `JY1/gt/m/it' undefined
(Font)              No change on input line 2870.
LaTeX Font Info:    Kanji font shape `JY1/gt/m/it' undefined
(Font)              No change on input line 2870.
LaTeX Font Info:    Kanji font shape `JY1/gt/m/it' undefined
(Font)              No change on input line 1.
LaTeX Font Info:    Kanji font shape `JY1/gt/m/it' undefined
(Font)              No change on input line 3.

Underfull \hbox (badness 10000) detected at line 2887
[][][]
 []

LaTeX Font Info:    Kanji font shape `JY1/gt/m/it' undefined
(Font)              No change on input line 2910.
LaTeX Font Info:    Kanji font shape `JY1/gt/m/it' undefined
(Font)              No change on input line 2910.
LaTeX Font Info:    Kanji font shape `JY1/gt/m/it' undefined
(Font)              No change on input line 1.
LaTeX Font Info:    Kanji font shape `JY1/gt/m/it' undefined
(Font)              No change on input line 3.

Overfull \vbox (11.01468pt too high) has occurred while \output is active []


[51]
Underfull \hbox (badness 10000) detected at line 2925
[][][]
 []

LaTeX Font Info:    Kanji font shape `JY1/gt/m/it' undefined
(Font)              No change on input line 2949.
LaTeX Font Info:    Kanji font shape `JY1/gt/m/it' undefined
(Font)              No change on input line 2949.
LaTeX Font Info:    Kanji font shape `JY1/gt/m/it' undefined
(Font)              No change on input line 1.
LaTeX Font Info:    Kanji font shape `JY1/gt/m/it' undefined
(Font)              No change on input line 3.

Underfull \hbox (badness 10000) detected at line 2964
[][][]
 []

LaTeX Font Info:    Kanji font shape `JY1/gt/m/it' undefined
(Font)              No change on input line 2982.
LaTeX Font Info:    Kanji font shape `JY1/gt/m/it' undefined
(Font)              No change on input line 1.
[52]
Underfull \hbox (badness 10000) detected at line 2995
[][][]
 []

LaTeX Font Info:    Kanji font shape `JY1/gt/m/it' undefined
(Font)              No change on input line 3013.
LaTeX Font Info:    Kanji font shape `JY1/gt/m/it' undefined
(Font)              No change on input line 1.

Underfull \hbox (badness 10000) detected at line 3026
[][][]
 []

LaTeX Font Info:    Kanji font shape `JY1/gt/m/it' undefined
(Font)              No change on input line 3044.
LaTeX Font Info:    Kanji font shape `JY1/gt/m/it' undefined
(Font)              No change on input line 3044.
LaTeX Font Info:    Kanji font shape `JY1/gt/m/it' undefined
(Font)              No change on input line 1.
LaTeX Font Info:    Kanji font shape `JY1/gt/m/it' undefined
(Font)              No change on input line 3.

Underfull \hbox (badness 10000) detected at line 3059
[][][]
 []

[53]
File: squirrel3__squirrel__sqapiByOpenAI_8cpp_a57ada0f26d198b6aa218d632e8a00a88
_cgraph.pdf Graphic file (type pdf)
<squirrel3__squirrel__sqapiByOpenAI_8cpp_a57ada0f26d198b6aa218d632e8a00a88_cgra
ph.pdf>
LaTeX Font Info:    Kanji font shape `JY1/gt/m/it' undefined
(Font)              No change on input line 3100.
LaTeX Font Info:    Kanji font shape `JY1/gt/m/it' undefined
(Font)              No change on input line 3100.
LaTeX Font Info:    Kanji font shape `JY1/gt/m/it' undefined
(Font)              No change on input line 3100.
LaTeX Font Info:    Kanji font shape `JY1/gt/m/it' undefined
(Font)              No change on input line 1.
LaTeX Font Info:    Kanji font shape `JY1/gt/m/it' undefined
(Font)              No change on input line 3.
LaTeX Font Info:    Kanji font shape `JY1/gt/m/it' undefined
(Font)              No change on input line 5.


Package longtable Warning: Column widths have changed
(longtable)                in table 4.92 on input line 3116.

LaTeX Font Info:    Kanji font shape `JY1/gt/m/it' undefined
(Font)              No change on input line 1.

Package longtable Warning: Column widths have changed
(longtable)                in table 4.93 on input line 3121.

LaTeX Font Info:    Kanji font shape `JY1/gt/m/it' undefined
(Font)              No change on input line 3138.
LaTeX Font Info:    Kanji font shape `JY1/gt/m/it' undefined
(Font)              No change on input line 3138.
LaTeX Font Info:    Kanji font shape `JY1/gt/m/it' undefined
(Font)              No change on input line 3138.
[54]
LaTeX Font Info:    Kanji font shape `JY1/gt/m/it' undefined
(Font)              No change on input line 1.
LaTeX Font Info:    Kanji font shape `JY1/gt/m/it' undefined
(Font)              No change on input line 3.
LaTeX Font Info:    Kanji font shape `JY1/gt/m/it' undefined
(Font)              No change on input line 5.


Package longtable Warning: Column widths have changed
(longtable)                in table 4.94 on input line 3154.

LaTeX Font Info:    Kanji font shape `JY1/gt/m/it' undefined
(Font)              No change on input line 1.

Package longtable Warning: Column widths have changed
(longtable)                in table 4.95 on input line 3159.

LaTeX Font Info:    Kanji font shape `JY1/gt/m/it' undefined
(Font)              No change on input line 3182.
LaTeX Font Info:    Kanji font shape `JY1/gt/m/it' undefined
(Font)              No change on input line 3182.
LaTeX Font Info:    Kanji font shape `JY1/gt/m/it' undefined
(Font)              No change on input line 3182.
LaTeX Font Info:    Kanji font shape `JY1/gt/m/it' undefined
(Font)              No change on input line 3182.
LaTeX Font Info:    Kanji font shape `JY1/gt/m/it' undefined
(Font)              No change on input line 1.
LaTeX Font Info:    Kanji font shape `JY1/gt/m/it' undefined
(Font)              No change on input line 3.
LaTeX Font Info:    Kanji font shape `JY1/gt/m/it' undefined
(Font)              No change on input line 5.
LaTeX Font Info:    Kanji font shape `JY1/gt/m/it' undefined
(Font)              No change on input line 7.

Package longtable Warning: Column widths have changed
(longtable)                in table 4.96 on input line 3200.

LaTeX Font Info:    Kanji font shape `JY1/gt/m/it' undefined
(Font)              No change on input line 1.

Package longtable Warning: Column widths have changed
(longtable)                in table 4.97 on input line 3205.

[55]
LaTeX Font Info:    Kanji font shape `JY1/gt/m/it' undefined
(Font)              No change on input line 3229.
LaTeX Font Info:    Kanji font shape `JY1/gt/m/it' undefined
(Font)              No change on input line 3229.
LaTeX Font Info:    Kanji font shape `JY1/gt/m/it' undefined
(Font)              No change on input line 3229.
LaTeX Font Info:    Kanji font shape `JY1/gt/m/it' undefined
(Font)              No change on input line 1.
LaTeX Font Info:    Kanji font shape `JY1/gt/m/it' undefined
(Font)              No change on input line 3.
LaTeX Font Info:    Kanji font shape `JY1/gt/m/it' undefined
(Font)              No change on input line 5.


Package longtable Warning: Column widths have changed
(longtable)                in table 4.98 on input line 3245.

LaTeX Font Info:    Kanji font shape `JY1/gt/m/it' undefined
(Font)              No change on input line 1.

Package longtable Warning: Column widths have changed
(longtable)                in table 4.99 on input line 3250.

LaTeX Font Info:    Kanji font shape `JY1/gt/m/it' undefined
(Font)              No change on input line 3273.
LaTeX Font Info:    Kanji font shape `JY1/gt/m/it' undefined
(Font)              No change on input line 1.
[56]
Underfull \hbox (badness 10000) detected at line 3286
[][][]
 []

File: squirrel3__squirrel__sqapiByOpenAI_8cpp_a8290700bf12bf4c449d4c593f1e06c9d
_icgraph.pdf Graphic file (type pdf)
<squirrel3__squirrel__sqapiByOpenAI_8cpp_a8290700bf12bf4c449d4c593f1e06c9d_icgr
aph.pdf>
LaTeX Font Info:    Kanji font shape `JY1/gt/m/it' undefined
(Font)              No change on input line 3316.
LaTeX Font Info:    Kanji font shape `JY1/gt/m/it' undefined
(Font)              No change on input line 3316.
LaTeX Font Info:    Kanji font shape `JY1/gt/m/it' undefined
(Font)              No change on input line 1.
LaTeX Font Info:    Kanji font shape `JY1/gt/m/it' undefined
(Font)              No change on input line 3.

Underfull \hbox (badness 10000) detected at line 3331
[][][]
 []

LaTeX Font Info:    Kanji font shape `JY1/gt/m/it' undefined
(Font)              No change on input line 3349.
LaTeX Font Info:    Kanji font shape `JY1/gt/m/it' undefined
(Font)              No change on input line 3349.
LaTeX Font Info:    Kanji font shape `JY1/gt/m/it' undefined
(Font)              No change on input line 3349.
[57]
LaTeX Font Info:    Kanji font shape `JY1/gt/m/it' undefined
(Font)              No change on input line 1.
LaTeX Font Info:    Kanji font shape `JY1/gt/m/it' undefined
(Font)              No change on input line 3.
LaTeX Font Info:    Kanji font shape `JY1/gt/m/it' undefined
(Font)              No change on input line 5.


Package longtable Warning: Column widths have changed
(longtable)                in table 4.102 on input line 3365.

LaTeX Font Info:    Kanji font shape `JY1/gt/m/it' undefined
(Font)              No change on input line 1.
LaTeX Font Info:    Kanji font shape `JY1/gt/m/it' undefined
(Font)              No change on input line 3.
File: squirrel3__squirrel__sqapiByOpenAI_8cpp_add31b8e927145e798aeb69425b1864b6
_cgraph.pdf Graphic file (type pdf)
<squirrel3__squirrel__sqapiByOpenAI_8cpp_add31b8e927145e798aeb69425b1864b6_cgra
ph.pdf>
LaTeX Font Info:    Kanji font shape `JY1/gt/m/it' undefined
(Font)              No change on input line 3403.
LaTeX Font Info:    Kanji font shape `JY1/gt/m/it' undefined
(Font)              No change on input line 3403.
LaTeX Font Info:    Kanji font shape `JY1/gt/m/it' undefined
(Font)              No change on input line 3403.
LaTeX Font Info:    Kanji font shape `JY1/gt/m/it' undefined
(Font)              No change on input line 3403.
LaTeX Font Info:    Kanji font shape `JY1/gt/m/it' undefined
(Font)              No change on input line 1.
LaTeX Font Info:    Kanji font shape `JY1/gt/m/it' undefined
(Font)              No change on input line 3.
LaTeX Font Info:    Kanji font shape `JY1/gt/m/it' undefined
(Font)              No change on input line 5.
LaTeX Font Info:    Kanji font shape `JY1/gt/m/it' undefined
(Font)              No change on input line 7.
[58] [59]

Package longtable Warning: Column widths have changed
(longtable)                in table 4.104 on input line 3421.

LaTeX Font Info:    Kanji font shape `JY1/gt/m/it' undefined
(Font)              No change on input line 1.

Package longtable Warning: Column widths have changed
(longtable)                in table 4.105 on input line 3426.

LaTeX Font Info:    Kanji font shape `JY1/gt/m/it' undefined
(Font)              No change on input line 3450.
LaTeX Font Info:    Kanji font shape `JY1/gt/m/it' undefined
(Font)              No change on input line 3450.
LaTeX Font Info:    Kanji font shape `JY1/gt/m/it' undefined
(Font)              No change on input line 3450.
LaTeX Font Info:    Kanji font shape `JY1/gt/m/it' undefined
(Font)              No change on input line 1.
LaTeX Font Info:    Kanji font shape `JY1/gt/m/it' undefined
(Font)              No change on input line 3.
LaTeX Font Info:    Kanji font shape `JY1/gt/m/it' undefined
(Font)              No change on input line 5.

Package longtable Warning: Column widths have changed
(longtable)                in table 4.106 on input line 3466.

LaTeX Font Info:    Kanji font shape `JY1/gt/m/it' undefined
(Font)              No change on input line 1.

Package longtable Warning: Column widths have changed
(longtable)                in table 4.107 on input line 3471.

[60]
Underfull \hbox (badness 10000) detected at line 3502
[][][]
 []

LaTeX Font Info:    Kanji font shape `JY1/gt/m/it' undefined
(Font)              No change on input line 3520.
LaTeX Font Info:    Font shape `T1/pcr/m/it' in size <7> not available
(Font)              Font shape `T1/pcr/m/sl' tried instead on input line 3520.
LaTeX Font Info:    Kanji font shape `JY1/gt/m/it' undefined
(Font)              No change on input line 3520.
LaTeX Font Info:    Kanji font shape `JY1/gt/m/it' undefined
(Font)              No change on input line 1.
LaTeX Font Info:    Kanji font shape `JY1/gt/m/it' undefined
(Font)              No change on input line 3.

Underfull \hbox (badness 10000) detected at line 3535
[][][]
 []

LaTeX Font Info:    Kanji font shape `JY1/gt/m/it' undefined
(Font)              No change on input line 3554.
LaTeX Font Info:    Kanji font shape `JY1/gt/m/it' undefined
(Font)              No change on input line 1.
[61]
Underfull \hbox (badness 10000) detected at line 3567
[][][]
 []

LaTeX Font Info:    Kanji font shape `JY1/gt/m/it' undefined
(Font)              No change on input line 3585.
LaTeX Font Info:    Kanji font shape `JY1/gt/m/it' undefined
(Font)              No change on input line 1.

Underfull \hbox (badness 10000) detected at line 3605
[][][]
 []

LaTeX Font Info:    Kanji font shape `JY1/gt/m/it' undefined
(Font)              No change on input line 3628.
LaTeX Font Info:    Kanji font shape `JY1/gt/m/it' undefined
(Font)              No change on input line 3628.
LaTeX Font Info:    Kanji font shape `JY1/gt/m/it' undefined
(Font)              No change on input line 1.
LaTeX Font Info:    Kanji font shape `JY1/gt/m/it' undefined
(Font)              No change on input line 3.
[62]
LaTeX Font Info:    Kanji font shape `JY1/gt/m/it' undefined
(Font)              No change on input line 1.
LaTeX Font Info:    Kanji font shape `JY1/gt/m/it' undefined
(Font)              No change on input line 3.


Package longtable Warning: Column widths have changed
(longtable)                in table 4.112 on input line 3649.

File: squirrel3__squirrel__sqapiByOpenAI_8cpp_ae4a3986a7474daeeb7f7e05aab61c7d9
_cgraph.pdf Graphic file (type pdf)
<squirrel3__squirrel__sqapiByOpenAI_8cpp_ae4a3986a7474daeeb7f7e05aab61c7d9_cgra
ph.pdf>
LaTeX Font Info:    Kanji font shape `JY1/gt/m/it' undefined
(Font)              No change on input line 3682.
LaTeX Font Info:    Kanji font shape `JY1/gt/m/it' undefined
(Font)              No change on input line 1.
LaTeX Font Info:    Kanji font shape `JY1/gt/m/it' undefined
(Font)              No change on input line 1.
LaTeX Font Info:    Kanji font shape `JY1/gt/m/it' undefined
(Font)              No change on input line 3.
[63]
File: squirrel3__squirrel__sqapiByOpenAI_8cpp_a3b7bcfd9063f5847d8b259ae209d0406
_cgraph.pdf Graphic file (type pdf)
<squirrel3__squirrel__sqapiByOpenAI_8cpp_a3b7bcfd9063f5847d8b259ae209d0406_cgra
ph.pdf>
LaTeX Font Info:    Kanji font shape `JY1/gt/m/it' undefined
(Font)              No change on input line 3733.
LaTeX Font Info:    Kanji font shape `JY1/gt/m/it' undefined
(Font)              No change on input line 1.

Underfull \hbox (badness 10000) detected at line 3746
[][][]
 []

LaTeX Font Info:    Kanji font shape `JY1/gt/m/it' undefined
(Font)              No change on input line 3764.
LaTeX Font Info:    Kanji font shape `JY1/gt/m/it' undefined
(Font)              No change on input line 3764.
LaTeX Font Info:    Kanji font shape `JY1/gt/m/it' undefined
(Font)              No change on input line 3764.
[64]
LaTeX Font Info:    Kanji font shape `JY1/gt/m/it' undefined
(Font)              No change on input line 1.
LaTeX Font Info:    Kanji font shape `JY1/gt/m/it' undefined
(Font)              No change on input line 3.
LaTeX Font Info:    Kanji font shape `JY1/gt/m/it' undefined
(Font)              No change on input line 5.
LaTeX Font Info:    Kanji font shape `JY1/gt/m/it' undefined
(Font)              No change on input line 3796.
LaTeX Font Info:    Kanji font shape `JY1/gt/m/it' undefined
(Font)              No change on input line 3796.
LaTeX Font Info:    Kanji font shape `JY1/gt/m/it' undefined
(Font)              No change on input line 1.
LaTeX Font Info:    Kanji font shape `JY1/gt/m/it' undefined
(Font)              No change on input line 3.
LaTeX Font Info:    Kanji font shape `JY1/gt/m/it' undefined
(Font)              No change on input line 3826.
LaTeX Font Info:    Kanji font shape `JY1/gt/m/it' undefined
(Font)              No change on input line 3826.
LaTeX Font Info:    Kanji font shape `JY1/gt/m/it' undefined
(Font)              No change on input line 1.
LaTeX Font Info:    Kanji font shape `JY1/gt/m/it' undefined
(Font)              No change on input line 3.
 [65]
LaTeX Font Info:    Kanji font shape `JY1/gt/m/it' undefined
(Font)              No change on input line 1.
LaTeX Font Info:    Kanji font shape `JY1/gt/m/it' undefined
(Font)              No change on input line 3.
File: squirrel3__squirrel__sqapiByOpenAI_8cpp_a4608ab1d8c7bad624ec8ebd9edfe2240
_cgraph.pdf Graphic file (type pdf)
<squirrel3__squirrel__sqapiByOpenAI_8cpp_a4608ab1d8c7bad624ec8ebd9edfe2240_cgra
ph.pdf>
LaTeX Font Info:    Kanji font shape `JY1/gt/m/it' undefined
(Font)              No change on input line 3893.
LaTeX Font Info:    Kanji font shape `JY1/gt/m/it' undefined
(Font)              No change on input line 3893.
LaTeX Font Info:    Kanji font shape `JY1/gt/m/it' undefined
(Font)              No change on input line 3893.
LaTeX Font Info:    Kanji font shape `JY1/gt/m/it' undefined
(Font)              No change on input line 1.
LaTeX Font Info:    Kanji font shape `JY1/gt/m/it' undefined
(Font)              No change on input line 3.
LaTeX Font Info:    Kanji font shape `JY1/gt/m/it' undefined
(Font)              No change on input line 5.

Overfull \vbox (28.83377pt too high) has occurred while \output is active []


[66]
LaTeX Font Info:    Kanji font shape `JY1/gt/m/it' undefined
(Font)              No change on input line 3933.
LaTeX Font Info:    Kanji font shape `JY1/gt/m/it' undefined
(Font)              No change on input line 3933.
LaTeX Font Info:    Kanji font shape `JY1/gt/m/it' undefined
(Font)              No change on input line 3933.
LaTeX Font Info:    Kanji font shape `JY1/gt/m/it' undefined
(Font)              No change on input line 1.
LaTeX Font Info:    Kanji font shape `JY1/gt/m/it' undefined
(Font)              No change on input line 3.
LaTeX Font Info:    Kanji font shape `JY1/gt/m/it' undefined
(Font)              No change on input line 5.
LaTeX Font Info:    Kanji font shape `JY1/gt/m/it' undefined
(Font)              No change on input line 1.
LaTeX Font Info:    Kanji font shape `JY1/gt/m/it' undefined
(Font)              No change on input line 3.
File: squirrel3__squirrel__sqapiByOpenAI_8cpp_af38fb3dc08f6b7d2c4a52dc1016cf31d
_cgraph.pdf Graphic file (type pdf)
<squirrel3__squirrel__sqapiByOpenAI_8cpp_af38fb3dc08f6b7d2c4a52dc1016cf31d_cgra
ph.pdf>
 [67]
LaTeX Font Info:    Kanji font shape `JY1/gt/m/it' undefined
(Font)              No change on input line 3993.
LaTeX Font Info:    Kanji font shape `JY1/gt/m/it' undefined
(Font)              No change on input line 3993.
LaTeX Font Info:    Kanji font shape `JY1/gt/m/it' undefined
(Font)              No change on input line 3993.
LaTeX Font Info:    Kanji font shape `JY1/gt/m/it' undefined
(Font)              No change on input line 1.
LaTeX Font Info:    Kanji font shape `JY1/gt/m/it' undefined
(Font)              No change on input line 3.
LaTeX Font Info:    Kanji font shape `JY1/gt/m/it' undefined
(Font)              No change on input line 5.
LaTeX Font Info:    Kanji font shape `JY1/gt/m/it' undefined
(Font)              No change on input line 1.
LaTeX Font Info:    Kanji font shape `JY1/gt/m/it' undefined
(Font)              No change on input line 3.
File: squirrel3__squirrel__sqapiByOpenAI_8cpp_a0d0817c336d361675042c5d4d01d8ad3
_cgraph.pdf Graphic file (type pdf)
<squirrel3__squirrel__sqapiByOpenAI_8cpp_a0d0817c336d361675042c5d4d01d8ad3_cgra
ph.pdf>
LaTeX Font Info:    Kanji font shape `JY1/gt/m/it' undefined
(Font)              No change on input line 4052.
LaTeX Font Info:    Kanji font shape `JY1/gt/m/it' undefined
(Font)              No change on input line 1.
 [68]
LaTeX Font Info:    Kanji font shape `JY1/gt/m/it' undefined
(Font)              No change on input line 4080.
LaTeX Font Info:    Kanji font shape `JY1/gt/m/it' undefined
(Font)              No change on input line 4080.
LaTeX Font Info:    Kanji font shape `JY1/gt/m/it' undefined
(Font)              No change on input line 1.
LaTeX Font Info:    Kanji font shape `JY1/gt/m/it' undefined
(Font)              No change on input line 3.
LaTeX Font Info:    Kanji font shape `JY1/gt/m/it' undefined
(Font)              No change on input line 4110.
LaTeX Font Info:    Kanji font shape `JY1/gt/m/it' undefined
(Font)              No change on input line 4110.
LaTeX Font Info:    Kanji font shape `JY1/gt/m/it' undefined
(Font)              No change on input line 1.
LaTeX Font Info:    Kanji font shape `JY1/gt/m/it' undefined
(Font)              No change on input line 3.

Underfull \hbox (badness 10000) detected at line 4125
[][][]
 []

[69]
LaTeX Font Info:    Kanji font shape `JY1/gt/m/it' undefined
(Font)              No change on input line 4156.
LaTeX Font Info:    Kanji font shape `JY1/gt/m/it' undefined
(Font)              No change on input line 4156.
LaTeX Font Info:    Kanji font shape `JY1/gt/m/it' undefined
(Font)              No change on input line 1.
LaTeX Font Info:    Kanji font shape `JY1/gt/m/it' undefined
(Font)              No change on input line 3.

Underfull \hbox (badness 10000) detected at line 4171
[][][]
 []

LaTeX Font Info:    Kanji font shape `JY1/gt/m/it' undefined
(Font)              No change on input line 4191.
LaTeX Font Info:    Kanji font shape `JY1/gt/m/it' undefined
(Font)              No change on input line 4191.
LaTeX Font Info:    Kanji font shape `JY1/gt/m/it' undefined
(Font)              No change on input line 1.
LaTeX Font Info:    Kanji font shape `JY1/gt/m/it' undefined
(Font)              No change on input line 3.

Overfull \vbox (8.19745pt too high) has occurred while \output is active []


[70]
LaTeX Font Info:    Kanji font shape `JY1/gt/m/it' undefined
(Font)              No change on input line 1.
LaTeX Font Info:    Kanji font shape `JY1/gt/m/it' undefined
(Font)              No change on input line 3.


Package longtable Warning: Column widths have changed
(longtable)                in table 4.130 on input line 4212.

File: squirrel3__squirrel__sqapiByOpenAI_8cpp_a5781626bd1f4d493ffc149233bf28567
_cgraph.pdf Graphic file (type pdf)
<squirrel3__squirrel__sqapiByOpenAI_8cpp_a5781626bd1f4d493ffc149233bf28567_cgra
ph.pdf>
LaTeX Font Info:    Kanji font shape `JY1/gt/m/it' undefined
(Font)              No change on input line 4252.
LaTeX Font Info:    Kanji font shape `JY1/gt/m/it' undefined
(Font)              No change on input line 4252.
LaTeX Font Info:    Kanji font shape `JY1/gt/m/it' undefined
(Font)              No change on input line 1.
LaTeX Font Info:    Kanji font shape `JY1/gt/m/it' undefined
(Font)              No change on input line 3.
LaTeX Font Info:    Kanji font shape `JY1/gt/m/it' undefined
(Font)              No change on input line 4284.
[71]
LaTeX Font Info:    Kanji font shape `JY1/gt/m/it' undefined
(Font)              No change on input line 1.

Underfull \hbox (badness 10000) detected at line 4297
[][][]
 []

LaTeX Font Info:    Kanji font shape `JY1/gt/m/it' undefined
(Font)              No change on input line 4318.
LaTeX Font Info:    Kanji font shape `JY1/gt/m/it' undefined
(Font)              No change on input line 1.

Underfull \hbox (badness 10000) detected at line 4331
[][][]
 []

LaTeX Font Info:    Kanji font shape `JY1/gt/m/it' undefined
(Font)              No change on input line 4352.
[72]
LaTeX Font Info:    Kanji font shape `JY1/gt/m/it' undefined
(Font)              No change on input line 1.

Underfull \hbox (badness 10000) detected at line 4365
[][][]
 []

LaTeX Font Info:    Kanji font shape `JY1/gt/m/it' undefined
(Font)              No change on input line 4386.
LaTeX Font Info:    Kanji font shape `JY1/gt/m/it' undefined
(Font)              No change on input line 1.

Underfull \hbox (badness 10000) detected at line 4399
[][][]
 []

LaTeX Font Info:    Kanji font shape `JY1/gt/m/it' undefined
(Font)              No change on input line 4420.
LaTeX Font Info:    Kanji font shape `JY1/gt/m/it' undefined
(Font)              No change on input line 1.
[73]
Underfull \hbox (badness 10000) detected at line 4433
[][][]
 []

LaTeX Font Info:    Kanji font shape `JY1/gt/m/it' undefined
(Font)              No change on input line 4454.
LaTeX Font Info:    Kanji font shape `JY1/gt/m/it' undefined
(Font)              No change on input line 1.

Underfull \hbox (badness 10000) detected at line 4467
[][][]
 []

LaTeX Font Info:    Kanji font shape `JY1/gt/m/it' undefined
(Font)              No change on input line 4498.
LaTeX Font Info:    Kanji font shape `JY1/gt/m/it' undefined
(Font)              No change on input line 4498.
LaTeX Font Info:    Kanji font shape `JY1/gt/m/it' undefined
(Font)              No change on input line 1.
LaTeX Font Info:    Kanji font shape `JY1/gt/m/it' undefined
(Font)              No change on input line 3.
[74] [75]
File: squirrel3__squirrel__sqapiByOpenAI_8cpp_ae253f5195092f031ffe02abd771778fe
_icgraph.pdf Graphic file (type pdf)
<squirrel3__squirrel__sqapiByOpenAI_8cpp_ae253f5195092f031ffe02abd771778fe_icgr
aph.pdf>
LaTeX Font Info:    Kanji font shape `JY1/gt/m/it' undefined
(Font)              No change on input line 4541.
LaTeX Font Info:    Kanji font shape `JY1/gt/m/it' undefined
(Font)              No change on input line 1.
LaTeX Font Info:    Kanji font shape `JY1/gt/m/it' undefined
(Font)              No change on input line 4570.
LaTeX Font Info:    Kanji font shape `JY1/gt/m/it' undefined
(Font)              No change on input line 4570.
LaTeX Font Info:    Kanji font shape `JY1/gt/m/it' undefined
(Font)              No change on input line 1.
LaTeX Font Info:    Kanji font shape `JY1/gt/m/it' undefined
(Font)              No change on input line 3.
 [76]
LaTeX Font Info:    Kanji font shape `JY1/gt/m/it' undefined
(Font)              No change on input line 4600.
LaTeX Font Info:    Kanji font shape `JY1/gt/m/it' undefined
(Font)              No change on input line 4600.
LaTeX Font Info:    Kanji font shape `JY1/gt/m/it' undefined
(Font)              No change on input line 1.
LaTeX Font Info:    Kanji font shape `JY1/gt/m/it' undefined
(Font)              No change on input line 3.
LaTeX Font Info:    Kanji font shape `JY1/gt/m/it' undefined
(Font)              No change on input line 4630.
LaTeX Font Info:    Kanji font shape `JY1/gt/m/it' undefined
(Font)              No change on input line 1.
LaTeX Font Info:    Kanji font shape `JY1/gt/m/it' undefined
(Font)              No change on input line 4658.
LaTeX Font Info:    Kanji font shape `JY1/gt/m/it' undefined
(Font)              No change on input line 4658.
 [77]
LaTeX Font Info:    Kanji font shape `JY1/gt/m/it' undefined
(Font)              No change on input line 1.
LaTeX Font Info:    Kanji font shape `JY1/gt/m/it' undefined
(Font)              No change on input line 3.
LaTeX Font Info:    Kanji font shape `JY1/gt/m/it' undefined
(Font)              No change on input line 4688.
LaTeX Font Info:    Kanji font shape `JY1/gt/m/it' undefined
(Font)              No change on input line 4688.
LaTeX Font Info:    Kanji font shape `JY1/gt/m/it' undefined
(Font)              No change on input line 1.
LaTeX Font Info:    Kanji font shape `JY1/gt/m/it' undefined
(Font)              No change on input line 3.
LaTeX Font Info:    Kanji font shape `JY1/gt/m/it' undefined
(Font)              No change on input line 4718.
LaTeX Font Info:    Kanji font shape `JY1/gt/m/it' undefined
(Font)              No change on input line 1.
 [78]
File: squirrel3__squirrel__sqapiByOpenAI_8cpp_a377738cef835bf0914f6eae2a2ab7b00
_icgraph.pdf Graphic file (type pdf)
<squirrel3__squirrel__sqapiByOpenAI_8cpp_a377738cef835bf0914f6eae2a2ab7b00_icgr
aph.pdf>
LaTeX Font Info:    Kanji font shape `JY1/gt/m/it' undefined
(Font)              No change on input line 4758.
LaTeX Font Info:    Kanji font shape `JY1/gt/m/it' undefined
(Font)              No change on input line 4758.
LaTeX Font Info:    Kanji font shape `JY1/gt/m/it' undefined
(Font)              No change on input line 1.
LaTeX Font Info:    Kanji font shape `JY1/gt/m/it' undefined
(Font)              No change on input line 3.
LaTeX Font Info:    Kanji font shape `JY1/gt/m/it' undefined
(Font)              No change on input line 4788.
LaTeX Font Info:    Kanji font shape `JY1/gt/m/it' undefined
(Font)              No change on input line 1.
 [79]
LaTeX Font Info:    Kanji font shape `JY1/gt/m/it' undefined
(Font)              No change on input line 4816.
LaTeX Font Info:    Kanji font shape `JY1/gt/m/it' undefined
(Font)              No change on input line 1.
LaTeX Font Info:    Kanji font shape `JY1/gt/m/it' undefined
(Font)              No change on input line 4844.
LaTeX Font Info:    Kanji font shape `JY1/gt/m/it' undefined
(Font)              No change on input line 4844.
LaTeX Font Info:    Kanji font shape `JY1/gt/m/it' undefined
(Font)              No change on input line 4844.
LaTeX Font Info:    Kanji font shape `JY1/gt/m/it' undefined
(Font)              No change on input line 1.
LaTeX Font Info:    Kanji font shape `JY1/gt/m/it' undefined
(Font)              No change on input line 3.
LaTeX Font Info:    Kanji font shape `JY1/gt/m/it' undefined
(Font)              No change on input line 5.
LaTeX Font Info:    Kanji font shape `JY1/gt/m/it' undefined
(Font)              No change on input line 4878.
LaTeX Font Info:    Kanji font shape `JY1/gt/m/it' undefined
(Font)              No change on input line 4878.
LaTeX Font Info:    Kanji font shape `JY1/gt/m/it' undefined
(Font)              No change on input line 1.
LaTeX Font Info:    Kanji font shape `JY1/gt/m/it' undefined
(Font)              No change on input line 3.
 [80]
LaTeX Font Info:    Kanji font shape `JY1/gt/m/it' undefined
(Font)              No change on input line 4908.
LaTeX Font Info:    Kanji font shape `JY1/gt/m/it' undefined
(Font)              No change on input line 4908.
LaTeX Font Info:    Kanji font shape `JY1/gt/m/it' undefined
(Font)              No change on input line 1.
LaTeX Font Info:    Kanji font shape `JY1/gt/m/it' undefined
(Font)              No change on input line 3.
LaTeX Font Info:    Kanji font shape `JY1/gt/m/it' undefined
(Font)              No change on input line 4938.
LaTeX Font Info:    Kanji font shape `JY1/gt/m/it' undefined
(Font)              No change on input line 4938.
LaTeX Font Info:    Kanji font shape `JY1/gt/m/it' undefined
(Font)              No change on input line 4938.
LaTeX Font Info:    Kanji font shape `JY1/gt/m/it' undefined
(Font)              No change on input line 1.
LaTeX Font Info:    Kanji font shape `JY1/gt/m/it' undefined
(Font)              No change on input line 3.
LaTeX Font Info:    Kanji font shape `JY1/gt/m/it' undefined
(Font)              No change on input line 5.
LaTeX Font Info:    Kanji font shape `JY1/gt/m/it' undefined
(Font)              No change on input line 1.
 [81]

Package longtable Warning: Column widths have changed
(longtable)                in table 4.153 on input line 4959.

LaTeX Font Info:    Kanji font shape `JY1/gt/m/it' undefined
(Font)              No change on input line 4991.
LaTeX Font Info:    Kanji font shape `JY1/gt/m/it' undefined
(Font)              No change on input line 4991.
LaTeX Font Info:    Kanji font shape `JY1/gt/m/it' undefined
(Font)              No change on input line 1.
LaTeX Font Info:    Kanji font shape `JY1/gt/m/it' undefined
(Font)              No change on input line 3.
LaTeX Font Info:    Kanji font shape `JY1/gt/m/it' undefined
(Font)              No change on input line 1.
LaTeX Font Info:    Kanji font shape `JY1/gt/m/it' undefined
(Font)              No change on input line 3.

Package longtable Warning: Column widths have changed
(longtable)                in table 4.155 on input line 5012.

[82]
File: squirrel3__squirrel__sqapiByOpenAI_8cpp_ad75982332056622578fe5368f02e6d21
_cgraph.pdf Graphic file (type pdf)
<squirrel3__squirrel__sqapiByOpenAI_8cpp_ad75982332056622578fe5368f02e6d21_cgra
ph.pdf>
LaTeX Font Info:    Kanji font shape `JY1/gt/m/it' undefined
(Font)              No change on input line 5072.
LaTeX Font Info:    Kanji font shape `JY1/gt/m/it' undefined
(Font)              No change on input line 5072.
LaTeX Font Info:    Kanji font shape `JY1/gt/m/it' undefined
(Font)              No change on input line 5072.
LaTeX Font Info:    Kanji font shape `JY1/gt/m/it' undefined
(Font)              No change on input line 1.
LaTeX Font Info:    Kanji font shape `JY1/gt/m/it' undefined
(Font)              No change on input line 3.
LaTeX Font Info:    Kanji font shape `JY1/gt/m/it' undefined
(Font)              No change on input line 5.
LaTeX Font Info:    Kanji font shape `JY1/gt/m/it' undefined
(Font)              No change on input line 1.
LaTeX Font Info:    Kanji font shape `JY1/gt/m/it' undefined
(Font)              No change on input line 3.
 [83]
File: squirrel3__squirrel__sqapiByOpenAI_8cpp_a1a3a09b11318980f9e8bad529750096e
_cgraph.pdf Graphic file (type pdf)
<squirrel3__squirrel__sqapiByOpenAI_8cpp_a1a3a09b11318980f9e8bad529750096e_cgra
ph.pdf>
LaTeX Font Info:    Kanji font shape `JY1/gt/m/it' undefined
(Font)              No change on input line 5132.
LaTeX Font Info:    Kanji font shape `JY1/gt/m/it' undefined
(Font)              No change on input line 5132.
LaTeX Font Info:    Kanji font shape `JY1/gt/m/it' undefined
(Font)              No change on input line 1.
LaTeX Font Info:    Kanji font shape `JY1/gt/m/it' undefined
(Font)              No change on input line 3.
LaTeX Font Info:    Kanji font shape `JY1/gt/m/it' undefined
(Font)              No change on input line 1.
LaTeX Font Info:    Kanji font shape `JY1/gt/m/it' undefined
(Font)              No change on input line 3.
 [84]
File: squirrel3__squirrel__sqapiByOpenAI_8cpp_ab9fee9d3d3c61bffa3a22ea3f220bc97
_cgraph.pdf Graphic file (type pdf)
<squirrel3__squirrel__sqapiByOpenAI_8cpp_ab9fee9d3d3c61bffa3a22ea3f220bc97_cgra
ph.pdf>
LaTeX Font Info:    Kanji font shape `JY1/gt/m/it' undefined
(Font)              No change on input line 5214.
LaTeX Font Info:    Kanji font shape `JY1/gt/m/it' undefined
(Font)              No change on input line 5214.
LaTeX Font Info:    Kanji font shape `JY1/gt/m/it' undefined
(Font)              No change on input line 5214.
LaTeX Font Info:    Kanji font shape `JY1/gt/m/it' undefined
(Font)              No change on input line 1.
LaTeX Font Info:    Kanji font shape `JY1/gt/m/it' undefined
(Font)              No change on input line 3.
LaTeX Font Info:    Kanji font shape `JY1/gt/m/it' undefined
(Font)              No change on input line 5.
LaTeX Font Info:    Kanji font shape `JY1/gt/m/it' undefined
(Font)              No change on input line 1.
LaTeX Font Info:    Kanji font shape `JY1/gt/m/it' undefined
(Font)              No change on input line 3.
 [85]
File: squirrel3__squirrel__sqapiByOpenAI_8cpp_adb622f39d055c483baefda1104a57e94
_cgraph.pdf Graphic file (type pdf)
<squirrel3__squirrel__sqapiByOpenAI_8cpp_adb622f39d055c483baefda1104a57e94_cgra
ph.pdf>
LaTeX Font Info:    Kanji font shape `JY1/gt/m/it' undefined
(Font)              No change on input line 5275.
LaTeX Font Info:    Kanji font shape `JY1/gt/m/it' undefined
(Font)              No change on input line 5275.
LaTeX Font Info:    Kanji font shape `JY1/gt/m/it' undefined
(Font)              No change on input line 5275.
LaTeX Font Info:    Kanji font shape `JY1/gt/m/it' undefined
(Font)              No change on input line 1.
LaTeX Font Info:    Kanji font shape `JY1/gt/m/it' undefined
(Font)              No change on input line 3.
LaTeX Font Info:    Kanji font shape `JY1/gt/m/it' undefined
(Font)              No change on input line 5.

Underfull \hbox (badness 10000) detected at line 5292
[][][]
 []

[86]
LaTeX Font Info:    Kanji font shape `JY1/gt/m/it' undefined
(Font)              No change on input line 5310.
LaTeX Font Info:    Kanji font shape `JY1/gt/m/it' undefined
(Font)              No change on input line 5310.
LaTeX Font Info:    Kanji font shape `JY1/gt/m/it' undefined
(Font)              No change on input line 1.
LaTeX Font Info:    Kanji font shape `JY1/gt/m/it' undefined
(Font)              No change on input line 3.
LaTeX Font Info:    Kanji font shape `JY1/gt/m/it' undefined
(Font)              No change on input line 1.
LaTeX Font Info:    Kanji font shape `JY1/gt/m/it' undefined
(Font)              No change on input line 3.
LaTeX Font Info:    Kanji font shape `JY1/gt/m/it' undefined
(Font)              No change on input line 5356.
LaTeX Font Info:    Kanji font shape `JY1/gt/m/it' undefined
(Font)              No change on input line 5356.
LaTeX Font Info:    Kanji font shape `JY1/gt/m/it' undefined
(Font)              No change on input line 1.
LaTeX Font Info:    Kanji font shape `JY1/gt/m/it' undefined
(Font)              No change on input line 3.
 [87]
LaTeX Font Info:    Kanji font shape `JY1/gt/m/it' undefined
(Font)              No change on input line 5386.
LaTeX Font Info:    Kanji font shape `JY1/gt/m/it' undefined
(Font)              No change on input line 5386.
LaTeX Font Info:    Kanji font shape `JY1/gt/m/it' undefined
(Font)              No change on input line 1.
LaTeX Font Info:    Kanji font shape `JY1/gt/m/it' undefined
(Font)              No change on input line 3.
LaTeX Font Info:    Kanji font shape `JY1/gt/m/it' undefined
(Font)              No change on input line 1.
LaTeX Font Info:    Kanji font shape `JY1/gt/m/it' undefined
(Font)              No change on input line 3.
File: squirrel3__squirrel__sqapiByOpenAI_8cpp_a7a3b2b88cf62476eeae8fb332316ed65
_cgraph.pdf Graphic file (type pdf)
<squirrel3__squirrel__sqapiByOpenAI_8cpp_a7a3b2b88cf62476eeae8fb332316ed65_cgra
ph.pdf>
LaTeX Font Info:    Kanji font shape `JY1/gt/m/it' undefined
(Font)              No change on input line 5441.
LaTeX Font Info:    Kanji font shape `JY1/gt/m/it' undefined
(Font)              No change on input line 1.
 [88] [89]
LaTeX Font Info:    Kanji font shape `JY1/gt/m/it' undefined
(Font)              No change on input line 5469.
LaTeX Font Info:    Kanji font shape `JY1/gt/m/it' undefined
(Font)              No change on input line 1.
LaTeX Font Info:    Kanji font shape `JY1/gt/m/it' undefined
(Font)              No change on input line 5498.
LaTeX Font Info:    Kanji font shape `JY1/gt/m/it' undefined
(Font)              No change on input line 5498.
LaTeX Font Info:    Kanji font shape `JY1/gt/m/it' undefined
(Font)              No change on input line 5498.
LaTeX Font Info:    Kanji font shape `JY1/gt/m/it' undefined
(Font)              No change on input line 1.
LaTeX Font Info:    Kanji font shape `JY1/gt/m/it' undefined
(Font)              No change on input line 3.
LaTeX Font Info:    Kanji font shape `JY1/gt/m/it' undefined
(Font)              No change on input line 5.
LaTeX Font Info:    Kanji font shape `JY1/gt/m/it' undefined
(Font)              No change on input line 1.
LaTeX Font Info:    Kanji font shape `JY1/gt/m/it' undefined
(Font)              No change on input line 3.
 [90]
File: squirrel3__squirrel__sqapiByOpenAI_8cpp_af830ee5922e07e04fc9c610be14f4e3f
_cgraph.pdf Graphic file (type pdf)
<squirrel3__squirrel__sqapiByOpenAI_8cpp_af830ee5922e07e04fc9c610be14f4e3f_cgra
ph.pdf>
LaTeX Font Info:    Kanji font shape `JY1/gt/m/it' undefined
(Font)              No change on input line 5558.
LaTeX Font Info:    Kanji font shape `JY1/gt/m/it' undefined
(Font)              No change on input line 1.
LaTeX Font Info:    Kanji font shape `JY1/gt/m/it' undefined
(Font)              No change on input line 1.
LaTeX Font Info:    Kanji font shape `JY1/gt/m/it' undefined
(Font)              No change on input line 3.
File: squirrel3__squirrel__sqapiByOpenAI_8cpp_a922e90df5cb3d8f6c2c508972ec01479
_cgraph.pdf Graphic file (type pdf)
<squirrel3__squirrel__sqapiByOpenAI_8cpp_a922e90df5cb3d8f6c2c508972ec01479_cgra
ph.pdf>
 [91]
LaTeX Font Info:    Kanji font shape `JY1/gt/m/it' undefined
(Font)              No change on input line 5610.
LaTeX Font Info:    Kanji font shape `JY1/gt/m/it' undefined
(Font)              No change on input line 5610.
LaTeX Font Info:    Kanji font shape `JY1/gt/m/it' undefined
(Font)              No change on input line 1.
LaTeX Font Info:    Kanji font shape `JY1/gt/m/it' undefined
(Font)              No change on input line 3.
LaTeX Font Info:    Kanji font shape `JY1/gt/m/it' undefined
(Font)              No change on input line 1.
LaTeX Font Info:    Kanji font shape `JY1/gt/m/it' undefined
(Font)              No change on input line 3.


Package longtable Warning: Column widths have changed
(longtable)                in table 4.175 on input line 5631.

LaTeX Font Info:    Kanji font shape `JY1/gt/m/it' undefined
(Font)              No change on input line 5652.
LaTeX Font Info:    Kanji font shape `JY1/gt/m/it' undefined
(Font)              No change on input line 5652.
LaTeX Font Info:    Kanji font shape `JY1/gt/m/it' undefined
(Font)              No change on input line 1.
LaTeX Font Info:    Kanji font shape `JY1/gt/m/it' undefined
(Font)              No change on input line 3.
[92]
LaTeX Font Info:    Kanji font shape `JY1/gt/m/it' undefined
(Font)              No change on input line 1.
LaTeX Font Info:    Kanji font shape `JY1/gt/m/it' undefined
(Font)              No change on input line 3.
File: squirrel3__squirrel__sqapiByOpenAI_8cpp_ae2d7456fcc4ac8fec96ba9e037ba7ea2
_cgraph.pdf Graphic file (type pdf)
<squirrel3__squirrel__sqapiByOpenAI_8cpp_ae2d7456fcc4ac8fec96ba9e037ba7ea2_cgra
ph.pdf>
LaTeX Font Info:    Kanji font shape `JY1/gt/m/it' undefined
(Font)              No change on input line 5718.
LaTeX Font Info:    Kanji font shape `JY1/gt/m/it' undefined
(Font)              No change on input line 5718.
LaTeX Font Info:    Kanji font shape `JY1/gt/m/it' undefined
(Font)              No change on input line 5718.
LaTeX Font Info:    Kanji font shape `JY1/gt/m/it' undefined
(Font)              No change on input line 1.
LaTeX Font Info:    Kanji font shape `JY1/gt/m/it' undefined
(Font)              No change on input line 3.
LaTeX Font Info:    Kanji font shape `JY1/gt/m/it' undefined
(Font)              No change on input line 5.
 [93]
LaTeX Font Info:    Kanji font shape `JY1/gt/m/it' undefined
(Font)              No change on input line 1.
LaTeX Font Info:    Kanji font shape `JY1/gt/m/it' undefined
(Font)              No change on input line 3.


Package longtable Warning: Column widths have changed
(longtable)                in table 4.179 on input line 5741.

File: squirrel3__squirrel__sqapiByOpenAI_8cpp_aa9563b0be2a82c09bc5be4edbb0d272f
_cgraph.pdf Graphic file (type pdf)
<squirrel3__squirrel__sqapiByOpenAI_8cpp_aa9563b0be2a82c09bc5be4edbb0d272f_cgra
ph.pdf>
LaTeX Font Info:    Kanji font shape `JY1/gt/m/it' undefined
(Font)              No change on input line 5777.
LaTeX Font Info:    Kanji font shape `JY1/gt/m/it' undefined
(Font)              No change on input line 5777.
LaTeX Font Info:    Kanji font shape `JY1/gt/m/it' undefined
(Font)              No change on input line 5777.
LaTeX Font Info:    Kanji font shape `JY1/gt/m/it' undefined
(Font)              No change on input line 1.
LaTeX Font Info:    Kanji font shape `JY1/gt/m/it' undefined
(Font)              No change on input line 3.
LaTeX Font Info:    Kanji font shape `JY1/gt/m/it' undefined
(Font)              No change on input line 5.
LaTeX Font Info:    Kanji font shape `JY1/gt/m/it' undefined
(Font)              No change on input line 1.
LaTeX Font Info:    Kanji font shape `JY1/gt/m/it' undefined
(Font)              No change on input line 3.
[94]
File: squirrel3__squirrel__sqapiByOpenAI_8cpp_a46b987905eee855ee421d10b5c5ac879
_cgraph.pdf Graphic file (type pdf)
<squirrel3__squirrel__sqapiByOpenAI_8cpp_a46b987905eee855ee421d10b5c5ac879_cgra
ph.pdf>
LaTeX Font Info:    Kanji font shape `JY1/gt/m/it' undefined
(Font)              No change on input line 5832.
LaTeX Font Info:    Kanji font shape `JY1/gt/m/it' undefined
(Font)              No change on input line 5832.
LaTeX Font Info:    Kanji font shape `JY1/gt/m/it' undefined
(Font)              No change on input line 1.
LaTeX Font Info:    Kanji font shape `JY1/gt/m/it' undefined
(Font)              No change on input line 3.
LaTeX Font Info:    Kanji font shape `JY1/gt/m/it' undefined
(Font)              No change on input line 1.
LaTeX Font Info:    Kanji font shape `JY1/gt/m/it' undefined
(Font)              No change on input line 3.
 [95]
File: squirrel3__squirrel__sqapiByOpenAI_8cpp_a4575e156937567a826865387745110ef
_cgraph.pdf Graphic file (type pdf)
<squirrel3__squirrel__sqapiByOpenAI_8cpp_a4575e156937567a826865387745110ef_cgra
ph.pdf>
LaTeX Font Info:    Kanji font shape `JY1/gt/m/it' undefined
(Font)              No change on input line 5891.
LaTeX Font Info:    Kanji font shape `JY1/gt/m/it' undefined
(Font)              No change on input line 5891.
LaTeX Font Info:    Kanji font shape `JY1/gt/m/it' undefined
(Font)              No change on input line 1.
LaTeX Font Info:    Kanji font shape `JY1/gt/m/it' undefined
(Font)              No change on input line 3.
LaTeX Font Info:    Kanji font shape `JY1/gt/m/it' undefined
(Font)              No change on input line 5921.
LaTeX Font Info:    Kanji font shape `JY1/gt/m/it' undefined
(Font)              No change on input line 1.
 [96]
LaTeX Font Info:    Kanji font shape `JY1/gt/m/it' undefined
(Font)              No change on input line 1.
LaTeX Font Info:    Kanji font shape `JY1/gt/m/it' undefined
(Font)              No change on input line 3.
File: squirrel3__squirrel__sqapiByOpenAI_8cpp_ae51990719a4a931f3e4b071930f158a3
_cgraph.pdf Graphic file (type pdf)
<squirrel3__squirrel__sqapiByOpenAI_8cpp_ae51990719a4a931f3e4b071930f158a3_cgra
ph.pdf>
LaTeX Font Info:    Kanji font shape `JY1/gt/m/it' undefined
(Font)              No change on input line 5976.
LaTeX Font Info:    Kanji font shape `JY1/gt/m/it' undefined
(Font)              No change on input line 1.
 [97]
LaTeX Font Info:    Kanji font shape `JY1/gt/m/it' undefined
(Font)              No change on input line 6012.
LaTeX Font Info:    Kanji font shape `JY1/gt/m/it' undefined
(Font)              No change on input line 6012.
LaTeX Font Info:    Kanji font shape `JY1/gt/m/it' undefined
(Font)              No change on input line 1.
LaTeX Font Info:    Kanji font shape `JY1/gt/m/it' undefined
(Font)              No change on input line 3.
LaTeX Font Info:    Kanji font shape `JY1/gt/m/it' undefined
(Font)              No change on input line 1.
LaTeX Font Info:    Kanji font shape `JY1/gt/m/it' undefined
(Font)              No change on input line 3.
File: squirrel3__squirrel__sqapiByOpenAI_8cpp_adfd43ecffc7bba7fa00b1f3aa01c8446
_cgraph.pdf Graphic file (type pdf)
<squirrel3__squirrel__sqapiByOpenAI_8cpp_adfd43ecffc7bba7fa00b1f3aa01c8446_cgra
ph.pdf>
 [98]
LaTeX Font Info:    Kanji font shape `JY1/gt/m/it' undefined
(Font)              No change on input line 6087.
LaTeX Font Info:    Kanji font shape `JY1/gt/m/it' undefined
(Font)              No change on input line 1.
LaTeX Font Info:    Kanji font shape `JY1/gt/m/it' undefined
(Font)              No change on input line 6121.
LaTeX Font Info:    Kanji font shape `JY1/gt/m/it' undefined
(Font)              No change on input line 6121.
LaTeX Font Info:    Kanji font shape `JY1/gt/m/it' undefined
(Font)              No change on input line 1.
LaTeX Font Info:    Kanji font shape `JY1/gt/m/it' undefined
(Font)              No change on input line 3.
 [99]
LaTeX Font Info:    Kanji font shape `JY1/gt/m/it' undefined
(Font)              No change on input line 6151.
LaTeX Font Info:    Kanji font shape `JY1/gt/m/it' undefined
(Font)              No change on input line 6151.
LaTeX Font Info:    Kanji font shape `JY1/gt/m/it' undefined
(Font)              No change on input line 6151.
LaTeX Font Info:    Kanji font shape `JY1/gt/m/it' undefined
(Font)              No change on input line 1.
LaTeX Font Info:    Kanji font shape `JY1/gt/m/it' undefined
(Font)              No change on input line 3.
LaTeX Font Info:    Kanji font shape `JY1/gt/m/it' undefined
(Font)              No change on input line 5.
LaTeX Font Info:    Kanji font shape `JY1/gt/m/it' undefined
(Font)              No change on input line 1.
LaTeX Font Info:    Kanji font shape `JY1/gt/m/it' undefined
(Font)              No change on input line 3.
File: squirrel3__squirrel__sqapiByOpenAI_8cpp_a301468f6ca3289e281897b4cbfaaa960
_cgraph.pdf Graphic file (type pdf)
<squirrel3__squirrel__sqapiByOpenAI_8cpp_a301468f6ca3289e281897b4cbfaaa960_cgra
ph.pdf>
 [100]
LaTeX Font Info:    Kanji font shape `JY1/gt/m/it' undefined
(Font)              No change on input line 6223.
LaTeX Font Info:    Kanji font shape `JY1/gt/m/it' undefined
(Font)              No change on input line 6223.
LaTeX Font Info:    Kanji font shape `JY1/gt/m/it' undefined
(Font)              No change on input line 6223.
LaTeX Font Info:    Kanji font shape `JY1/gt/m/it' undefined
(Font)              No change on input line 1.
LaTeX Font Info:    Kanji font shape `JY1/gt/m/it' undefined
(Font)              No change on input line 3.
LaTeX Font Info:    Kanji font shape `JY1/gt/m/it' undefined
(Font)              No change on input line 5.
LaTeX Font Info:    Kanji font shape `JY1/gt/m/it' undefined
(Font)              No change on input line 1.
LaTeX Font Info:    Kanji font shape `JY1/gt/m/it' undefined
(Font)              No change on input line 3.
File: squirrel3__squirrel__sqapiByOpenAI_8cpp_a66619fc703deaa0f7ef8ce7096934a92
_cgraph.pdf Graphic file (type pdf)
<squirrel3__squirrel__sqapiByOpenAI_8cpp_a66619fc703deaa0f7ef8ce7096934a92_cgra
ph.pdf>
 [101]
LaTeX Font Info:    Kanji font shape `JY1/gt/m/it' undefined
(Font)              No change on input line 6277.
LaTeX Font Info:    Kanji font shape `JY1/gt/m/it' undefined
(Font)              No change on input line 6277.
LaTeX Font Info:    Kanji font shape `JY1/gt/m/it' undefined
(Font)              No change on input line 6277.
LaTeX Font Info:    Kanji font shape `JY1/gt/m/it' undefined
(Font)              No change on input line 1.
LaTeX Font Info:    Kanji font shape `JY1/gt/m/it' undefined
(Font)              No change on input line 3.
LaTeX Font Info:    Kanji font shape `JY1/gt/m/it' undefined
(Font)              No change on input line 5.
LaTeX Font Info:    Kanji font shape `JY1/gt/m/it' undefined
(Font)              No change on input line 1.
LaTeX Font Info:    Kanji font shape `JY1/gt/m/it' undefined
(Font)              No change on input line 3.
File: squirrel3__squirrel__sqapiByOpenAI_8cpp_ab704c3fb47658bd36b89adb060f015aa
_cgraph.pdf Graphic file (type pdf)
<squirrel3__squirrel__sqapiByOpenAI_8cpp_ab704c3fb47658bd36b89adb060f015aa_cgra
ph.pdf>
LaTeX Font Info:    Kanji font shape `JY1/gt/m/it' undefined
(Font)              No change on input line 6336.
LaTeX Font Info:    Kanji font shape `JY1/gt/m/it' undefined
(Font)              No change on input line 6336.
LaTeX Font Info:    Kanji font shape `JY1/gt/m/it' undefined
(Font)              No change on input line 1.
LaTeX Font Info:    Kanji font shape `JY1/gt/m/it' undefined
(Font)              No change on input line 3.
 [102]
LaTeX Font Info:    Kanji font shape `JY1/gt/m/it' undefined
(Font)              No change on input line 6368.
LaTeX Font Info:    Kanji font shape `JY1/gt/m/it' undefined
(Font)              No change on input line 6368.
LaTeX Font Info:    Kanji font shape `JY1/gt/m/it' undefined
(Font)              No change on input line 6368.
LaTeX Font Info:    Kanji font shape `JY1/gt/m/it' undefined
(Font)              No change on input line 1.
LaTeX Font Info:    Kanji font shape `JY1/gt/m/it' undefined
(Font)              No change on input line 3.
LaTeX Font Info:    Kanji font shape `JY1/gt/m/it' undefined
(Font)              No change on input line 5.
LaTeX Font Info:    Kanji font shape `JY1/gt/m/it' undefined
(Font)              No change on input line 1.
LaTeX Font Info:    Kanji font shape `JY1/gt/m/it' undefined
(Font)              No change on input line 3.
 [103]
File: squirrel3__squirrel__sqapiByOpenAI_8cpp_a0bc370f9e91bcd00624d007b9d9424f9
_cgraph.pdf Graphic file (type pdf)
<squirrel3__squirrel__sqapiByOpenAI_8cpp_a0bc370f9e91bcd00624d007b9d9424f9_cgra
ph.pdf>
LaTeX Font Info:    Kanji font shape `JY1/gt/m/it' undefined
(Font)              No change on input line 6443.
LaTeX Font Info:    Kanji font shape `JY1/gt/m/it' undefined
(Font)              No change on input line 6443.
LaTeX Font Info:    Kanji font shape `JY1/gt/m/it' undefined
(Font)              No change on input line 6443.
LaTeX Font Info:    Kanji font shape `JY1/gt/m/it' undefined
(Font)              No change on input line 1.
LaTeX Font Info:    Kanji font shape `JY1/gt/m/it' undefined
(Font)              No change on input line 3.
LaTeX Font Info:    Kanji font shape `JY1/gt/m/it' undefined
(Font)              No change on input line 5.
LaTeX Font Info:    Kanji font shape `JY1/gt/m/it' undefined
(Font)              No change on input line 6476.
LaTeX Font Info:    Kanji font shape `JY1/gt/m/it' undefined
(Font)              No change on input line 6476.
LaTeX Font Info:    Kanji font shape `JY1/gt/m/it' undefined
(Font)              No change on input line 6476.
 [104]
LaTeX Font Info:    Kanji font shape `JY1/gt/m/it' undefined
(Font)              No change on input line 1.
LaTeX Font Info:    Kanji font shape `JY1/gt/m/it' undefined
(Font)              No change on input line 3.
LaTeX Font Info:    Kanji font shape `JY1/gt/m/it' undefined
(Font)              No change on input line 5.
LaTeX Font Info:    Kanji font shape `JY1/gt/m/it' undefined
(Font)              No change on input line 6514.
LaTeX Font Info:    Kanji font shape `JY1/gt/m/it' undefined
(Font)              No change on input line 1.
LaTeX Font Info:    Kanji font shape `JY1/gt/m/it' undefined
(Font)              No change on input line 1.
LaTeX Font Info:    Kanji font shape `JY1/gt/m/it' undefined
(Font)              No change on input line 3.
File: squirrel3__squirrel__sqapiByOpenAI_8cpp_ab0b5aa5485d9253abf139a51fc32ba75
_cgraph.pdf Graphic file (type pdf)
<squirrel3__squirrel__sqapiByOpenAI_8cpp_ab0b5aa5485d9253abf139a51fc32ba75_cgra
ph.pdf>
 [105]
LaTeX Font Info:    Kanji font shape `JY1/gt/m/it' undefined
(Font)              No change on input line 6569.
LaTeX Font Info:    Kanji font shape `JY1/gt/m/it' undefined
(Font)              No change on input line 6569.
LaTeX Font Info:    Kanji font shape `JY1/gt/m/it' undefined
(Font)              No change on input line 1.
LaTeX Font Info:    Kanji font shape `JY1/gt/m/it' undefined
(Font)              No change on input line 3.
LaTeX Font Info:    Kanji font shape `JY1/gt/m/it' undefined
(Font)              No change on input line 6599.
LaTeX Font Info:    Kanji font shape `JY1/gt/m/it' undefined
(Font)              No change on input line 6599.
LaTeX Font Info:    Kanji font shape `JY1/gt/m/it' undefined
(Font)              No change on input line 1.
LaTeX Font Info:    Kanji font shape `JY1/gt/m/it' undefined
(Font)              No change on input line 3.
 [106]
LaTeX Font Info:    Kanji font shape `JY1/gt/m/it' undefined
(Font)              No change on input line 6629.
LaTeX Font Info:    Kanji font shape `JY1/gt/m/it' undefined
(Font)              No change on input line 6629.
LaTeX Font Info:    Kanji font shape `JY1/gt/m/it' undefined
(Font)              No change on input line 1.
LaTeX Font Info:    Kanji font shape `JY1/gt/m/it' undefined
(Font)              No change on input line 3.
File: squirrel3__squirrel__sqapiByOpenAI_8cpp_a8c96d68880eac465d517d314f21e78a6
_cgraph.pdf Graphic file (type pdf)
<squirrel3__squirrel__sqapiByOpenAI_8cpp_a8c96d68880eac465d517d314f21e78a6_cgra
ph.pdf>
LaTeX Font Info:    Kanji font shape `JY1/gt/m/it' undefined
(Font)              No change on input line 6675.
LaTeX Font Info:    Kanji font shape `JY1/gt/m/it' undefined
(Font)              No change on input line 6675.
LaTeX Font Info:    Kanji font shape `JY1/gt/m/it' undefined
(Font)              No change on input line 6675.
LaTeX Font Info:    Kanji font shape `JY1/gt/m/it' undefined
(Font)              No change on input line 1.
LaTeX Font Info:    Kanji font shape `JY1/gt/m/it' undefined
(Font)              No change on input line 3.
LaTeX Font Info:    Kanji font shape `JY1/gt/m/it' undefined
(Font)              No change on input line 5.

[107] [108]
LaTeX Font Info:    Kanji font shape `JY1/gt/m/it' undefined
(Font)              No change on input line 1.
LaTeX Font Info:    Kanji font shape `JY1/gt/m/it' undefined
(Font)              No change on input line 3.
File: squirrel3__squirrel__sqapiByOpenAI_8cpp_a5055037550de2b286c64de20433a60b5
_cgraph.pdf Graphic file (type pdf)
<squirrel3__squirrel__sqapiByOpenAI_8cpp_a5055037550de2b286c64de20433a60b5_cgra
ph.pdf>
LaTeX Font Info:    Kanji font shape `JY1/gt/m/it' undefined
(Font)              No change on input line 6732.
LaTeX Font Info:    Kanji font shape `JY1/gt/m/it' undefined
(Font)              No change on input line 6732.
LaTeX Font Info:    Kanji font shape `JY1/gt/m/it' undefined
(Font)              No change on input line 1.
LaTeX Font Info:    Kanji font shape `JY1/gt/m/it' undefined
(Font)              No change on input line 3.
 [109]
LaTeX Font Info:    Kanji font shape `JY1/gt/m/it' undefined
(Font)              No change on input line 6762.
LaTeX Font Info:    Kanji font shape `JY1/gt/m/it' undefined
(Font)              No change on input line 1.
LaTeX Font Info:    Kanji font shape `JY1/gt/m/it' undefined
(Font)              No change on input line 1.
LaTeX Font Info:    Kanji font shape `JY1/gt/m/it' undefined
(Font)              No change on input line 6795.
LaTeX Font Info:    Kanji font shape `JY1/gt/m/it' undefined
(Font)              No change on input line 6795.
LaTeX Font Info:    Kanji font shape `JY1/gt/m/it' undefined
(Font)              No change on input line 1.
LaTeX Font Info:    Kanji font shape `JY1/gt/m/it' undefined
(Font)              No change on input line 3.
LaTeX Font Info:    Kanji font shape `JY1/gt/m/it' undefined
(Font)              No change on input line 1.
LaTeX Font Info:    Kanji font shape `JY1/gt/m/it' undefined
(Font)              No change on input line 3.
 [110]
File: squirrel3__squirrel__sqapiByOpenAI_8cpp_a3ee87b6f11f5b3b45c024245fee251b3
_cgraph.pdf Graphic file (type pdf)
<squirrel3__squirrel__sqapiByOpenAI_8cpp_a3ee87b6f11f5b3b45c024245fee251b3_cgra
ph.pdf>
LaTeX Font Info:    Kanji font shape `JY1/gt/m/it' undefined
(Font)              No change on input line 6858.
LaTeX Font Info:    Kanji font shape `JY1/gt/m/it' undefined
(Font)              No change on input line 6858.
LaTeX Font Info:    Kanji font shape `JY1/gt/m/it' undefined
(Font)              No change on input line 1.
LaTeX Font Info:    Kanji font shape `JY1/gt/m/it' undefined
(Font)              No change on input line 3.
LaTeX Font Info:    Kanji font shape `JY1/gt/m/it' undefined
(Font)              No change on input line 1.

Underfull \hbox (badness 1502) in paragraph at lines 6892--6893
[]\T1/phv/m/n/10 Referenced by [], [], [], [], [],
 []


Underfull \hbox (badness 10000) in paragraph at lines 6892--6893
[]\T1/phv/m/n/10 , [], [], [], [],
 []


Overfull \hbox (24.49203pt too wide) in paragraph at lines 6892--6893
[]\T1/phv/m/n/10 , [], [], [], [], [],
 []


Underfull \hbox (badness 1199) in paragraph at lines 6892--6893
[]\T1/phv/m/n/10 , [], [], [], [],
 []

[111]
File: squirrel3__squirrel__sqapiByOpenAI_8cpp_a1120339f46d18eddf68f7a7323937ddb
_icgraph.pdf Graphic file (type pdf)
<squirrel3__squirrel__sqapiByOpenAI_8cpp_a1120339f46d18eddf68f7a7323937ddb_icgr
aph.pdf>
LaTeX Font Info:    Kanji font shape `JY1/gt/m/it' undefined
(Font)              No change on input line 6906.
 [112]
LaTeX Font Info:    Kanji font shape `JY1/gt/m/it' undefined
(Font)              No change on input line 1.
LaTeX Font Info:    Kanji font shape `JY1/gt/m/it' undefined
(Font)              No change on input line 1.
LaTeX Font Info:    Kanji font shape `JY1/gt/m/it' undefined
(Font)              No change on input line 6941.
LaTeX Font Info:    Kanji font shape `JY1/gt/m/it' undefined
(Font)              No change on input line 6941.
LaTeX Font Info:    Kanji font shape `JY1/gt/m/it' undefined
(Font)              No change on input line 6941.
LaTeX Font Info:    Kanji font shape `JY1/gt/m/it' undefined
(Font)              No change on input line 1.
LaTeX Font Info:    Kanji font shape `JY1/gt/m/it' undefined
(Font)              No change on input line 3.
LaTeX Font Info:    Kanji font shape `JY1/gt/m/it' undefined
(Font)              No change on input line 5.


Package longtable Warning: Column widths have changed
(longtable)                in table 4.219 on input line 6957.

LaTeX Font Info:    Kanji font shape `JY1/gt/m/it' undefined
(Font)              No change on input line 6974.
LaTeX Font Info:    Kanji font shape `JY1/gt/m/it' undefined
(Font)              No change on input line 6974.
[113]
LaTeX Font Info:    Kanji font shape `JY1/gt/m/it' undefined
(Font)              No change on input line 1.
LaTeX Font Info:    Kanji font shape `JY1/gt/m/it' undefined
(Font)              No change on input line 3.
LaTeX Font Info:    Kanji font shape `JY1/gt/m/it' undefined
(Font)              No change on input line 1.
LaTeX Font Info:    Kanji font shape `JY1/gt/m/it' undefined
(Font)              No change on input line 3.
LaTeX Font Info:    Kanji font shape `JY1/gt/m/it' undefined
(Font)              No change on input line 7017.
LaTeX Font Info:    Kanji font shape `JY1/gt/m/it' undefined
(Font)              No change on input line 7017.
LaTeX Font Info:    Kanji font shape `JY1/gt/m/it' undefined
(Font)              No change on input line 1.
LaTeX Font Info:    Kanji font shape `JY1/gt/m/it' undefined
(Font)              No change on input line 3.
LaTeX Font Info:    Kanji font shape `JY1/gt/m/it' undefined
(Font)              No change on input line 1.
LaTeX Font Info:    Kanji font shape `JY1/gt/m/it' undefined
(Font)              No change on input line 3.
 [114]
LaTeX Font Info:    Kanji font shape `JY1/gt/m/it' undefined
(Font)              No change on input line 7061.
LaTeX Font Info:    Kanji font shape `JY1/gt/m/it' undefined
(Font)              No change on input line 7061.
LaTeX Font Info:    Kanji font shape `JY1/gt/m/it' undefined
(Font)              No change on input line 7061.
LaTeX Font Info:    Kanji font shape `JY1/gt/m/it' undefined
(Font)              No change on input line 7061.
LaTeX Font Info:    Kanji font shape `JY1/gt/m/it' undefined
(Font)              No change on input line 7061.
LaTeX Font Info:    Kanji font shape `JY1/gt/m/it' undefined
(Font)              No change on input line 1.
LaTeX Font Info:    Kanji font shape `JY1/gt/m/it' undefined
(Font)              No change on input line 3.
LaTeX Font Info:    Kanji font shape `JY1/gt/m/it' undefined
(Font)              No change on input line 5.
LaTeX Font Info:    Kanji font shape `JY1/gt/m/it' undefined
(Font)              No change on input line 7.
LaTeX Font Info:    Kanji font shape `JY1/gt/m/it' undefined
(Font)              No change on input line 9.
LaTeX Font Info:    Kanji font shape `JY1/gt/m/it' undefined
(Font)              No change on input line 1.
LaTeX Font Info:    Kanji font shape `JY1/gt/m/it' undefined
(Font)              No change on input line 3.


Package longtable Warning: Column widths have changed
(longtable)                in table 4.225 on input line 7088.

File: squirrel3__squirrel__sqapiByOpenAI_8cpp_af53cf2bbbe6b9c50d014142bb208a093
_cgraph.pdf Graphic file (type pdf)
<squirrel3__squirrel__sqapiByOpenAI_8cpp_af53cf2bbbe6b9c50d014142bb208a093_cgra
ph.pdf>
[115]
LaTeX Font Info:    Kanji font shape `JY1/gt/m/it' undefined
(Font)              No change on input line 7132.
LaTeX Font Info:    Kanji font shape `JY1/gt/m/it' undefined
(Font)              No change on input line 7132.
LaTeX Font Info:    Kanji font shape `JY1/gt/m/it' undefined
(Font)              No change on input line 1.
LaTeX Font Info:    Kanji font shape `JY1/gt/m/it' undefined
(Font)              No change on input line 3.
LaTeX Font Info:    Kanji font shape `JY1/gt/m/it' undefined
(Font)              No change on input line 7167.
LaTeX Font Info:    Kanji font shape `JY1/gt/m/it' undefined
(Font)              No change on input line 7167.
LaTeX Font Info:    Kanji font shape `JY1/gt/m/it' undefined
(Font)              No change on input line 7167.
LaTeX Font Info:    Kanji font shape `JY1/gt/m/it' undefined
(Font)              No change on input line 1.
LaTeX Font Info:    Kanji font shape `JY1/gt/m/it' undefined
(Font)              No change on input line 3.
LaTeX Font Info:    Kanji font shape `JY1/gt/m/it' undefined
(Font)              No change on input line 5.

Overfull \vbox (17.717pt too high) has occurred while \output is active []


[116]
LaTeX Font Info:    Kanji font shape `JY1/gt/m/it' undefined
(Font)              No change on input line 1.
LaTeX Font Info:    Kanji font shape `JY1/gt/m/it' undefined
(Font)              No change on input line 3.
File: squirrel3__squirrel__sqapiByOpenAI_8cpp_af99ae6b21dc59b0649fbf05cab04aa6d
_cgraph.pdf Graphic file (type pdf)
<squirrel3__squirrel__sqapiByOpenAI_8cpp_af99ae6b21dc59b0649fbf05cab04aa6d_cgra
ph.pdf>
) (./squirrel3__squirrel__sqapiByOpenAI_8cpp_source.tex [117] [118]
[119] [120] [121] [122] [123] [124] [125] [126] [127] [128] [129] [130]
[131] [132] [133] [134] [135]) [136]
No file refman.ind.

Package longtable Warning: Table widths have changed. Rerun LaTeX.

(./refman.aux)
 ***********
pLaTeX2e <2023-02-14>+1, based on
LaTeX2e <2023-11-01> patch level 1
L3 programming layer <2024-01-22>
 ***********


LaTeX Font Warning: Some font shapes were not available, defaults substituted.

Package rerunfilecheck Info: File `refman.out' has not changed.
(rerunfilecheck)             Checksum: 049905F6250E33B6BF18624D84F8AEA9;34774.
 ) 
Here is how much of TeX's memory you used:
 25527 strings out of 474880
 491088 string characters out of 5763304
 1944820 words of memory out of 5000000
 47246 multiletter control sequences out of 15000+600000
 604256 words of font info for 122 fonts, out of 8000000 for 9000
 929 hyphenation exceptions out of 8191
 120i,16n,118p,4580b,772s stack positions out of 10000i,1000n,20000p,200000b,200000s

Output written on refman.dvi (144 pages, 1076024 bytes).
